Time,State,Ticks,Speed,Target,SmartCruise,Volts,Amps,PowerInst,Throttle,Duty,RPM
1.02,COMP,0,0.0,16.4,0,50.06,0.0,0.0,0,0,0
2.02,COMP,0,0.0,16.4,0,50.1,0.0,0.0,0,0,0
3.03,COMP,0,0.0,16.41,0,50.15,0.0,0.0,0,0,0
4.04,COMP,0,0.0,16.42,0,50.04,0.0,0.0,0,0,0
5.06,COMP,0,0.0,16.43,0,50.06,0.0,0.0,0,0,0
6.07,COMP,0,0.0,16.44,0,50.08,0.0,0.0,0,0,0
7.1,COMP,167,20.35,16.44,1,49.88,0.63,31.58,100,59,426
8.13,COMP,1019,17.65,16.44,1,49.99,0.16,7.8,100,62,370
9.14,COMP,1779,16.42,16.44,1,50.1,0.21,10.32,100,57,344
10.14,COMP,2542,17.84,16.44,1,49.97,0.58,29.18,100,63,374
11.15,COMP,3297,18.03,16.44,1,49.97,1.33,66.56,100,63,378
12.17,COMP,4066,21.54,16.45,1,50.06,3.12,155.94,100,75,451
13.18,COMP,4832,17.28,16.45,1,50.03,0.17,8.6,100,60,362
14.19,COMP,5593,17.93,16.45,1,50.03,1.79,89.34,100,64,376
15.2,COMP,6362,16.18,16.45,1,49.87,0.51,25.38,100,56,339
16.2,COMP,7132,17.65,16.45,1,50.04,0.43,21.62,100,62,370
17.21,COMP,7885,16.67,16.45,1,50.08,0.63,31.6,100,58,349
18.25,COMP,8648,18.13,16.45,1,49.99,0.28,14.0,100,63,380
19.25,COMP,9401,17.37,16.45,1,49.96,0.8,39.76,100,60,364
20.26,COMP,10169,17.93,16.45,1,49.73,5.99,297.76,100,79,376
21.26,COMP,10940,17.1,16.45,1,50.03,0.18,8.85,100,60,358
22.29,COMP,11698,16.42,16.45,1,49.9,0.6,30.04,100,58,344
23.3,COMP,12471,17.01,16.45,1,49.81,0.31,15.39,100,59,356
24.31,COMP,13226,16.59,16.45,1,50.01,0.5,24.95,100,56,347
25.31,COMP,14000,17.1,16.45,1,50.04,-0.01,-0.65,100,59,358
26.32,COMP,14766,17.37,16.46,1,49.57,2.02,100.33,100,61,364
27.33,COMP,15536,18.13,16.46,1,49.99,0.14,7.2,100,63,380
28.34,COMP,16310,17.19,16.46,1,49.96,0.19,9.24,100,60,360
29.34,COMP,17062,19.4,16.46,1,47.99,9.19,440.84,100,90,406
30.35,COMP,18032,16.67,16.46,1,49.99,0.28,13.75,100,58,349
31.37,COMP,18794,16.26,16.46,1,49.78,0.51,25.59,100,59,341
32.39,COMP,19576,17.93,16.46,1,49.96,0.5,24.98,100,63,376
33.4,COMP,20331,20.35,16.46,1,49.01,6.15,301.38,100,75,426
34.41,COMP,21099,17.28,16.46,1,49.96,0.35,17.58,100,60,362
35.41,COMP,21870,16.42,16.46,1,49.9,0.19,9.23,100,57,344
36.42,COMP,22652,16.5,16.46,1,49.9,0.95,47.31,100,58,346
37.42,COMP,23424,17.46,16.46,1,49.02,4.79,234.62,100,76,366
38.43,COMP,24172,17.28,16.46,1,49.74,1.78,88.49,100,64,362
39.44,COMP,24922,17.28,16.46,1,49.9,0.4,20.06,100,61,362
40.45,COMP,25670,18.43,16.46,1,49.55,2.41,119.37,100,66,386
41.45,COMP,26421,16.75,16.46,1,49.87,0.32,15.76,100,59,351
42.49,COMP,27169,19.29,16.47,1,49.62,2.03,100.83,100,65,404
43.49,COMP,27916,17.46,16.47,1,50.03,0.79,39.62,100,61,366
44.51,COMP,28664,17.46,16.47,1,49.87,0.43,21.64,100,61,366
45.51,COMP,29408,16.18,16.47,1,49.71,0.96,47.72,100,60,339
46.52,COMP,30154,16.5,16.47,1,49.83,0.61,30.4,100,58,346
47.53,COMP,30905,17.01,16.47,1,49.99,0.37,18.6,100,59,356
48.53,COMP,31653,19.98,16.47,1,49.78,1.65,82.28,100,69,419
49.54,COMP,32398,17.74,16.47,1,49.96,0.66,32.87,100,61,372
50.55,COMP,33147,17.74,16.47,1,50.25,-0.7,-35.28,100,61,372
51.56,COMP,33888,17.1,16.47,1,49.64,2.58,128.07,100,67,358
52.56,COMP,34629,17.28,16.47,1,49.9,0.43,21.36,100,60,362
53.57,COMP,35367,16.1,16.47,1,49.76,1.0,49.96,100,60,337
54.58,COMP,36111,17.37,16.48,1,50.17,-0.68,-34.16,100,59,364
55.58,COMP,36848,16.42,16.48,1,49.99,1.11,55.44,100,61,344
56.58,COMP,37587,16.18,16.48,1,49.83,0.84,41.86,100,59,339
57.59,COMP,38329,16.59,16.48,1,49.62,1.76,87.18,100,64,347
58.6,COMP,39069,16.42,16.48,1,49.96,0.46,22.73,100,57,344
59.61,COMP,39811,16.42,16.48,1,49.74,0.84,41.83,100,60,344
60.62,COMP,40553,16.5,16.48,1,49.99,0.43,21.6,100,58,346
61.63,COMP,41292,16.42,16.48,1,49.71,0.89,44.04,100,60,344
62.63,COMP,42036,17.01,16.48,1,49.92,0.47,23.41,100,59,356
63.63,COMP,42775,17.55,16.48,1,49.81,1.07,53.05,100,61,368
64.64,COMP,43517,17.65,16.49,1,49.97,0.31,15.34,100,62,370
65.65,COMP,44255,16.26,16.49,1,49.69,1.51,75.03,100,63,341
66.66,COMP,45008,17.55,16.49,1,50.03,-0.03,-1.3,100,61,368
67.67,COMP,45755,17.93,16.49,1,49.45,3.39,167.42,100,68,376
68.67,COMP,46502,16.67,16.49,1,49.99,0.18,9.1,100,58,349
69.68,COMP,47253,17.1,16.49,1,49.85,0.56,27.87,100,59,358
70.68,COMP,48000,17.28,16.49,1,49.81,0.65,32.23,100,60,362
71.7,COMP,48724,16.67,16.49,1,49.9,0.84,41.92,100,59,349
72.71,COMP,49453,16.67,16.49,1,49.83,0.88,43.75,100,60,349
73.74,COMP,50186,16.75,16.49,1,49.78,0.84,41.86,100,60,351
74.77,COMP,50919,16.76,16.49,1,49.88,0.85,42.15,100,60,351
75.8,COMP,51652,16.84,16.5,1,49.83,0.82,40.61,100,60,353
76.8,COMP,52390,16.84,16.5,1,49.85,0.82,41.03,100,60,353
77.83,COMP,53128,16.84,16.5,1,49.88,0.83,41.55,100,60,353
78.86,COMP,53866,16.84,16.5,1,49.92,0.82,40.68,100,60,353
79.89,COMP,54604,16.92,16.5,1,49.87,0.82,40.89,100,60,355
80.91,COMP,55342,16.84,16.5,1,49.8,0.84,41.58,100,60,353
81.92,COMP,56081,16.92,16.5,1,49.78,0.83,41.12,100,60,355
82.93,COMP,56819,16.92,16.5,1,49.81,0.86,42.89,100,60,355
83.96,COMP,57742,16.92,16.5,1,49.83,0.84,42.06,100,60,355
84.96,COMP,58460,16.1,16.5,1,49.81,0.9,45.08,100,57,337
85.99,COMP,59173,16.5,16.51,1,49.83,1.04,51.73,100,59,346
87.03,COMP,59900,16.76,16.51,1,49.76,0.91,45.18,100,60,351
88.03,COMP,60635,16.93,16.51,1,49.88,0.81,40.31,100,60,355
89.04,COMP,61361,16.18,16.51,1,49.99,0.68,34.09,100,58,339
90.04,COMP,62071,16.5,16.51,1,49.69,1.02,50.73,100,59,346
91.07,COMP,62803,16.92,16.51,1,49.83,1.0,49.58,100,60,355
92.09,COMP,63523,16.26,16.51,1,49.87,0.43,21.54,100,57,341
93.11,COMP,64244,16.42,16.51,1,49.88,0.84,42.1,100,59,344
94.13,COMP,64963,16.5,16.52,1,49.9,0.91,45.21,100,59,346
95.15,COMP,65681,16.42,16.52,1,49.87,0.78,38.7,100,59,344
96.17,COMP,66401,16.5,16.52,1,49.81,0.82,41.0,100,59,346
97.2,COMP,67120,16.5,16.52,1,49.8,0.84,41.73,100,59,346
98.22,COMP,67839,16.42,16.52,1,49.74,0.85,42.33,100,59,344
99.24,COMP,68558,16.42,16.52,1,49.81,0.9,44.58,100,59,344
100.25,COMP,69277,16.42,16.52,1,49.88,0.85,42.25,100,59,344
101.25,COMP,69996,16.5,16.52,1,49.85,0.83,41.32,100,59,346
102.28,COMP,70715,16.5,16.53,1,49.92,0.78,39.04,100,59,346
103.3,COMP,71434,16.42,16.53,1,49.9,0.79,39.32,100,59,344
104.3,COMP,72153,16.5,16.53,1,49.85,0.86,42.97,100,59,346
105.3,COMP,72872,16.42,16.53,1,49.78,0.83,41.52,100,59,344
106.31,COMP,73592,16.5,16.53,1,49.74,0.8,39.75,100,59,346
107.31,COMP,74311,16.42,16.53,1,49.74,0.85,42.33,100,59,344
108.31,COMP,75030,16.42,16.53,1,49.96,0.8,39.76,100,59,344
109.34,COMP,75749,16.5,16.53,1,49.83,0.84,42.06,100,59,346
110.37,COMP,76468,16.5,16.54,1,49.78,0.85,42.41,100,59,346
111.4,COMP,77367,16.5,16.54,1,49.96,0.79,39.51,100,59,346
112.4,COMP,78086,16.42,16.54,1,49.88,0.86,42.85,100,59,344
113.43,COMP,78805,16.42,16.54,1,49.87,0.85,42.49,100,59,344
114.43,COMP,79524,16.5,16.54,1,49.8,0.82,40.93,100,59,346
115.46,COMP,80243,16.5,16.54,1,49.74,0.79,39.3,100,59,346
116.47,COMP,80963,16.42,16.54,1,50.01,0.81,40.61,100,59,344
117.47,COMP,81682,16.5,16.54,1,49.8,0.88,43.77,100,59,346
118.47,COMP,82401,16.42,16.54,1,49.78,0.86,42.86,100,59,344
119.47,COMP,83120,16.42,16.54,1,49.83,0.84,41.76,100,59,344
120.48,COMP,83839,16.42,16.55,1,49.8,0.86,42.93,100,59,344
121.48,COMP,84559,16.42,16.55,1,49.81,0.88,43.64,100,59,344
122.49,COMP,85278,16.42,16.55,1,49.67,0.79,39.44,100,59,344
123.51,COMP,85996,16.5,16.55,1,49.74,0.85,42.33,100,59,346
124.51,COMP,86715,16.5,16.55,1,50.11,0.87,43.65,100,59,346
125.52,COMP,87434,16.5,16.55,1,49.81,0.78,38.95,100,59,346
126.52,COMP,88153,16.5,16.55,1,49.69,0.88,43.88,100,59,346
127.52,COMP,88871,16.42,16.55,1,49.96,0.81,40.31,100,59,344
128.52,COMP,89590,16.5,16.56,1,49.88,0.83,41.16,100,59,346
129.53,COMP,90309,16.42,16.56,1,49.88,0.81,40.31,100,59,344
130.54,COMP,91028,16.5,16.56,1,49.9,0.8,40.02,100,59,346
131.55,COMP,91747,16.42,16.56,1,49.87,0.88,43.93,100,59,344
132.57,COMP,92466,16.5,16.56,1,49.76,0.85,42.05,100,59,346
133.58,COMP,93185,16.5,16.56,1,49.87,0.81,40.19,100,59,346
134.6,COMP,93904,16.5,16.56,1,49.76,0.82,40.85,100,59,346
135.6,COMP,94623,16.42,16.56,1,49.8,0.81,40.53,100,59,344
136.6,COMP,95342,16.42,16.57,1,49.76,0.88,43.79,100,59,344
137.61,COMP,96061,16.5,16.57,1,49.67,0.85,42.37,100,59,346
138.61,COMP,96779,16.5,16.57,1,49.76,0.77,38.07,100,59,346
139.64,COMP,97498,16.5,16.57,1,49.87,0.77,38.45,100,59,346
140.65,COMP,98243,18.03,16.57,1,49.57,3.35,165.9,100,71,378
141.68,COMP,98999,16.92,16.57,1,49.92,0.21,10.43,100,59,355
142.69,COMP,99753,16.18,16.57,1,49.55,1.44,71.2,100,63,339
143.71,COMP,100506,16.42,16.57,1,49.85,0.27,13.26,100,58,344
144.72,COMP,101260,16.42,16.57,1,49.96,0.42,21.08,100,57,344
145.73,COMP,102010,17.74,16.58,1,49.81,0.81,40.15,100,62,372
146.74,COMP,102764,17.55,16.58,1,49.85,0.16,7.93,100,61,368
147.75,COMP,103511,17.74,16.58,1,49.11,4.1,201.45,100,75,372
148.76,COMP,104264,17.65,16.58,1,49.81,1.83,91.31,100,65,370
149.77,COMP,105019,17.55,16.58,1,50.1,-1.12,-56.31,100,60,368
150.78,COMP,105775,16.84,16.58,1,49.94,1.02,50.94,100,59,353
151.79,COMP,106531,17.19,16.58,1,49.87,-0.02,-0.85,100,61,360
152.8,COMP,107286,16.34,16.58,1,49.45,1.51,74.56,100,63,342
153.82,COMP,108041,17.28,16.58,1,49.97,-0.0,-0.1,100,60,362
154.83,COMP,108787,17.1,16.58,1,49.13,4.78,235.03,100,76,358
155.83,COMP,109539,17.19,16.58,1,49.9,0.62,30.99,100,59,360
156.86,COMP,110310,17.19,16.59,1,49.81,0.44,21.77,100,60,360
157.87,COMP,111075,16.76,16.59,1,49.99,0.2,10.0,100,58,351
158.88,COMP,111838,17.93,16.59,1,49.97,0.42,20.74,100,62,376
159.89,COMP,112607,17.1,16.59,1,49.97,0.18,9.2,100,60,358
160.9,COMP,113367,20.86,16.59,1,49.5,3.94,195.02,100,75,437
161.91,COMP,114131,16.92,16.59,1,49.92,0.21,10.68,100,59,355
162.92,COMP,114891,20.35,16.59,1,49.41,2.89,142.75,100,71,426
163.94,COMP,115644,16.84,16.59,1,49.45,1.97,97.46,100,65,353
164.94,COMP,116419,18.33,16.59,1,49.9,0.45,22.41,100,64,384
165.95,COMP,117200,17.28,16.59,1,49.85,0.25,12.56,100,61,362
166.96,COMP,117982,16.59,16.59,1,49.92,0.2,9.83,100,58,347
167.97,COMP,118761,18.43,16.59,1,49.92,0.45,22.51,100,65,386
168.98,COMP,119533,17.01,16.6,1,49.99,0.21,10.5,100,59,356
169.99,COMP,120305,18.33,16.6,1,50.04,-1.06,-53.15,100,62,384
170.99,COMP,121062,16.84,16.6,1,49.81,0.88,44.04,100,58,353
172.0,COMP,121820,16.42,16.6,1,47.92,4.91,235.12,100,80,344
173.02,COMP,122595,17.1,16.6,1,50.01,0.19,9.75,100,59,358
174.04,COMP,123363,17.37,16.6,1,49.96,0.31,15.59,100,61,364
175.05,COMP,124325,16.92,16.6,1,49.9,0.17,8.23,100,59,355
176.05,COMP,125095,17.55,16.6,1,49.83,0.47,23.57,100,61,368
177.06,COMP,125858,17.84,16.6,1,49.88,0.45,22.35,100,62,374
178.07,COMP,126624,19.4,16.6,1,49.87,0.97,48.27,100,66,406
179.08,COMP,127402,17.93,16.6,1,49.83,0.47,23.27,100,62,376
180.09,COMP,128171,18.03,16.6,1,49.64,3.89,192.94,100,64,378
181.1,COMP,128942,16.84,16.6,1,49.87,0.28,14.11,100,59,353
182.11,COMP,129715,18.33,16.6,1,49.96,0.64,31.72,100,64,384
183.12,COMP,130484,21.54,16.6,1,48.28,7.1,342.96,100,75,451
184.16,COMP,131252,16.5,16.61,1,49.76,0.58,28.76,100,60,346
185.17,COMP,132016,16.67,16.61,1,49.81,0.25,12.5,100,58,349
186.17,COMP,132791,17.37,16.61,1,49.9,0.19,9.43,100,61,364
187.18,COMP,133562,20.86,16.61,1,49.34,2.36,116.19,100,71,437
188.19,COMP,134329,17.1,16.61,1,49.87,0.17,8.48,100,60,358
189.21,COMP,135071,17.01,16.61,1,49.62,1.53,76.02,100,62,356
190.21,COMP,135792,16.75,16.61,1,49.64,1.08,53.66,100,60,351
191.22,COMP,136520,17.28,16.61,1,49.8,1.04,52.04,100,62,362
192.23,COMP,137243,16.42,16.61,1,49.83,0.78,39.07,100,59,344
193.23,COMP,137962,16.42,16.61,1,49.74,0.85,42.33,100,59,344
194.26,COMP,138681,16.42,16.62,1,49.76,0.84,41.95,100,59,344
195.29,COMP,139400,16.5,16.62,1,49.96,0.84,41.91,100,59,346
196.29,COMP,140119,16.42,16.62,1,49.69,0.85,42.24,100,59,344
197.29,COMP,140837,16.42,16.62,1,49.85,0.76,37.79,100,59,344
198.3,COMP,141556,16.5,16.62,1,49.83,0.85,42.21,100,59,346
199.3,COMP,142275,16.42,16.62,1,49.85,0.82,40.78,100,59,344
200.31,COMP,142994,16.5,16.62,1,49.8,0.83,41.43,100,59,346
201.32,COMP,143713,16.5,16.63,1,49.8,0.85,42.28,100,59,346
202.32,COMP,144432,16.42,16.63,1,49.88,0.78,39.01,100,59,344
203.32,COMP,145151,16.5,16.63,1,49.69,0.85,41.99,100,59,346
204.32,COMP,145869,16.5,16.63,1,49.83,0.82,40.61,100,59,346
205.33,COMP,146588,16.5,16.63,1,49.83,0.83,41.46,100,59,346
206.33,COMP,147307,16.42,16.63,1,49.87,0.81,40.54,100,59,344
207.34,COMP,148026,16.42,16.63,1,49.71,0.8,39.97,100,59,344
208.34,COMP,148745,16.42,16.63,1,49.8,0.84,41.63,100,59,344
209.36,COMP,149464,16.5,16.64,1,49.76,0.83,41.1,100,59,346
210.36,COMP,150182,16.5,16.64,1,49.81,0.79,39.45,100,59,346
211.37,COMP,150902,16.42,16.64,1,49.87,0.82,40.84,100,59,344
212.38,COMP,151621,16.42,16.64,1,49.81,0.85,42.34,100,59,344
213.39,COMP,152340,16.5,16.64,1,49.67,0.84,41.58,100,59,346
214.41,COMP,153059,16.5,16.64,1,49.78,0.81,40.52,100,59,346
215.41,COMP,153778,16.42,16.64,1,49.76,0.81,40.26,100,59,344
216.44,COMP,154496,16.42,16.65,1,49.83,0.77,38.47,100,59,344
217.44,COMP,155215,16.42,16.65,1,49.83,0.86,43.05,100,59,344
218.47,COMP,155934,16.42,16.65,1,49.73,0.85,42.47,100,59,344
219.5,COMP,156653,16.42,16.65,1,49.78,0.82,41.02,100,59,344
220.51,COMP,157508,17.74,16.65,0,49.9,0.0,0.0,0,0,372
221.51,COMP,158162,12.57,16.65,0,49.9,0.0,0.0,0,0,263
222.54,COMP,158603,7.96,16.66,0,49.92,0.0,0.0,0,0,166
223.56,COMP,158852,3.9,16.66,0,49.9,0.0,0.0,0,0,81
224.59,COMP,158930,0.79,16.67,0,49.88,0.0,0.0,0,0,16
225.61,COMP,158930,0.0,16.68,0,49.94,0.0,0.0,0,0,0
226.63,COMP,158930,0.0,16.69,0,49.9,0.0,0.0,0,0,0
227.65,COMP,158930,0.0,16.7,0,49.94,0.0,0.0,0,0,0
228.67,COMP,158930,0.0,16.71,0,49.92,0.0,0.0,0,0,0
229.69,COMP,158930,0.0,16.72,0,49.9,0.0,0.0,0,0,0
230.7,COMP,158930,0.0,16.72,0,49.99,0.0,0.0,0,0,0
231.72,COMP,158930,0.0,16.73,0,49.92,0.0,0.0,0,0,0
232.74,COMP,158930,0.0,16.74,0,49.92,0.0,0.0,0,0,0
233.76,COMP,158930,0.0,16.75,0,49.92,0.0,0.0,0,0,0
234.76,COMP,158930,0.0,16.76,0,49.92,0.0,0.0,0,0,0
235.78,COMP,158930,0.0,16.77,0,49.92,0.0,0.0,0,0,0
236.8,COMP,158930,0.0,16.78,0,49.96,0.0,0.0,0,0,0
237.81,COMP,158930,0.0,16.79,0,49.9,0.0,0.0,0,0,0
238.83,COMP,158930,0.0,16.8,0,50.01,0.0,0.0,0,0,0
239.84,COMP,158930,0.0,16.81,0,49.96,0.0,0.0,0,0,0
240.85,COMP,158930,0.0,16.82,0,49.96,0.0,0.0,0,0,0
241.86,COMP,158930,0.0,16.83,0,49.92,0.0,0.0,0,0,0
242.87,COMP,158930,0.0,16.83,0,49.96,0.0,0.0,0,0,0
243.88,COMP,158930,0.0,16.84,0,49.99,0.0,0.0,0,0,0
244.91,COMP,158930,0.0,16.85,0,49.96,0.0,0.0,0,0,0
245.91,COMP,158930,0.0,16.86,0,49.97,0.0,0.0,0,0,0
246.94,COMP,158930,0.0,16.87,0,49.97,0.0,0.0,0,0,0
247.96,COMP,158930,0.0,16.88,0,49.96,0.0,0.0,0,0,0
248.98,COMP,158930,0.0,16.89,0,49.96,0.0,0.0,0,0,0
250.0,COMP,158930,0.0,16.9,0,49.96,0.0,0.0,0,0,0
251.02,COMP,158930,0.0,16.91,0,49.97,0.0,0.0,0,0,0
252.04,COMP,158930,0.0,16.92,0,49.92,0.0,0.0,0,0,0
253.06,COMP,158930,0.0,16.93,0,49.99,0.0,0.0,0,0,0
254.08,COMP,158930,0.0,16.94,0,49.96,0.0,0.0,0,0,0
255.09,COMP,158930,0.0,16.95,0,49.97,0.0,0.0,0,0,0
256.11,COMP,158930,0.0,16.96,0,49.92,0.0,0.0,0,0,0
257.14,COMP,158930,0.0,16.96,0,49.97,0.0,0.0,0,0,0
258.14,COMP,158996,10.5,16.97,0,48.27,10.68,515.63,74,57,220
259.14,COMP,160122,27.41,16.97,0,50.15,1.34,67.35,88,100,575
260.14,COMP,161277,24.57,16.97,1,49.78,0.29,14.59,100,86,515
261.17,COMP,162220,18.85,16.97,1,49.88,0.24,11.82,100,66,395
262.18,COMP,162977,17.1,16.97,1,49.96,0.53,26.38,100,60,358
263.18,COMP,163728,17.28,16.97,1,49.87,0.86,42.69,100,62,362
264.19,COMP,164485,17.37,16.97,1,49.85,0.9,44.66,100,62,364
265.2,COMP,165247,17.37,16.97,1,49.78,0.86,42.76,100,62,364
266.2,COMP,166008,17.37,16.97,1,49.85,0.92,45.81,100,62,364
267.21,COMP,166770,17.37,16.97,1,50.13,0.87,43.61,100,62,364
268.22,COMP,167531,17.37,16.97,1,49.74,0.95,47.01,100,62,364
269.22,COMP,168292,17.46,16.98,1,49.87,0.9,44.83,100,62,366
270.22,COMP,169053,17.46,16.98,1,49.81,0.93,46.43,100,62,366
271.23,COMP,169815,17.37,16.98,1,49.76,0.87,43.14,100,62,364
272.23,COMP,170576,17.37,16.98,1,49.85,0.88,43.62,100,62,364
273.24,COMP,171338,17.46,16.98,1,49.96,0.87,43.21,100,62,366
274.25,COMP,172099,17.46,16.98,1,49.76,0.9,44.78,100,62,366
275.26,COMP,172860,17.46,16.98,1,49.76,0.89,44.34,100,62,366
276.27,COMP,173621,17.37,16.98,1,49.81,0.88,43.99,100,62,364
277.27,COMP,174382,17.37,16.98,1,49.83,0.88,43.65,100,62,364
278.28,COMP,175143,17.46,16.99,1,49.71,0.87,43.45,100,62,366
279.28,COMP,175905,17.46,16.99,1,49.69,0.86,42.68,100,62,366
280.31,COMP,176666,17.46,16.99,1,49.85,0.85,42.37,100,62,366
281.32,COMP,177427,17.46,16.99,1,49.87,0.83,41.34,100,62,366
282.33,COMP,178188,17.37,16.99,1,49.88,0.87,43.3,100,62,364
283.34,COMP,178949,17.37,16.99,1,49.87,0.81,40.54,100,62,364
284.35,COMP,179710,17.37,16.99,1,49.87,0.86,42.89,100,62,364
285.36,COMP,180472,17.46,16.99,1,49.69,0.84,41.89,100,62,366
286.37,COMP,181232,17.46,16.99,1,49.71,0.85,42.0,100,62,366
287.38,COMP,181994,17.46,17.0,1,49.97,0.82,41.03,100,62,366
288.39,COMP,182755,17.46,17.0,1,49.71,0.91,45.19,100,62,366
289.4,COMP,183516,17.46,17.0,1,49.76,0.84,41.75,100,62,366
290.4,COMP,184277,17.46,17.0,1,49.71,0.9,44.74,100,62,366
291.4,COMP,185038,17.46,17.0,1,49.71,0.85,42.45,100,62,366
292.4,COMP,185800,17.37,17.0,1,49.74,0.91,45.12,100,62,364
293.41,COMP,186561,17.37,17.0,1,49.67,0.85,42.37,100,62,364
294.41,COMP,187322,17.37,17.0,1,49.78,0.85,42.21,100,62,364
295.42,COMP,188083,17.37,17.0,1,49.73,0.87,43.46,100,62,364
296.45,COMP,188844,17.46,17.01,1,49.78,0.87,43.46,100,62,366
297.45,COMP,189605,17.28,17.01,1,49.74,0.92,45.71,100,62,362
298.45,COMP,190366,17.46,17.01,1,49.74,0.88,43.77,100,62,366
299.48,COMP,191127,17.37,17.01,1,49.59,0.92,45.77,100,62,364
300.49,COMP,191888,17.37,17.01,1,49.74,0.83,41.44,100,62,364
301.49,COMP,192650,17.37,17.01,1,49.97,0.91,45.58,100,62,364
302.49,COMP,193411,17.37,17.01,1,49.73,0.85,42.32,100,62,364
303.49,COMP,194173,17.46,17.01,1,49.71,0.94,46.48,100,62,366
304.5,COMP,194934,17.46,17.01,1,49.81,0.89,44.09,100,62,366
305.51,COMP,195695,17.46,17.02,1,49.83,0.93,46.14,100,62,366
306.54,COMP,196456,17.46,17.02,1,49.83,0.88,43.75,100,62,366
307.54,COMP,197217,17.37,17.02,1,49.78,0.85,42.11,100,62,364
308.54,COMP,197978,17.37,17.02,1,49.88,0.83,41.35,100,62,364
309.54,COMP,198739,17.46,17.02,1,49.81,0.9,44.83,100,62,366
310.54,COMP,199500,17.46,17.02,1,49.83,0.85,42.41,100,62,366
311.55,COMP,200261,17.37,17.02,1,49.76,0.89,44.19,100,62,364
312.55,COMP,201022,17.46,17.02,1,49.78,0.88,43.56,100,62,366
313.55,COMP,201783,17.37,17.02,1,49.6,0.89,43.9,100,62,364
314.56,COMP,202544,17.37,17.03,1,49.9,0.83,41.17,100,62,364
315.59,COMP,203305,17.37,17.03,1,49.73,0.89,44.11,100,62,364
316.59,COMP,204065,17.37,17.03,1,49.81,0.81,40.35,100,62,364
317.62,COMP,205016,17.37,17.03,1,49.74,0.81,40.39,100,62,364
318.65,COMP,205777,17.37,17.03,1,49.85,0.84,41.82,100,62,364
319.69,COMP,206538,17.46,17.03,1,49.83,0.84,41.86,100,62,366
320.69,COMP,207299,17.37,17.03,1,49.76,0.88,43.94,100,62,364
321.72,COMP,208060,17.37,17.03,1,49.78,0.84,41.86,100,62,364
322.72,COMP,208821,17.37,17.03,1,49.6,0.9,44.74,100,62,364
323.72,COMP,209582,17.37,17.04,1,49.78,0.82,40.72,100,62,364
324.73,COMP,210343,17.37,17.04,1,49.92,0.87,43.58,100,62,364
325.75,COMP,211103,17.37,17.04,1,49.69,0.81,40.1,100,62,364
326.75,COMP,211864,17.37,17.04,1,49.73,0.89,44.21,100,62,364
327.75,COMP,212626,17.46,17.04,1,49.71,0.82,40.86,100,62,366
328.78,COMP,213386,17.37,17.04,1,49.83,0.84,41.81,100,62,364
329.82,COMP,214147,17.37,17.04,1,49.78,0.84,41.81,100,62,364
330.82,COMP,214909,17.46,17.04,1,49.73,0.91,45.15,100,62,366
331.82,COMP,215670,17.37,17.05,1,49.74,0.84,41.93,100,62,364
332.83,COMP,216431,17.37,17.05,1,49.6,0.89,43.95,100,62,364
333.83,COMP,217191,17.37,17.05,1,49.71,0.85,42.15,100,62,364
334.84,COMP,217952,17.37,17.05,1,49.85,0.82,40.93,100,62,364
335.84,COMP,218713,17.37,17.05,1,49.74,0.85,42.08,100,62,364
336.87,COMP,219474,17.46,17.05,1,50.08,0.89,44.62,100,62,366
337.87,COMP,220234,17.46,17.05,1,49.78,0.86,42.86,100,62,366
338.9,COMP,220995,17.46,17.05,1,49.76,0.86,42.65,100,62,366
339.93,COMP,221756,17.37,17.05,1,49.81,0.87,43.24,100,62,364
340.93,COMP,222517,17.37,17.06,1,49.71,0.86,42.95,100,62,364
341.93,COMP,223277,17.28,17.06,1,49.74,0.88,43.53,100,62,362
342.94,COMP,224038,17.46,17.06,1,49.85,0.83,41.32,100,62,366
343.97,COMP,224799,17.37,17.06,1,49.69,0.91,45.07,100,62,364
344.97,COMP,225560,17.37,17.06,1,49.73,0.86,42.86,100,62,364
345.98,COMP,226321,17.46,17.06,1,49.69,0.89,43.98,100,62,366
347.0,COMP,227081,17.46,17.06,1,49.83,0.83,41.16,100,62,366
348.03,COMP,227842,17.46,17.06,1,49.78,0.95,47.49,100,62,366
349.06,COMP,228603,17.46,17.07,1,49.59,0.87,43.04,100,62,366
350.08,COMP,229554,17.46,17.07,1,49.81,0.84,41.89,100,62,366
351.09,COMP,230315,17.37,17.07,1,49.76,0.9,44.69,100,62,364
352.12,COMP,231076,17.37,17.07,1,49.71,0.85,42.15,100,62,364
353.12,COMP,231836,17.28,17.07,1,49.83,0.85,42.41,100,62,362
354.16,COMP,232597,17.46,17.07,1,49.76,0.86,42.65,100,62,366
355.17,COMP,233358,17.37,17.07,1,49.57,0.94,46.49,100,62,364
356.17,COMP,234119,17.37,17.07,1,49.69,0.86,42.68,100,62,364
357.17,COMP,234879,17.37,17.07,1,49.73,0.93,46.34,100,62,364
358.17,COMP,235640,17.37,17.08,1,49.76,0.85,42.45,100,62,364
359.17,COMP,236401,17.37,17.08,1,49.71,0.92,45.48,100,62,364
360.17,COMP,237161,17.37,17.08,1,49.81,0.83,41.4,100,62,364
361.17,COMP,237923,17.46,17.08,1,49.74,0.91,45.27,100,62,366
362.17,COMP,238683,17.37,17.08,1,49.78,0.87,43.46,100,62,364
363.17,COMP,239444,17.37,17.08,1,49.78,0.86,42.81,100,62,364
364.17,COMP,240205,17.46,17.08,1,49.71,0.88,43.69,100,62,366
365.21,COMP,240965,17.37,17.08,1,49.83,0.86,42.71,100,62,364
366.23,COMP,241726,17.46,17.09,1,49.74,0.9,44.57,100,62,366
367.22,COMP,242486,17.37,17.09,1,49.85,0.81,40.23,100,62,364
368.22,COMP,243247,17.46,17.09,1,49.73,0.85,42.32,100,62,366
369.26,COMP,244007,17.37,17.09,1,49.87,0.85,42.39,100,62,364
370.29,COMP,244768,17.46,17.09,1,49.74,0.84,41.78,100,62,366
371.29,COMP,245527,17.37,17.09,1,49.73,0.84,41.52,100,62,364
372.29,COMP,246288,17.37,17.09,1,49.78,0.83,41.47,100,62,364
373.3,COMP,247049,17.37,17.09,1,49.83,0.87,43.15,100,62,364
374.33,COMP,247809,17.46,17.1,1,49.74,0.84,41.74,100,62,366
375.33,COMP,248570,17.46,17.1,1,49.73,0.86,42.62,100,62,366
376.36,COMP,249330,17.37,17.1,1,49.74,0.81,40.49,100,62,364
377.36,COMP,250091,17.46,17.1,1,49.81,0.89,44.19,100,62,366
378.36,COMP,250852,17.37,17.1,1,49.76,0.84,41.8,100,62,364
379.36,COMP,251612,17.46,17.1,1,49.88,0.81,40.26,100,62,366
380.36,COMP,252373,17.37,17.1,1,49.74,0.82,40.89,100,62,364
381.39,COMP,253133,17.37,17.1,1,49.74,0.86,42.58,100,62,364
382.4,COMP,253894,17.46,17.11,1,49.8,0.85,42.13,100,62,366
383.41,COMP,254654,17.37,17.11,1,49.76,0.82,40.8,100,62,364
384.41,COMP,255415,17.46,17.11,1,49.78,0.81,40.12,100,62,366
385.41,COMP,256175,17.37,17.11,1,49.76,0.85,42.15,100,62,364
386.43,COMP,256936,17.37,17.11,1,49.74,0.85,42.18,100,62,364
387.43,COMP,257696,17.37,17.11,1,49.76,0.8,40.06,100,62,364
388.43,COMP,258457,17.28,17.11,1,49.76,0.84,41.65,100,62,362
389.43,COMP,259217,17.37,17.11,1,49.71,0.86,42.55,100,62,364
390.43,COMP,259978,17.37,17.12,1,49.78,0.88,43.95,100,62,364
391.43,COMP,260739,17.46,17.12,1,49.73,0.87,43.01,100,62,366
392.43,COMP,261500,17.37,17.12,1,49.76,0.87,43.44,100,62,364
393.43,COMP,262260,17.37,17.12,1,49.81,0.85,42.34,100,62,364
394.43,COMP,263021,17.37,17.12,1,49.73,0.89,44.46,100,62,364
395.44,COMP,263781,17.37,17.12,1,49.74,0.83,41.34,100,62,364
396.45,COMP,264542,17.37,17.12,1,49.71,0.89,44.04,100,62,364
397.49,COMP,265302,17.37,17.12,1,49.81,0.85,42.14,100,62,364
398.49,COMP,266063,17.37,17.13,1,49.83,0.9,45.1,100,62,364
399.49,COMP,266823,17.37,17.13,1,49.71,0.85,42.3,100,62,364
400.5,COMP,267583,17.37,17.13,1,49.69,0.91,45.07,100,62,364
401.5,COMP,268344,17.37,17.13,1,49.76,0.86,42.84,100,62,364
402.5,COMP,269105,17.37,17.13,1,49.6,0.92,45.78,100,62,364
403.5,COMP,269865,17.37,17.13,1,49.71,0.88,43.79,100,62,364
404.5,COMP,270626,17.37,17.13,1,49.67,0.86,42.72,100,62,364
405.5,COMP,271386,17.37,17.13,1,49.71,0.91,45.04,100,62,364
406.52,COMP,272146,17.37,17.14,1,49.8,0.84,41.88,100,62,364
407.55,COMP,272907,17.37,17.14,1,49.67,0.86,42.87,100,62,364
408.56,COMP,273667,17.37,17.14,1,49.74,0.89,44.02,100,62,364
409.55,COMP,274428,17.46,17.14,1,49.74,0.85,42.48,100,62,366
410.56,COMP,275188,17.46,17.14,1,49.78,0.9,44.8,100,62,366
411.56,COMP,275949,17.37,17.14,1,49.64,0.85,42.29,100,62,364
412.56,COMP,276709,17.46,17.14,1,49.8,0.87,43.47,100,62,366
413.56,COMP,277470,17.37,17.14,1,49.71,0.83,41.41,100,62,364
414.56,COMP,278230,17.37,17.15,1,49.83,0.89,44.55,100,62,364
415.58,COMP,278991,17.46,17.15,1,49.67,0.81,40.14,100,62,366
416.59,COMP,279751,17.37,17.15,1,49.76,0.85,42.5,100,62,364
417.61,COMP,280512,17.37,17.15,1,49.59,0.82,40.51,100,62,364
418.65,COMP,281272,17.37,17.15,1,49.76,0.89,44.04,100,62,364
419.67,COMP,282032,17.46,17.15,1,49.78,0.81,40.37,100,62,366
420.69,COMP,282794,17.37,17.15,1,49.71,0.85,42.45,100,62,364
421.73,COMP,283554,17.37,17.16,1,49.83,0.85,42.46,100,62,364
422.73,COMP,284315,17.37,17.16,1,49.85,0.89,44.47,100,62,364
423.73,COMP,285075,17.46,17.16,1,49.71,0.85,42.45,100,62,366
424.76,COMP,285836,17.37,17.16,1,49.71,0.85,42.35,100,62,364
425.77,COMP,286596,17.37,17.16,1,49.81,0.84,41.84,100,62,364
426.78,COMP,287356,17.37,17.16,1,49.8,0.86,42.78,100,62,364
427.78,COMP,288117,17.46,17.16,1,49.67,0.82,40.58,100,62,366
428.78,COMP,288877,17.46,17.17,1,49.81,0.86,42.69,100,62,366
429.79,COMP,289638,17.46,17.17,1,49.71,0.86,42.65,100,62,366
430.79,COMP,290398,17.37,17.17,1,49.83,0.86,42.91,100,62,364
431.82,COMP,291159,17.46,17.17,1,49.6,0.8,39.78,100,62,366
432.82,COMP,291919,17.37,17.17,1,49.81,0.84,41.69,100,62,364
433.82,COMP,292679,17.37,17.17,1,49.67,0.81,40.09,100,62,364
434.82,COMP,293440,17.37,17.17,1,49.8,0.87,43.42,100,62,364
435.82,COMP,294200,17.28,17.17,1,49.76,0.8,39.96,100,62,362
436.84,COMP,294961,17.37,17.18,1,49.81,0.85,42.09,100,62,364
437.84,COMP,295721,17.28,17.18,1,49.81,0.84,41.89,100,62,362
438.84,COMP,296482,17.46,17.18,1,49.69,0.86,42.59,100,62,366
439.85,COMP,297242,17.28,17.18,1,49.83,0.84,41.91,100,62,362
440.85,COMP,298003,17.46,17.18,1,49.71,0.84,41.85,100,62,366
441.85,COMP,298763,17.28,17.18,1,49.76,0.9,44.59,100,62,362
442.85,COMP,299524,17.37,17.18,1,49.67,0.87,43.37,100,62,364
443.86,COMP,300284,17.37,17.18,1,49.81,0.87,43.19,100,62,364
444.86,COMP,301045,17.37,17.19,1,49.73,0.84,41.77,100,62,364
445.87,COMP,301805,17.37,17.19,1,49.74,0.89,44.27,100,62,364
446.88,COMP,302565,17.37,17.19,1,49.64,0.88,43.43,100,62,364
447.88,COMP,303326,17.37,17.19,1,49.74,0.86,42.68,100,62,364
448.88,COMP,304086,17.37,17.19,1,49.8,0.83,41.08,100,62,364
449.89,COMP,304847,17.37,17.19,1,49.81,0.94,46.92,100,62,364
450.9,COMP,305608,17.46,17.19,1,49.69,0.88,43.83,100,62,366
451.9,COMP,306368,17.46,17.2,1,49.78,0.87,43.16,100,62,366
452.93,COMP,307129,17.37,17.2,1,49.71,0.88,43.89,100,62,364
453.93,COMP,307889,17.46,17.2,1,49.74,0.92,45.81,100,62,366
454.93,COMP,308649,17.37,17.2,1,49.67,0.9,44.66,100,62,364
455.94,COMP,309410,17.46,17.2,1,49.67,0.88,43.46,100,62,366
456.95,COMP,310170,17.37,17.2,1,49.78,0.84,41.86,100,62,364
457.98,COMP,310931,17.37,17.2,1,49.69,0.9,44.97,100,62,364
458.98,COMP,311691,17.46,17.21,1,49.74,0.88,43.58,100,62,366
459.98,COMP,312452,17.37,17.21,1,49.71,0.84,41.71,100,62,364
460.99,COMP,313212,17.37,17.21,1,49.74,0.87,43.13,100,62,364
462.02,COMP,313972,17.46,17.21,1,49.78,0.87,43.31,100,62,366
463.05,COMP,314733,17.37,17.21,1,49.64,0.85,41.94,100,62,364
464.05,COMP,315493,17.37,17.21,1,49.83,0.85,42.31,100,62,364
465.05,COMP,316254,17.46,17.21,1,49.71,0.83,41.26,100,62,366
466.06,COMP,317014,17.37,17.22,1,49.74,0.88,43.68,100,62,364
467.08,COMP,317774,17.37,17.22,1,49.78,0.78,38.98,100,62,364
468.11,COMP,318535,17.37,17.22,1,49.67,0.88,43.76,100,62,364
469.11,COMP,319295,17.46,17.22,1,49.71,0.84,41.51,100,62,366
470.14,COMP,320245,17.37,17.22,1,49.73,0.87,43.36,100,62,364
471.14,COMP,321005,17.37,17.22,1,49.71,0.84,41.56,100,62,364
472.18,COMP,321766,17.37,17.22,1,49.64,0.87,43.09,100,62,364
473.18,COMP,322526,17.46,17.22,1,49.69,0.86,42.93,100,62,366
474.21,COMP,323286,17.37,17.23,1,49.71,0.84,41.76,100,62,364
475.21,COMP,324046,17.37,17.23,1,49.8,0.84,41.63,100,62,364
476.22,COMP,324807,17.46,17.23,1,49.85,0.84,41.62,100,62,366
477.25,COMP,325567,17.46,17.23,1,49.73,0.85,42.02,100,62,366
478.25,COMP,326327,17.37,17.23,1,49.71,0.81,40.26,100,62,364
479.28,COMP,327088,17.37,17.23,1,49.67,0.92,45.55,100,62,364
480.28,COMP,327848,17.37,17.23,1,49.74,0.82,40.94,100,62,364
481.29,COMP,328609,17.28,17.24,1,49.74,0.87,43.43,100,62,362
482.29,COMP,329369,17.37,17.24,1,49.74,0.82,40.74,100,62,364
483.3,COMP,330130,17.37,17.24,1,49.64,0.88,43.78,100,62,364
484.31,COMP,330890,17.37,17.24,1,49.73,0.83,41.12,100,62,364
485.32,COMP,331650,17.46,17.24,1,49.78,0.86,42.96,100,62,366
486.32,COMP,332411,17.37,17.24,1,49.83,0.84,41.71,100,62,364
487.33,COMP,333171,17.37,17.24,1,49.6,0.88,43.5,100,62,364
488.34,COMP,333931,17.46,17.24,1,49.76,0.8,39.91,100,62,366
489.34,COMP,334691,17.46,17.25,1,49.76,0.87,43.04,100,62,366
490.37,COMP,335452,17.37,17.25,1,49.62,0.84,41.83,100,62,364
491.4,COMP,336212,17.37,17.25,1,49.69,0.85,42.29,100,62,364
492.43,COMP,336972,17.37,17.25,1,49.67,0.84,41.73,100,62,364
493.43,COMP,337732,17.37,17.25,1,49.71,0.92,45.58,100,62,364
494.46,COMP,338492,17.37,17.25,1,49.78,0.8,39.67,100,62,364
495.49,COMP,339252,17.37,17.26,1,49.78,0.85,42.46,100,62,364
496.49,COMP,340013,17.37,17.26,1,49.62,0.86,42.57,100,62,364
497.5,COMP,340773,17.37,17.26,1,49.59,0.88,43.69,100,62,364
498.5,COMP,341533,17.28,17.26,1,49.78,0.85,42.41,100,62,362
499.5,COMP,342293,17.37,17.26,1,49.62,0.83,41.19,100,62,364
500.5,COMP,343054,17.37,17.26,1,49.67,0.88,43.91,100,62,364
501.53,COMP,343814,17.46,17.26,1,49.78,0.85,42.06,100,62,366
502.57,COMP,344574,17.37,17.27,1,49.74,0.86,42.78,100,62,364
503.6,COMP,345524,17.37,17.27,1,49.78,0.78,38.98,100,62,364
504.61,COMP,346285,17.37,17.27,1,49.67,0.85,42.12,100,62,364
505.62,COMP,347045,17.46,17.27,1,49.69,0.83,41.39,100,62,366
506.62,COMP,347805,17.37,17.27,1,49.67,0.87,43.27,100,62,364
507.64,COMP,348565,17.37,17.27,1,49.76,0.81,40.16,100,62,364
508.67,COMP,349326,17.37,17.27,1,49.53,0.86,42.7,100,62,364
509.67,COMP,350086,17.37,17.27,1,49.67,0.89,44.21,100,62,364
510.71,COMP,350847,17.46,17.28,1,49.59,0.9,44.43,100,62,366
511.71,COMP,351607,17.37,17.28,1,49.74,0.83,41.39,100,62,364
512.71,COMP,352367,17.37,17.28,1,49.71,0.86,42.5,100,62,364
513.74,COMP,353128,17.37,17.28,1,49.64,0.87,43.09,100,62,364
514.77,COMP,353888,17.46,17.28,1,49.76,0.85,42.35,100,62,366
515.79,COMP,354648,17.37,17.28,1,49.74,0.87,43.18,100,62,364
516.8,COMP,355438,25.52,17.29,1,48.94,6.83,334.32,100,100,535
517.82,COMP,356625,27.19,17.28,0,49.69,1.29,64.3,98,100,570
518.85,COMP,357815,27.19,17.28,1,49.73,1.24,61.61,100,100,570
519.88,COMP,359005,27.19,17.27,1,49.67,1.25,61.99,100,100,570
520.91,COMP,360196,27.42,17.27,1,49.57,1.31,65.13,100,100,575
521.94,COMP,361386,27.19,17.27,0,49.99,1.28,63.94,90,100,570
522.97,COMP,362576,27.42,17.26,0,49.85,1.28,63.66,92,100,575
523.97,COMP,363765,27.19,17.26,0,49.62,1.29,64.01,92,100,570
524.99,COMP,365252,27.19,17.25,0,49.67,1.2,59.76,92,100,570
525.99,COMP,366442,27.19,17.25,0,49.71,1.29,64.27,92,100,570
527.02,COMP,367632,27.19,17.24,0,49.57,1.31,64.88,92,100,570
528.04,COMP,368822,27.42,17.24,0,49.62,1.25,62.03,92,100,575
529.07,COMP,370012,27.19,17.24,0,49.57,1.31,64.83,92,100,570
530.1,COMP,371201,27.19,17.23,0,49.71,1.21,60.25,91,100,570
531.13,COMP,372391,27.19,17.23,0,49.71,1.22,60.64,91,100,570
532.16,COMP,373581,27.42,17.23,0,49.59,1.29,64.16,91,100,575
533.18,COMP,374771,27.19,17.22,0,49.6,1.22,60.61,82,100,570
534.21,COMP,375960,27.19,17.22,0,49.69,1.27,63.11,77,100,570
535.21,COMP,377150,27.19,17.21,0,49.62,1.3,64.31,48,100,570
536.24,COMP,378300,24.21,17.21,0,49.81,0.0,0.0,32,37,507
537.27,COMP,379447,25.13,17.21,0,49.81,0.0,0.0,2,2,527
538.28,COMP,380517,26.54,17.2,0,49.27,2.31,113.91,12,96,556
539.31,COMP,382001,27.19,17.2,0,49.69,1.23,61.12,22,100,570
540.35,COMP,383191,27.19,17.19,0,49.59,1.25,61.93,40,100,570
541.38,COMP,384382,27.19,17.19,0,49.57,1.28,63.25,40,100,570
542.41,COMP,385571,27.19,17.19,0,49.67,1.26,62.79,74,100,570
543.44,COMP,386761,27.19,17.18,0,49.6,1.26,62.5,74,100,570
544.47,COMP,387950,27.19,17.18,0,49.73,1.23,61.26,65,100,570
545.5,COMP,389140,27.19,17.17,0,49.57,1.22,60.42,65,100,570
546.52,COMP,390329,27.19,17.17,0,49.73,1.23,61.06,66,100,570
547.55,COMP,391519,27.42,17.17,0,49.6,1.27,62.8,70,100,575
548.57,COMP,392686,25.13,17.16,1,49.85,0.22,10.82,100,88,527
549.57,COMP,393663,19.75,17.16,1,49.78,0.2,9.76,100,69,414
550.59,COMP,394438,17.55,17.16,1,49.69,1.2,59.68,100,64,368
551.6,COMP,395190,17.1,17.16,1,49.73,0.94,46.84,100,62,358
552.62,COMP,395943,16.42,17.17,1,49.6,0.65,32.14,100,58,344
553.63,COMP,396697,16.76,17.17,1,49.64,0.54,26.95,100,59,351
554.64,COMP,397446,17.1,17.17,1,49.71,0.9,44.99,100,61,358
555.64,COMP,398192,17.01,17.17,1,49.64,0.83,41.3,100,61,356
556.67,COMP,398937,17.1,17.17,1,49.64,0.81,40.06,100,61,358
557.68,COMP,399683,17.01,17.17,1,49.69,0.87,43.03,100,61,356
558.69,COMP,400615,17.1,17.17,1,49.67,0.88,43.86,100,61,358
559.72,COMP,401360,17.1,17.18,1,49.73,0.8,39.78,100,61,358
560.72,COMP,402106,17.01,17.18,1,49.71,0.83,41.16,100,61,356
561.72,COMP,402852,17.01,17.18,1,49.99,0.86,42.74,100,61,356
562.73,COMP,403597,17.1,17.18,1,49.71,0.82,40.51,100,61,358
563.74,COMP,404343,17.1,17.18,1,49.62,0.89,43.96,100,61,358
564.77,COMP,405089,17.01,17.18,1,49.66,0.84,41.51,100,61,356
565.78,COMP,405834,17.01,17.19,1,49.67,0.79,39.04,100,61,356
566.78,COMP,406580,17.01,17.19,1,49.76,0.83,41.05,100,61,356
567.79,COMP,407326,17.1,17.19,1,49.64,0.86,42.79,100,61,358
568.82,COMP,408071,17.1,17.19,1,49.67,0.86,42.72,100,61,358
569.82,COMP,408817,17.1,17.19,1,49.73,0.82,40.58,100,61,358
570.82,COMP,409564,17.01,17.19,1,49.85,0.84,41.87,100,61,356
571.83,COMP,410309,17.01,17.2,1,49.74,0.86,42.78,100,61,356
572.83,COMP,411055,17.1,17.2,1,49.69,0.82,40.6,100,61,358
573.84,COMP,411801,17.1,17.2,1,49.45,0.84,41.53,100,61,358
574.85,COMP,412546,17.01,17.2,1,49.74,0.81,40.44,100,61,356
575.86,COMP,413292,17.01,17.2,1,49.74,0.82,40.59,100,61,356
576.86,COMP,414038,17.01,17.2,1,49.69,0.85,42.24,100,61,356
577.87,COMP,414783,17.01,17.21,1,49.66,0.83,41.36,100,61,356
578.9,COMP,415529,17.1,17.21,1,49.74,0.87,43.08,100,61,358
579.91,COMP,416286,20.6,17.21,1,48.37,20.04,969.47,100,97,432
580.94,COMP,417463,27.19,17.21,1,49.57,1.32,65.23,100,100,570
581.97,COMP,418652,27.19,17.2,1,49.57,1.19,59.04,100,100,570
582.99,COMP,419842,27.42,17.2,1,49.74,1.27,62.98,100,100,575
584.02,COMP,420987,24.22,17.19,1,49.76,0.24,11.94,100,85,507
585.02,COMP,421918,18.74,17.19,1,49.81,0.23,11.56,100,65,393
586.02,COMP,422677,17.19,17.2,1,49.69,0.83,41.29,100,62,360
587.05,COMP,423432,17.28,17.2,1,49.67,0.86,42.72,100,62,362
588.05,COMP,424187,17.28,17.2,1,49.71,0.81,40.41,100,62,362
589.07,COMP,424942,17.28,17.2,1,49.74,0.88,43.63,100,62,362
590.09,COMP,425697,17.19,17.2,1,49.64,0.82,40.5,100,62,360
591.09,COMP,426452,17.28,17.2,1,49.78,0.84,41.71,100,62,362
592.12,COMP,427207,17.28,17.21,1,49.73,0.79,39.23,100,62,362
593.14,COMP,427962,17.19,17.21,1,49.76,0.86,42.65,100,62,360
594.17,COMP,428906,17.28,17.21,1,49.69,0.87,43.38,100,62,362
595.2,COMP,429661,17.28,17.21,1,49.6,0.81,40.08,100,62,362
596.23,COMP,430416,17.19,17.21,1,49.97,0.91,45.48,100,62,360
597.25,COMP,431171,17.28,17.21,1,49.67,0.86,42.72,100,62,362
598.28,COMP,431926,17.19,17.21,1,49.62,0.87,43.22,100,62,360
599.31,COMP,432681,17.28,17.22,1,49.52,0.87,42.88,100,62,362
600.33,COMP,433436,17.28,17.22,1,49.71,0.81,40.26,100,62,362
601.35,COMP,434192,17.28,17.22,1,49.62,0.84,41.58,100,62,362
602.36,COMP,434947,17.19,17.22,1,49.69,0.81,40.25,100,62,360
603.38,COMP,435702,17.37,17.22,1,49.66,0.89,44.04,100,62,364
604.4,COMP,436457,17.28,17.22,1,49.67,0.84,41.78,100,62,362
605.4,COMP,437212,17.28,17.23,1,49.64,0.88,43.73,100,62,362
606.43,COMP,437967,17.28,17.23,1,49.6,0.82,40.87,100,62,362
607.43,COMP,438722,17.37,17.23,1,49.73,0.83,41.27,100,62,364
608.46,COMP,439477,17.28,17.23,1,49.64,0.85,42.19,100,62,362
609.48,COMP,440232,17.28,17.23,1,49.66,0.89,44.09,100,62,362
610.51,COMP,440987,17.28,17.23,1,49.67,0.85,42.42,100,62,362
611.54,COMP,441931,17.28,17.23,1,49.62,0.86,42.87,100,62,362
612.56,COMP,442686,17.19,17.24,1,49.55,0.84,41.77,100,62,360
613.59,COMP,443441,17.28,17.24,1,49.74,0.88,43.87,100,62,362
614.62,COMP,444196,17.28,17.24,1,49.6,0.84,41.47,100,62,362
615.65,COMP,444951,17.28,17.24,1,49.46,0.81,40.16,100,62,362
616.67,COMP,445706,17.28,17.24,1,49.64,0.81,40.41,100,62,362
617.69,COMP,446461,17.28,17.24,1,49.57,0.87,42.93,100,62,362
618.72,COMP,447216,17.28,17.25,1,49.67,0.83,41.38,100,62,362
619.74,COMP,447971,17.19,17.25,1,49.62,0.85,42.38,100,62,360
620.74,COMP,448726,17.28,17.25,1,49.67,0.87,43.02,100,62,362
621.77,COMP,449481,17.28,17.25,1,49.53,0.88,43.59,100,62,362
622.77,COMP,450236,17.28,17.25,1,49.71,0.83,41.41,100,62,362
623.77,COMP,450991,17.28,17.25,1,49.69,0.89,44.18,100,62,362
624.77,COMP,451746,17.19,17.26,1,49.73,0.84,41.62,100,62,360
625.8,COMP,452501,17.28,17.26,1,49.71,0.9,44.94,100,62,362
626.83,COMP,453256,17.28,17.26,1,49.71,0.83,41.16,100,62,362
627.86,COMP,454011,17.19,17.26,1,49.59,0.89,43.98,100,62,360
628.89,COMP,454766,17.28,17.26,1,49.74,0.82,40.89,100,62,362
629.89,COMP,455521,17.28,17.27,1,49.69,0.82,40.95,100,62,362
630.92,COMP,456466,17.28,17.26,1,49.6,0.84,41.42,100,62,362
631.95,COMP,457220,17.19,17.27,1,49.57,0.84,41.74,100,62,360
632.95,COMP,457976,17.28,17.27,1,49.83,0.82,40.76,100,62,362
633.98,COMP,458731,17.37,17.27,1,49.59,0.84,41.55,100,62,364
635.0,COMP,459485,17.19,17.27,1,49.62,0.85,42.23,100,62,360
636.03,COMP,460241,17.28,17.27,1,49.6,0.87,42.91,100,62,362
637.06,COMP,460996,17.28,17.28,1,49.53,0.87,43.19,100,62,362
638.09,COMP,461750,17.28,17.28,1,49.5,0.85,42.27,100,62,362
639.12,COMP,462506,17.28,17.28,1,49.85,0.81,40.28,100,62,362
640.12,COMP,463261,17.19,17.28,1,49.6,0.87,43.3,100,62,360
641.15,COMP,464016,17.28,17.28,1,49.55,0.83,41.28,100,62,362
642.18,COMP,464771,17.28,17.28,1,49.74,0.86,42.58,100,62,362
643.21,COMP,465526,17.28,17.29,1,49.6,0.91,45.19,100,62,362
644.23,COMP,466280,17.28,17.29,1,49.53,0.8,39.43,100,62,362
645.23,COMP,467036,17.28,17.29,1,49.62,0.87,42.97,100,62,362
646.26,COMP,467791,17.37,17.29,1,49.74,0.79,39.45,100,62,364
647.26,COMP,468545,17.28,17.29,1,49.53,0.87,43.04,100,62,362
648.28,COMP,469489,17.28,17.29,1,49.69,0.83,41.09,100,62,362
649.29,COMP,470244,17.28,17.29,1,49.67,0.85,42.42,100,62,362
650.31,COMP,470999,17.28,17.3,1,49.73,0.87,43.26,100,62,362
651.34,COMP,471754,17.28,17.3,1,49.71,0.79,39.37,100,62,362
652.33,COMP,472509,17.19,17.3,1,49.6,0.9,44.49,100,62,360
653.37,COMP,473264,17.19,17.3,1,49.69,0.79,39.4,100,62,360
654.38,COMP,474019,17.19,17.3,1,49.6,0.84,41.86,100,62,360
655.41,COMP,474775,17.28,17.31,1,49.6,0.86,42.61,100,62,362
656.41,COMP,475529,17.28,17.31,1,49.53,0.84,41.41,100,62,362
657.43,COMP,476285,17.28,17.31,1,49.6,0.87,43.25,100,62,362
658.44,COMP,477040,17.19,17.31,1,49.6,0.84,41.72,100,62,360
659.44,COMP,477795,17.28,17.31,1,49.53,0.86,42.7,100,62,362
660.46,COMP,478550,17.28,17.31,1,49.67,0.8,39.94,100,62,362
661.46,COMP,479306,17.28,17.32,1,49.62,0.87,43.32,100,62,362
662.46,COMP,480061,17.28,17.32,1,49.62,0.82,40.69,100,62,362
663.46,COMP,480816,17.28,17.32,1,49.46,0.86,42.59,100,62,362
664.46,COMP,481571,17.28,17.32,1,49.62,0.84,41.63,100,62,362
665.49,COMP,482326,17.28,17.32,1,49.59,0.9,44.83,100,62,362
666.49,COMP,483081,17.28,17.32,1,49.78,0.85,42.16,100,62,362
667.49,COMP,483836,17.28,17.33,1,49.64,0.87,42.99,100,62,362
668.49,COMP,484591,17.19,17.33,1,49.62,0.86,42.43,100,62,360
669.49,COMP,485346,17.19,17.33,1,49.94,0.91,45.29,100,62,360
670.51,COMP,486101,17.28,17.33,1,49.62,0.8,39.9,100,62,362
671.51,COMP,486856,17.28,17.33,1,49.6,0.91,44.99,100,62,362
672.53,COMP,487611,17.28,17.34,1,49.57,0.85,42.13,100,62,362
673.57,COMP,488366,17.28,17.34,1,49.64,0.82,40.9,100,62,362
674.59,COMP,489121,17.28,17.34,1,49.59,0.85,42.0,100,62,362
675.6,COMP,489876,17.28,17.34,1,49.64,0.84,41.6,100,62,362
676.6,COMP,490631,17.28,17.34,1,49.59,0.89,44.08,100,62,362
677.63,COMP,491386,17.28,17.34,1,49.67,0.82,40.68,100,62,362
678.65,COMP,492141,17.28,17.35,1,49.53,0.89,44.08,100,62,362
679.65,COMP,492896,17.28,17.35,1,49.67,0.79,39.24,100,62,362
680.67,COMP,493651,17.28,17.35,1,49.67,0.85,42.37,100,62,362
681.69,COMP,494406,17.37,17.35,1,49.67,0.84,41.78,100,62,364
682.71,COMP,495161,17.28,17.35,1,49.67,0.84,41.78,100,62,362
683.71,COMP,495916,17.28,17.36,1,49.69,0.89,44.27,100,62,362
684.71,COMP,496671,17.28,17.36,1,49.57,0.89,43.92,100,62,362
685.71,COMP,497426,17.28,17.36,1,49.67,0.81,40.38,100,62,362
686.74,COMP,498181,17.28,17.36,1,49.69,0.88,43.73,100,62,362
687.74,COMP,498936,17.28,17.36,1,49.71,0.83,41.46,100,62,362
688.76,COMP,499691,17.19,17.36,1,49.67,0.88,43.71,100,62,360
689.76,COMP,500446,17.28,17.37,1,49.69,0.83,41.44,100,62,362
690.77,COMP,501201,17.28,17.37,1,49.64,0.84,41.5,100,62,362
691.8,COMP,501957,17.28,17.37,1,49.55,0.88,43.41,100,62,362
692.82,COMP,502900,17.28,17.37,1,49.64,0.85,42.29,100,62,362
693.86,COMP,503656,17.28,17.37,1,49.76,0.86,42.74,100,62,362
694.89,COMP,504411,17.28,17.37,1,49.5,0.8,39.7,100,62,362
695.89,COMP,505166,17.28,17.38,1,49.64,0.85,42.04,100,62,362
696.92,COMP,505921,17.28,17.38,1,49.6,0.87,43.2,100,62,362
697.93,COMP,506676,17.28,17.38,1,49.94,0.88,43.84,100,62,362
698.94,COMP,507431,17.28,17.38,1,49.59,0.9,44.78,100,62,362
699.95,COMP,508186,17.19,17.38,1,49.6,0.88,43.45,100,62,360
700.96,COMP,508941,17.28,17.38,1,49.48,0.89,43.99,100,62,362
701.97,COMP,509696,17.28,17.39,1,49.64,0.82,40.7,100,62,362
702.98,COMP,510451,17.28,17.39,1,49.66,0.85,42.16,100,62,362
703.99,COMP,511206,17.28,17.39,1,49.62,0.87,42.92,100,62,362
704.99,COMP,511961,17.28,17.39,1,49.78,0.85,42.16,100,62,362
706.0,COMP,512716,17.28,17.39,1,49.59,0.89,44.23,100,62,362
707.01,COMP,513471,17.28,17.4,1,49.55,0.82,40.48,100,62,362
708.04,COMP,514226,17.28,17.4,1,49.64,0.85,42.24,100,62,362
709.04,COMP,514981,17.19,17.4,1,49.62,0.84,41.48,100,62,360
710.05,COMP,515735,17.28,17.4,1,49.55,0.84,41.47,100,62,362
711.07,COMP,516491,17.28,17.4,1,49.6,0.83,41.07,100,62,362
712.07,COMP,517245,17.28,17.41,1,49.6,0.83,41.22,100,62,362
713.07,COMP,518000,17.28,17.41,1,49.67,0.81,40.09,100,62,362
714.08,COMP,518755,17.28,17.41,1,49.67,0.85,42.17,100,62,362
715.09,COMP,519510,17.28,17.41,1,49.71,0.84,41.66,100,62,362
716.09,COMP,520265,17.28,17.41,1,49.67,0.87,42.97,100,62,362
717.12,COMP,521020,17.28,17.41,1,49.73,0.83,41.42,100,62,362
718.13,COMP,521775,17.19,17.42,1,49.62,0.91,44.96,100,62,360
719.15,COMP,522530,17.28,17.42,1,49.71,0.8,39.72,100,62,362
720.16,COMP,523285,17.28,17.42,1,49.67,0.85,42.22,100,62,362
721.18,COMP,524041,17.28,17.42,1,49.67,0.84,41.48,100,62,362
722.18,COMP,524796,17.28,17.42,1,49.62,0.85,42.03,100,62,362
723.19,COMP,525551,17.28,17.43,1,49.62,0.88,43.47,100,62,362
724.19,COMP,526306,17.28,17.43,1,49.59,0.83,40.91,100,62,362
725.19,COMP,527060,17.28,17.43,1,49.71,0.81,40.26,100,62,362
726.19,COMP,527815,17.28,17.43,1,49.73,0.81,40.08,100,62,362
727.22,COMP,528570,17.19,17.43,1,49.67,0.86,42.87,100,62,360
728.22,COMP,529325,17.28,17.44,1,49.71,0.81,40.12,100,62,362
729.23,COMP,530080,17.28,17.44,1,49.62,0.88,43.47,100,62,362
730.23,COMP,530835,17.28,17.44,1,49.53,0.85,42.3,100,62,362
731.23,COMP,531590,17.37,17.44,1,49.81,0.87,43.19,100,62,364
732.23,COMP,532344,17.28,17.44,1,49.67,0.85,42.32,100,62,362
733.26,COMP,533099,17.19,17.45,1,49.71,0.89,44.29,100,62,360
734.27,COMP,533854,17.28,17.45,1,49.71,0.87,43.3,100,62,362
735.27,COMP,534609,17.19,17.45,1,49.53,0.9,44.63,100,62,360
736.26,COMP,535364,17.28,17.45,1,49.67,0.82,40.83,100,62,362
737.26,COMP,536118,17.28,17.45,1,49.64,0.83,41.25,100,62,362
738.3,COMP,536873,17.28,17.45,1,49.73,0.83,41.27,100,62,362
739.3,COMP,537628,17.28,17.46,1,49.69,0.85,42.09,100,62,362
740.32,COMP,538383,17.28,17.46,1,49.55,0.88,43.7,100,62,362
741.34,COMP,539138,17.19,17.46,1,49.62,0.79,39.05,100,62,360
742.37,COMP,539893,17.28,17.46,1,49.73,0.86,42.86,100,62,362
743.37,COMP,540647,17.19,17.46,1,49.67,0.78,38.94,100,62,360
744.37,COMP,541402,17.28,17.47,1,49.71,0.84,41.81,100,62,362
745.4,COMP,542157,17.28,17.47,1,49.62,0.82,40.89,100,62,362
746.43,COMP,543100,17.28,17.47,1,49.74,0.8,39.99,100,62,362
747.46,COMP,543855,17.28,17.47,1,49.57,0.91,45.01,100,62,362
748.5,COMP,544610,17.19,17.47,1,49.62,0.82,40.84,100,62,360
749.5,COMP,545364,17.28,17.47,1,49.62,0.83,41.33,100,62,362
750.51,COMP,546119,17.28,17.48,1,49.69,0.85,42.34,100,62,362
751.54,COMP,546876,17.28,17.48,1,49.59,0.85,41.9,100,62,362
752.55,COMP,547635,17.37,17.48,1,49.66,0.87,42.95,100,62,364
753.55,COMP,548395,17.37,17.48,1,49.6,0.84,41.67,100,62,364
754.56,COMP,549154,17.46,17.48,1,49.6,0.85,42.31,100,62,366
755.57,COMP,549914,17.28,17.49,1,49.67,0.82,40.68,100,62,362
756.58,COMP,550673,17.37,17.49,1,49.57,0.84,41.79,100,62,364
757.59,COMP,551433,17.37,17.49,1,49.57,0.86,42.43,100,62,364
758.6,COMP,552193,17.46,17.49,1,49.55,0.86,42.71,100,62,366
759.6,COMP,552952,17.37,17.49,1,49.74,0.86,42.78,100,62,364
760.6,COMP,553712,17.37,17.5,1,49.81,0.82,41.0,100,62,364
761.63,COMP,554471,17.28,17.5,1,49.67,0.83,41.43,100,62,362
762.64,COMP,555231,17.37,17.5,1,49.5,0.8,39.55,100,62,364
763.65,COMP,555990,17.37,17.5,1,49.67,0.89,44.16,100,62,364
764.65,COMP,556750,17.37,17.5,1,49.6,0.86,42.46,100,62,364
765.66,COMP,557509,17.28,17.51,1,49.67,0.88,43.81,100,62,362
766.68,COMP,558269,17.37,17.51,1,49.67,0.82,40.88,100,62,364
767.68,COMP,559028,17.37,17.51,1,49.67,0.83,41.43,100,62,364
768.68,COMP,559788,17.37,17.51,1,49.5,0.82,40.64,100,62,364
769.69,COMP,560547,17.28,17.51,1,49.6,0.91,44.94,100,62,362
770.7,COMP,561307,17.37,17.52,1,49.53,0.81,40.07,100,62,364
771.71,COMP,562066,17.28,17.52,1,49.69,0.89,44.27,100,62,362
772.72,COMP,562826,17.37,17.52,1,49.76,0.8,39.76,100,62,364
773.72,COMP,563585,17.37,17.52,1,49.66,0.89,44.34,100,62,364
774.73,COMP,564344,17.37,17.52,1,49.6,0.78,38.59,100,62,364
775.73,COMP,565104,17.37,17.53,1,49.64,0.92,45.77,100,62,364
776.73,COMP,565864,17.37,17.53,1,49.53,0.84,41.81,100,62,364
777.74,COMP,566623,17.37,17.53,1,49.6,0.9,44.59,100,62,364
778.74,COMP,567382,17.37,17.53,1,49.67,0.79,39.09,100,62,364
779.74,COMP,568142,17.28,17.53,1,49.62,0.9,44.46,100,62,362
780.75,COMP,568901,17.28,17.53,1,49.73,0.81,40.23,100,62,362
781.77,COMP,569662,17.37,17.54,1,49.55,0.94,46.33,100,62,364
782.77,COMP,570421,17.37,17.54,1,49.67,0.82,40.58,100,62,364
783.8,COMP,571181,17.37,17.54,1,49.71,0.9,44.89,100,62,364
784.8,COMP,571940,17.28,17.54,1,49.69,0.79,39.31,100,62,362
785.8,COMP,572699,17.28,17.55,1,49.62,0.9,44.46,100,62,362
786.81,COMP,573459,17.37,17.55,1,49.57,0.85,42.18,100,62,364
787.84,COMP,574218,17.37,17.55,1,49.64,0.88,43.53,100,62,364
788.85,COMP,574978,17.37,17.55,1,49.67,0.87,43.22,100,62,364
789.85,COMP,575737,17.37,17.55,1,49.62,0.86,42.48,100,62,364
790.86,COMP,576497,17.37,17.56,1,49.67,0.86,42.47,100,62,364
791.88,COMP,577256,17.37,17.56,1,49.71,0.85,42.4,100,62,364
792.88,COMP,578016,17.37,17.56,1,49.6,0.84,41.67,100,62,364
793.88,COMP,578775,17.37,17.56,1,49.62,0.9,44.66,100,62,364
794.89,COMP,579535,17.37,17.56,1,49.57,0.84,41.79,100,62,364
795.9,COMP,580294,17.37,17.57,1,49.66,0.88,43.85,100,62,364
796.9,COMP,581054,17.37,17.57,1,49.6,0.82,40.58,100,62,364
797.91,COMP,581813,17.37,17.57,1,49.69,0.88,43.68,100,62,364
798.91,COMP,582572,17.37,17.57,1,49.62,0.8,39.55,100,62,364
799.92,COMP,583332,17.37,17.57,1,49.6,0.9,44.79,100,62,364
800.92,COMP,584091,17.37,17.58,1,49.57,0.89,44.21,100,62,364
801.95,COMP,584851,17.37,17.58,1,49.59,0.88,43.54,100,62,364
802.96,COMP,585610,17.46,17.58,1,49.69,0.87,43.23,100,62,366
803.96,COMP,586369,17.37,17.58,1,49.6,0.85,42.26,100,62,364
804.97,COMP,587129,17.37,17.58,1,49.66,0.88,43.75,100,62,364
805.98,COMP,587888,17.37,17.59,1,49.71,0.83,41.41,100,62,364
806.98,COMP,588648,17.37,17.59,1,49.87,0.9,44.88,100,62,364
807.98,COMP,589407,17.37,17.59,1,49.6,0.88,43.85,100,62,364
808.98,COMP,590167,17.37,17.59,1,49.57,0.84,41.44,100,62,364
809.99,COMP,590926,17.37,17.59,1,49.64,0.9,44.82,100,62,364
810.99,COMP,591686,17.37,17.6,1,49.67,0.82,40.48,100,62,364
812.02,COMP,592446,17.37,17.6,1,49.59,0.87,43.04,100,62,364
813.05,COMP,593205,17.37,17.6,1,49.59,0.88,43.64,100,62,364
814.05,COMP,593965,17.37,17.6,1,49.69,0.86,42.83,100,62,364
815.05,COMP,594724,17.37,17.6,1,49.67,0.89,44.26,100,62,364
816.09,COMP,595483,17.37,17.61,1,49.64,0.85,42.19,100,62,364
817.12,COMP,596243,17.46,17.61,1,49.59,0.9,44.43,100,62,366
818.15,COMP,597002,17.37,17.61,1,49.67,0.83,41.03,100,62,364
819.18,COMP,597951,17.37,17.61,1,49.64,0.92,45.47,100,62,364
820.18,COMP,598711,17.28,17.61,1,49.59,0.84,41.45,100,62,362
821.18,COMP,599470,17.37,17.62,1,49.66,0.92,45.83,100,62,364
822.21,COMP,600230,17.37,17.62,1,49.59,0.81,40.12,100,62,364
823.25,COMP,600989,17.28,17.62,1,49.64,0.91,45.07,100,62,362
824.26,COMP,601748,17.46,17.62,1,49.69,0.79,39.45,100,62,366
825.26,COMP,602508,17.37,17.62,1,49.9,0.94,46.66,100,62,364
826.29,COMP,603267,17.28,17.63,1,49.62,0.83,41.38,100,62,362
827.3,COMP,604027,17.37,17.63,1,49.57,0.89,43.92,100,62,364
828.3,COMP,604786,17.28,17.63,1,49.6,0.87,42.91,100,62,362
829.29,COMP,605545,17.37,17.63,1,49.67,0.88,43.86,100,62,364
830.33,COMP,606305,17.37,17.64,1,49.46,0.86,42.39,100,62,364
831.33,COMP,607064,17.37,17.64,1,49.69,0.87,43.28,100,62,364
832.34,COMP,607823,17.37,17.64,1,49.64,0.84,41.65,100,62,364
833.37,COMP,608583,17.37,17.64,1,49.46,0.88,43.38,100,62,364
834.4,COMP,609342,17.37,17.64,1,49.69,0.84,41.84,100,62,364
835.4,COMP,610102,17.37,17.65,1,49.57,0.9,44.61,100,62,364
836.43,COMP,610861,17.37,17.65,1,49.64,0.86,42.54,100,62,364
837.46,COMP,611620,17.37,17.65,1,49.64,0.88,43.53,100,62,364
838.49,COMP,612380,17.37,17.65,1,49.66,0.84,41.51,100,62,364
839.52,COMP,613139,17.37,17.66,1,49.69,0.86,42.93,100,62,364
840.53,COMP,613901,17.55,17.66,1,49.55,0.86,42.51,100,62,368
841.54,COMP,614666,17.46,17.66,1,49.59,0.85,42.25,100,62,366
842.56,COMP,615430,17.55,17.66,1,49.64,0.87,43.28,100,62,368
843.56,COMP,616194,17.46,17.67,1,49.6,0.86,42.66,100,62,366
844.57,COMP,616958,17.55,17.67,1,49.67,0.8,39.74,100,62,368
845.59,COMP,617913,17.55,17.67,1,49.53,0.83,40.91,100,62,368
846.62,COMP,618677,17.46,17.67,1,49.64,0.87,43.14,100,62,366
847.66,COMP,619441,17.46,17.67,1,49.62,0.81,40.19,100,62,366
848.66,COMP,620205,17.46,17.67,1,49.48,0.88,43.74,100,62,366
849.67,COMP,620969,17.37,17.68,1,49.62,0.82,40.59,100,62,364
850.69,COMP,621733,17.46,17.68,1,49.64,0.87,43.33,100,62,366
851.7,COMP,622497,17.46,17.68,1,49.64,0.82,40.85,100,62,366
852.72,COMP,623261,17.46,17.68,1,49.64,0.87,43.33,100,62,366
853.73,COMP,624025,17.46,17.68,1,49.69,0.84,41.74,100,62,366
854.74,COMP,624789,17.46,17.69,1,49.64,0.83,41.35,100,62,366
855.74,COMP,625553,17.55,17.69,1,49.67,0.88,43.76,100,62,368
856.75,COMP,626317,17.46,17.69,1,49.67,0.8,39.99,100,62,366
857.75,COMP,627081,17.55,17.69,1,49.55,0.9,44.74,100,62,368
858.75,COMP,627845,17.46,17.7,1,49.57,0.83,41.14,100,62,366
859.75,COMP,628610,17.46,17.7,1,49.73,0.83,41.47,100,62,366
860.75,COMP,629374,17.55,17.7,1,49.55,0.83,40.93,100,62,368
861.75,COMP,630138,17.46,17.7,1,49.9,0.88,44.11,100,62,366
862.77,COMP,630902,17.46,17.7,1,49.6,0.82,40.62,100,62,366
863.8,COMP,631666,17.55,17.71,1,49.5,0.9,44.55,100,62,368
864.8,COMP,632430,17.46,17.71,1,49.55,0.82,40.83,100,62,366
865.8,COMP,633194,17.55,17.71,1,49.6,0.85,42.01,100,62,368
866.8,COMP,633958,17.46,17.71,1,49.53,0.88,43.64,100,62,366
867.84,COMP,634722,17.46,17.71,1,49.81,0.85,42.19,100,62,366
868.84,COMP,635486,17.46,17.72,1,49.59,0.87,42.99,100,62,366
869.84,COMP,636250,17.55,17.72,1,49.55,0.88,43.75,100,62,368
870.84,COMP,637015,17.46,17.72,1,49.55,0.88,43.7,100,62,366
871.84,COMP,637778,17.46,17.72,1,49.6,0.8,39.83,100,62,366
872.87,COMP,638542,17.55,17.73,1,49.6,0.84,41.72,100,62,368
873.9,COMP,639307,17.46,17.73,1,49.6,0.82,40.72,100,62,366
874.9,COMP,640070,17.46,17.73,1,49.64,0.82,40.45,100,62,366
875.9,COMP,640834,17.46,17.73,1,49.67,0.81,40.38,100,62,366
876.91,COMP,641598,17.55,17.73,1,49.6,0.86,42.71,100,62,368
877.94,COMP,642362,17.55,17.74,1,49.6,0.76,37.6,100,62,368
878.94,COMP,643126,17.46,17.74,1,49.67,0.86,42.47,100,62,366
879.94,COMP,643890,17.46,17.74,1,49.62,0.8,39.75,100,62,366
880.94,COMP,644654,17.46,17.74,1,49.69,0.81,40.05,100,62,366
881.94,COMP,645418,17.46,17.75,1,49.64,0.88,43.48,100,62,366
882.97,COMP,646182,17.46,17.75,1,49.64,0.83,41.3,100,62,366
884.0,COMP,646946,17.46,17.75,1,49.69,0.85,41.99,100,62,366
885.0,COMP,647710,17.46,17.75,1,49.66,0.86,42.51,100,62,366
886.0,COMP,648474,17.46,17.76,1,49.67,0.87,42.97,100,62,366
887.0,COMP,649238,17.46,17.76,1,49.67,0.8,39.74,100,62,366
888.03,COMP,650002,17.46,17.76,1,49.67,0.84,41.92,100,62,366
889.06,COMP,650766,17.46,17.76,1,49.64,0.82,40.5,100,62,366
890.06,COMP,651530,17.46,17.76,1,49.71,0.82,40.71,100,62,366
891.09,COMP,652294,17.46,17.77,1,49.64,0.84,41.55,100,62,366
892.1,COMP,653058,17.55,17.77,1,49.73,0.87,43.26,100,62,368
893.1,COMP,653822,17.46,17.77,1,49.64,0.8,39.86,100,62,366
894.13,COMP,654586,17.46,17.77,1,49.59,0.91,45.07,100,62,366
895.13,COMP,655350,17.46,17.78,1,49.57,0.89,44.12,100,62,366
896.17,COMP,656114,17.46,17.78,1,49.6,0.82,40.58,100,62,366
897.2,COMP,657069,17.55,17.78,1,49.46,0.84,41.75,100,62,368
898.23,COMP,657833,17.37,17.78,1,49.55,0.84,41.72,100,62,364
899.26,COMP,658597,17.46,17.78,1,49.59,0.83,41.16,100,62,366
900.27,COMP,659360,17.46,17.79,1,49.59,0.84,41.7,100,62,366
901.27,COMP,660125,17.46,17.79,1,49.66,0.82,40.52,100,62,366
902.28,COMP,660889,17.46,17.79,1,49.64,0.87,43.28,100,62,366
903.29,COMP,661653,17.46,17.79,1,49.57,0.83,41.14,100,62,366
904.32,COMP,662417,17.55,17.8,1,49.67,0.85,42.32,100,62,368
905.32,COMP,663181,17.55,17.8,1,49.69,0.83,41.09,100,62,368
906.32,COMP,663945,17.46,17.8,1,49.53,0.87,43.14,100,62,366
907.35,COMP,664709,17.55,17.8,1,49.6,0.82,40.58,100,62,368
908.35,COMP,665473,17.55,17.81,1,49.57,0.88,43.47,100,62,368
909.38,COMP,666237,17.55,17.81,1,49.43,0.82,40.48,100,62,368
910.39,COMP,667001,17.46,17.81,1,49.55,0.88,43.8,100,62,366
911.42,COMP,667765,17.55,17.81,1,49.53,0.86,42.45,100,62,368
912.42,COMP,668528,17.46,17.82,1,49.48,0.81,39.93,100,62,366
913.43,COMP,669293,17.37,17.82,1,49.5,0.88,43.71,100,62,364
914.46,COMP,670057,17.46,17.82,1,49.53,0.82,40.52,100,62,366
915.48,COMP,670820,17.46,17.82,1,49.6,0.85,41.91,100,62,366
916.5,COMP,671584,17.46,17.83,1,49.67,0.86,42.92,100,62,366
917.52,COMP,672348,17.46,17.83,1,49.69,0.84,41.84,100,62,366
918.54,COMP,673112,17.55,17.83,1,49.69,0.79,39.45,100,62,368
919.56,COMP,673876,17.46,17.83,1,49.67,0.85,42.37,100,62,366
920.57,COMP,674640,17.55,17.84,1,49.67,0.83,41.23,100,62,368
921.57,COMP,675404,17.46,17.84,1,49.64,0.85,42.04,100,62,366
922.57,COMP,676168,17.37,17.84,1,49.64,0.84,41.84,100,62,364
923.59,COMP,676932,17.46,17.84,1,49.6,0.91,44.94,100,62,366
924.59,COMP,677696,17.46,17.84,1,49.59,0.82,40.86,100,62,366
925.59,COMP,678460,17.46,17.85,1,49.55,0.88,43.75,100,62,366
926.62,COMP,679223,17.46,17.85,1,49.41,0.86,42.59,100,62,366
927.65,COMP,680178,17.46,17.85,1,49.67,0.82,40.88,100,62,366
928.65,COMP,680952,18.33,17.85,1,49.67,0.54,26.63,100,65,384
929.66,COMP,681735,18.74,17.85,1,49.48,1.08,53.59,100,67,393
930.67,COMP,682517,18.53,17.86,1,49.48,1.13,55.76,100,67,388
931.68,COMP,683299,17.65,17.86,1,49.67,0.78,38.85,100,63,370
932.68,COMP,684070,17.84,17.86,1,49.45,1.02,50.19,100,64,374
933.71,COMP,684862,18.33,17.86,1,49.55,0.85,42.02,100,66,384
934.71,COMP,685651,17.46,17.86,1,49.53,0.97,47.9,100,63,366
935.73,COMP,686434,18.13,17.87,1,49.6,0.92,45.73,100,65,380
936.72,COMP,687218,18.03,17.87,1,49.55,1.59,78.78,100,66,378
937.73,COMP,688004,17.93,17.87,1,49.6,0.99,49.21,100,64,376
938.77,COMP,688794,18.13,17.87,1,49.64,0.92,45.47,100,65,380
939.8,COMP,689593,18.23,17.88,1,49.6,0.73,36.41,100,65,382
940.8,COMP,690373,17.46,17.88,1,49.59,0.77,38.03,100,63,366
941.81,COMP,691147,17.93,17.88,1,49.5,0.99,48.9,100,64,376
942.82,COMP,691940,18.33,17.88,1,49.55,0.78,38.7,100,65,384
943.84,COMP,692723,17.55,17.88,1,49.64,0.78,38.72,100,63,368
944.85,COMP,693494,17.93,17.89,1,49.62,0.91,45.25,100,64,376
945.85,COMP,694287,18.03,17.89,1,49.57,0.63,31.03,100,64,378
946.86,COMP,695071,17.93,17.89,1,49.6,0.54,26.69,100,64,376
947.86,COMP,695861,18.03,17.89,1,49.69,0.69,34.34,100,64,378
948.86,COMP,696642,18.33,17.89,1,49.59,0.65,32.48,100,65,384
949.86,COMP,697433,18.23,17.9,1,49.62,0.78,38.61,100,65,382
950.86,COMP,698220,17.65,17.9,1,49.53,0.81,40.32,100,63,370
951.89,COMP,698988,17.74,17.9,1,49.62,0.98,48.53,100,64,372
952.89,COMP,699777,18.23,17.9,1,49.45,0.95,46.82,100,66,382
953.92,COMP,700563,18.23,17.91,1,49.46,1.05,52.08,100,66,382
954.94,COMP,701346,17.55,17.91,1,49.66,0.73,36.15,100,63,368
955.94,COMP,702128,17.55,17.91,1,49.66,0.64,31.93,100,62,368
956.94,COMP,702913,18.13,17.91,1,49.67,0.68,33.53,100,64,380
957.95,COMP,703695,18.23,17.91,1,49.53,0.94,46.61,100,65,382
958.96,COMP,704479,17.93,17.92,1,49.57,1.22,60.57,100,65,376
959.98,COMP,705267,18.03,17.92,1,49.55,0.88,43.5,100,64,378
960.99,COMP,706055,18.03,17.92,1,49.57,0.86,42.53,100,64,378
962.02,COMP,706843,18.03,17.92,1,49.59,0.91,45.22,100,64,378
963.03,COMP,707630,18.03,17.93,1,49.67,0.8,39.79,100,64,378
964.03,COMP,708418,18.03,17.93,1,49.5,0.85,41.97,100,64,378
965.04,COMP,709205,18.03,17.93,1,49.48,0.87,43.25,100,64,378
966.05,COMP,709992,17.93,17.93,1,49.57,0.85,42.23,100,64,376
967.07,COMP,710779,18.03,17.94,1,49.64,0.84,41.84,100,64,378
968.1,COMP,711567,17.93,17.94,1,49.43,0.86,42.36,100,64,376
969.13,COMP,712354,17.93,17.94,1,49.55,0.96,47.67,100,64,376
970.15,COMP,713141,17.93,17.94,1,49.64,0.83,41.0,100,64,376
971.18,COMP,714125,18.03,17.94,1,49.64,0.85,42.24,100,64,378
972.18,COMP,714912,18.03,17.94,1,49.64,0.86,42.79,100,64,378
973.21,COMP,715699,17.93,17.95,1,49.57,0.87,43.07,100,64,376
974.22,COMP,716487,17.93,17.95,1,49.43,0.91,45.03,100,64,376
975.25,COMP,717274,18.03,17.95,1,49.67,0.85,42.12,100,64,378
976.28,COMP,718061,18.03,17.95,1,49.66,0.87,43.3,100,64,378
977.31,COMP,718849,18.03,17.96,1,49.55,0.89,44.15,100,64,378
978.33,COMP,719636,18.03,17.96,1,49.57,0.83,41.14,100,64,378
979.36,COMP,720423,18.03,17.96,1,49.48,0.85,41.86,100,64,378
980.39,COMP,721210,17.93,17.96,1,49.59,0.89,44.33,100,64,376
981.42,COMP,721997,18.03,17.97,1,49.62,0.84,41.83,100,64,378
982.44,COMP,722784,18.03,17.97,1,49.66,0.88,43.45,100,64,378
983.44,COMP,723572,18.03,17.97,1,49.5,0.86,42.52,100,64,378
984.45,COMP,724359,17.93,17.97,1,49.41,0.89,44.17,100,64,376
985.48,COMP,725146,18.03,17.98,1,49.6,0.84,41.52,100,64,378
986.51,COMP,725933,18.03,17.98,1,49.64,0.88,43.63,100,64,378
987.54,COMP,726917,18.03,17.98,1,49.59,0.88,43.64,100,64,378
988.56,COMP,727704,17.93,17.98,1,49.6,0.92,45.59,100,64,376
989.59,COMP,728491,17.93,17.98,1,49.62,0.87,43.12,100,64,376
990.62,COMP,729278,18.03,17.99,1,49.55,0.83,41.13,100,64,378
991.62,COMP,730066,18.13,17.99,1,49.62,0.88,43.52,100,64,380
992.65,COMP,730854,18.03,17.99,1,49.45,0.9,44.45,100,64,378
993.65,COMP,731641,18.03,17.99,1,49.5,0.85,42.12,100,64,378
994.67,COMP,732428,18.03,17.99,1,49.59,0.86,42.74,100,64,378
995.7,COMP,733215,18.03,18.0,1,49.45,0.85,42.23,100,64,378
996.73,COMP,734002,18.03,18.0,1,49.59,0.87,43.14,100,64,378
997.76,COMP,734789,17.93,18.0,1,49.6,0.86,42.81,100,64,376
998.78,COMP,735576,17.93,18.0,1,49.62,0.9,44.41,100,64,376
999.81,COMP,736363,18.03,18.01,1,49.57,0.89,44.12,100,64,378
1000.82,COMP,737151,17.93,18.01,1,49.41,0.8,39.68,100,64,376
1001.83,COMP,737938,18.03,18.01,1,49.5,0.93,45.88,100,64,378
1002.84,COMP,738725,18.03,18.01,1,49.57,0.89,43.92,100,64,378
1003.84,COMP,739512,18.03,18.02,1,49.57,0.85,41.98,100,64,378
1004.86,COMP,740299,18.03,18.02,1,49.59,0.85,42.15,100,64,378
1005.89,COMP,741086,18.03,18.02,1,49.64,0.85,42.09,100,64,378
1006.92,COMP,742070,18.03,18.02,1,49.57,0.87,42.98,100,64,378
1007.96,COMP,742857,18.03,18.02,1,49.48,0.91,44.88,100,64,378
1008.99,COMP,743644,18.03,18.03,1,49.62,0.88,43.42,100,64,378
1010.01,COMP,744431,18.03,18.03,1,49.66,0.85,42.31,100,64,378
1011.02,COMP,745218,18.03,18.03,1,49.62,0.84,41.68,100,64,378
1012.05,COMP,746006,18.03,18.03,1,49.53,0.83,40.96,100,64,378
1013.08,COMP,746793,18.03,18.04,1,49.3,0.85,41.86,100,64,378
1014.09,COMP,747580,18.03,18.04,1,49.48,0.89,44.24,100,64,378
1015.11,COMP,748367,17.93,18.04,1,49.53,0.9,44.53,100,64,376
1016.12,COMP,749154,18.03,18.04,1,49.52,0.84,41.79,100,64,378
1017.12,COMP,749941,18.03,18.05,1,49.53,0.89,44.03,100,64,378
1018.13,COMP,750728,18.03,18.05,1,49.6,0.89,43.9,100,64,378
1019.14,COMP,751515,18.03,18.05,1,49.57,0.84,41.69,100,64,378
1020.17,COMP,752302,18.03,18.05,1,49.67,0.85,42.07,100,64,378
1021.2,COMP,753090,18.03,18.06,1,49.6,0.89,44.2,100,64,378
1022.21,COMP,753877,17.93,18.06,1,49.64,0.83,41.3,100,64,376
1023.21,COMP,754664,18.03,18.06,1,49.62,0.85,42.28,100,64,378
1024.21,COMP,755451,18.03,18.06,1,49.5,0.88,43.41,100,64,378
1025.24,COMP,756239,17.93,18.07,1,49.45,0.92,45.24,100,64,376
1026.24,COMP,757026,18.03,18.07,1,49.39,0.84,41.49,100,64,378
1027.26,COMP,757813,18.03,18.07,1,49.5,0.88,43.66,100,64,378
1028.26,COMP,758600,17.93,18.07,1,49.6,0.85,42.11,100,64,376
1029.26,COMP,759387,18.03,18.08,1,49.46,0.86,42.39,100,64,378
1030.27,COMP,760174,17.93,18.08,1,49.62,0.89,44.01,100,64,376
1031.27,COMP,760961,17.93,18.08,1,49.57,0.89,43.92,100,64,376
1032.27,COMP,761748,17.93,18.08,1,49.62,0.86,42.62,100,64,376
1033.28,COMP,762535,18.03,18.09,1,49.62,0.84,41.63,100,64,378
1034.28,COMP,763322,18.03,18.09,1,49.6,0.83,40.97,100,64,378
1035.29,COMP,764109,17.93,18.09,1,49.53,0.95,47.06,100,64,376
1036.3,COMP,764897,17.93,18.09,1,49.57,0.85,42.33,100,64,376
1037.31,COMP,765684,18.03,18.1,1,49.45,0.86,42.28,100,64,378
1038.31,COMP,766471,18.03,18.1,1,49.5,0.86,42.52,100,64,378
1039.32,COMP,767258,18.03,18.1,1,49.53,0.83,41.16,100,64,378
1040.33,COMP,768045,18.03,18.1,1,49.39,0.88,43.27,100,64,378
1041.33,COMP,768832,18.03,18.11,1,49.53,0.94,46.61,100,64,378
1042.34,COMP,769619,17.93,18.11,1,49.53,0.89,43.94,100,64,376
1043.35,COMP,770406,18.03,18.11,1,49.6,0.85,42.11,100,64,378
1044.36,COMP,771193,18.03,18.11,1,49.6,0.89,44.35,100,64,378
1045.38,COMP,771980,18.03,18.12,1,49.64,0.87,43.09,100,64,378
1046.39,COMP,772767,17.93,18.12,1,49.57,0.84,41.74,100,64,376
1047.39,COMP,773554,18.03,18.12,1,49.64,0.86,42.54,100,64,378
1048.4,COMP,774341,17.93,18.12,1,49.62,0.86,42.53,100,64,376
1049.43,COMP,775128,18.03,18.13,1,49.62,0.83,41.24,100,64,378
1050.45,COMP,776112,18.03,18.13,1,49.36,0.91,45.06,100,64,378
1051.47,COMP,776900,18.03,18.13,1,49.69,0.84,41.94,100,64,378
1052.5,COMP,777686,18.03,18.13,1,49.59,0.83,41.06,100,64,378
1053.5,COMP,778473,18.03,18.13,1,49.53,0.88,43.79,100,64,378
1054.52,COMP,779260,17.93,18.14,1,49.59,0.82,40.41,100,64,376
1055.54,COMP,780047,18.03,18.14,1,49.62,0.86,42.77,100,64,378
1056.55,COMP,780834,17.93,18.14,1,49.59,0.9,44.73,100,64,376
1057.57,COMP,781621,17.93,18.14,1,49.6,0.84,41.42,100,64,376
1058.58,COMP,782408,18.03,18.15,1,49.6,0.82,40.62,100,64,378
1059.58,COMP,783195,18.03,18.15,1,49.5,0.91,45.19,100,64,378
1060.59,COMP,783982,17.93,18.15,1,49.55,0.91,45.19,100,64,376
1061.61,COMP,784769,18.03,18.15,1,49.59,0.82,40.71,100,64,378
1062.63,COMP,785556,18.03,18.16,1,49.6,0.81,40.33,100,64,378
1063.63,COMP,786343,18.03,18.16,1,49.69,0.85,42.19,100,64,378
1064.64,COMP,787130,18.03,18.16,1,49.6,0.8,39.53,100,64,378
1065.64,COMP,787917,18.03,18.17,1,49.48,0.89,44.14,100,64,378
1066.66,COMP,788704,18.03,18.17,1,49.59,0.93,46.21,100,64,378
1067.66,COMP,789491,18.03,18.17,1,49.6,0.9,44.54,100,64,378
1068.67,COMP,790278,18.03,18.17,1,49.6,0.86,42.56,100,64,378
1069.7,COMP,791065,18.03,18.18,1,49.64,0.85,42.39,100,64,378
1070.7,COMP,791852,17.93,18.18,1,49.62,0.89,44.01,100,64,376
1071.7,COMP,792639,18.03,18.18,1,49.53,0.87,42.95,100,64,378
1072.7,COMP,793426,18.03,18.18,1,49.62,0.87,43.32,100,64,378
1073.7,COMP,794213,18.03,18.19,1,49.55,0.9,44.35,100,65,378
1074.71,COMP,795000,17.93,18.19,1,49.57,0.87,43.17,100,65,376
1075.74,COMP,795787,18.03,18.19,1,49.53,0.89,43.99,100,65,378
1076.74,COMP,796574,18.03,18.19,1,49.55,0.9,44.35,100,65,378
1077.74,COMP,797361,17.93,18.2,1,49.64,0.89,44.33,100,65,376
1078.75,COMP,798148,18.03,18.2,1,49.53,0.86,42.45,100,65,378
1079.75,COMP,798935,18.03,18.2,1,49.5,0.9,44.3,100,65,378
1080.76,COMP,799721,18.03,18.2,1,49.55,0.89,44.25,100,65,378
1081.76,COMP,800509,18.03,18.21,1,49.6,0.81,39.98,100,65,378
1082.76,COMP,801296,17.93,18.21,1,49.62,0.83,41.24,100,65,376
1083.77,COMP,802083,18.03,18.21,1,49.45,0.9,44.75,100,65,378
1084.77,COMP,802870,17.93,18.22,1,49.53,0.89,44.08,100,65,376
1085.78,COMP,803657,18.03,18.22,1,49.46,0.87,43.23,100,65,378
1086.78,COMP,804443,18.03,18.22,1,49.41,0.9,44.62,100,65,378
1087.78,COMP,805230,17.93,18.22,1,49.55,0.88,43.6,100,65,376
1088.78,COMP,806017,18.03,18.23,1,49.62,0.82,40.89,100,65,378
1089.78,COMP,806804,18.03,18.23,1,49.59,0.83,41.31,100,65,378
1090.79,COMP,807591,18.03,18.23,1,49.43,0.88,43.45,100,65,378
1091.79,COMP,808378,18.03,18.23,1,49.53,0.85,41.95,100,65,378
1092.79,COMP,809165,17.93,18.24,1,49.46,0.86,42.34,100,65,376
1093.81,COMP,809951,17.93,18.24,1,49.48,0.9,44.68,100,65,376
1094.81,COMP,810738,17.93,18.24,1,49.55,0.87,42.91,100,65,376
1095.82,COMP,811525,18.03,18.24,1,49.59,0.85,42.3,100,65,378
1096.83,COMP,812312,18.03,18.25,1,49.6,0.87,43.25,100,65,378
1097.83,COMP,813099,17.93,18.25,1,49.41,0.95,46.74,100,65,376
1098.84,COMP,813886,17.93,18.25,1,49.55,0.88,43.8,100,65,376
1099.84,COMP,814673,18.03,18.26,1,49.55,0.87,43.06,100,65,378
1100.86,COMP,815459,18.03,18.26,1,49.62,0.86,42.67,100,65,378
1101.86,COMP,816246,18.03,18.26,1,49.62,0.81,40.29,100,65,378
1102.89,COMP,817033,18.03,18.26,1,49.53,0.86,42.4,100,65,378
1103.92,COMP,817820,18.03,18.27,1,49.57,0.89,43.92,100,65,378
1104.92,COMP,818607,17.93,18.27,1,49.3,0.85,42.06,100,65,376
1105.95,COMP,819393,18.03,18.27,1,49.46,0.86,42.49,100,65,378
1106.96,COMP,820180,18.03,18.28,1,49.62,0.88,43.67,100,65,378
1107.96,COMP,820967,17.93,18.28,1,49.53,0.92,45.67,100,65,376
1108.96,COMP,821754,17.93,18.28,1,49.48,0.87,43.05,100,65,376
1109.96,COMP,822541,18.03,18.28,1,49.46,0.86,42.69,100,65,378
1110.97,COMP,823327,17.93,18.29,1,49.57,0.85,41.98,100,65,376
1111.97,COMP,824115,17.93,18.29,1,49.5,0.86,42.37,100,65,376
1112.98,COMP,824902,17.93,18.29,1,49.52,0.91,45.11,100,65,376
1113.98,COMP,825689,17.93,18.3,1,49.46,0.94,46.59,100,65,376
1114.99,COMP,826475,17.93,18.3,1,49.45,0.85,41.88,100,65,376
1116.02,COMP,827262,17.93,18.3,1,49.53,0.84,41.66,100,65,376
1117.02,COMP,828049,17.93,18.3,1,49.59,0.87,43.14,100,65,376
1118.02,COMP,828837,18.13,18.31,1,49.41,0.92,45.56,100,65,380
1119.02,COMP,829628,18.13,18.31,1,49.48,0.77,38.25,100,65,380
1120.03,COMP,830420,18.03,18.31,1,49.59,0.86,42.79,100,65,378
1121.03,COMP,831212,18.13,18.32,1,49.69,0.88,43.88,100,65,380
1122.05,COMP,832003,18.03,18.32,1,49.6,0.9,44.74,100,65,378
1123.05,COMP,832795,18.03,18.32,1,49.53,0.84,41.36,100,65,378
1124.05,COMP,833586,18.13,18.32,1,49.57,0.82,40.45,100,65,380
1125.06,COMP,834378,18.13,18.33,1,49.53,0.9,44.68,100,65,380
1126.08,COMP,835169,18.03,18.33,1,49.59,0.9,44.58,100,65,378
1127.09,COMP,835961,18.13,18.33,1,49.53,0.84,41.46,100,65,380
1128.09,COMP,836752,18.13,18.34,1,49.55,0.87,42.86,100,65,380
1129.1,COMP,837544,18.13,18.34,1,49.55,0.89,44.15,100,65,380
1130.11,COMP,838336,18.03,18.34,1,49.71,0.89,44.44,100,65,378
1131.12,COMP,839127,18.13,18.34,1,49.46,0.88,43.63,100,65,380
1132.12,COMP,839919,18.13,18.35,1,49.6,0.89,44.35,100,65,380
1133.12,COMP,840710,18.13,18.35,1,49.62,0.84,41.83,100,65,380
1134.13,COMP,841502,18.13,18.35,1,49.57,0.8,39.9,100,65,380
1135.13,COMP,842293,18.13,18.36,1,49.59,0.86,42.84,100,65,380
1136.13,COMP,843085,18.13,18.36,1,49.45,0.91,44.85,100,65,380
1137.16,COMP,843876,18.13,18.36,1,49.6,0.9,44.64,100,65,380
1138.19,COMP,844668,18.13,18.37,1,49.5,0.86,42.47,100,65,380
1139.2,COMP,845459,18.13,18.37,1,49.57,0.87,42.98,100,65,380
1140.2,COMP,846251,18.13,18.37,1,49.48,0.92,45.62,100,65,380
1141.21,COMP,847043,18.13,18.37,1,49.57,0.91,45.06,100,65,380
1142.21,COMP,847835,18.13,18.38,1,49.46,0.86,42.34,100,65,380
1143.21,COMP,848626,18.03,18.38,1,49.55,0.86,42.56,100,65,378
1144.22,COMP,849418,18.03,18.38,1,49.55,0.9,44.4,100,65,378
1145.23,COMP,850209,18.13,18.39,1,49.39,0.92,45.34,100,65,380
1146.23,COMP,851001,18.13,18.39,1,49.46,0.86,42.34,100,65,380
1147.24,COMP,851792,18.13,18.39,1,49.45,0.82,40.64,100,65,380
1148.24,COMP,852584,18.13,18.39,1,49.59,0.83,41.26,100,65,380
1149.24,COMP,853376,18.13,18.4,1,49.45,0.85,41.88,100,65,380
1150.24,COMP,854167,18.13,18.4,1,49.57,0.85,42.18,100,65,380
1151.25,COMP,854959,18.13,18.4,1,49.62,0.89,43.91,100,65,380
1152.26,COMP,855750,18.13,18.41,1,49.55,0.91,44.89,100,65,380
1153.26,COMP,856541,18.13,18.41,1,49.46,0.84,41.35,100,65,380
1154.27,COMP,857333,18.03,18.41,1,49.57,0.88,43.57,100,65,378
1155.28,COMP,858125,18.13,18.41,1,49.64,0.91,45.22,100,65,380
1156.31,COMP,858916,18.13,18.42,1,49.53,0.95,47.11,100,65,380
1157.31,COMP,859707,18.13,18.42,1,49.53,0.83,41.21,100,65,380
1158.31,COMP,860499,18.03,18.42,1,49.39,0.86,42.58,100,65,378
1159.32,COMP,861290,18.13,18.43,1,49.62,0.85,42.18,100,65,380
1160.32,COMP,862236,24.39,18.43,0,49.67,0.0,0.0,0,0,511
1161.33,COMP,863171,18.74,18.43,0,49.67,0.0,0.0,0,0,393
1162.34,COMP,863873,13.65,18.43,0,49.67,0.0,0.0,0,0,286
1163.34,COMP,864366,9.19,18.44,0,49.71,0.0,0.0,0,0,192
1164.36,COMP,864669,5.18,18.45,0,49.64,0.0,0.0,0,0,108
1165.38,COMP,864801,1.53,18.47,0,49.64,0.0,0.0,0,0,31
1166.39,COMP,864809,0.0,18.49,0,49.69,0.0,0.0,0,0,0
1167.41,COMP,864809,0.0,18.51,0,49.71,0.0,0.0,0,0,0
1168.44,COMP,864809,0.0,18.53,0,49.67,0.0,0.0,0,0,0
1169.45,COMP,864809,0.0,18.55,0,49.69,0.0,0.0,0,0,0
1170.46,COMP,864809,0.0,18.57,0,49.69,0.0,0.0,0,0,0
1171.48,COMP,864809,0.0,18.59,0,49.69,0.0,0.0,0,0,0
1172.49,COMP,864809,0.0,18.61,0,49.69,0.0,0.0,0,0,0
1173.51,COMP,864809,0.0,18.63,0,49.69,0.0,0.0,0,0,0
1174.52,COMP,864809,0.0,18.65,0,49.69,0.0,0.0,0,0,0
1175.52,COMP,864809,0.0,18.67,0,49.69,0.0,0.0,0,0,0
1176.52,COMP,864809,0.0,18.69,0,49.69,0.0,0.0,0,0,0
1177.54,COMP,864809,0.0,18.72,0,49.67,0.0,0.0,0,0,0
1178.56,COMP,864809,0.0,18.74,0,49.69,0.0,0.0,0,0,0
1179.58,COMP,864809,0.0,18.76,0,49.69,0.0,0.0,0,0,0
1180.59,COMP,864809,0.0,18.78,0,49.69,0.0,0.0,0,0,0
1181.59,COMP,864809,0.0,18.8,0,49.71,0.0,0.0,0,0,0
1182.62,COMP,864809,0.0,18.82,0,49.67,0.0,0.0,0,0,0
1183.64,COMP,864809,0.0,18.84,0,49.71,0.0,0.0,0,0,0
1184.65,COMP,864809,0.0,18.86,0,49.67,0.0,0.0,0,0,0
1185.68,COMP,864809,0.0,18.88,0,49.69,0.0,0.0,0,0,0
1186.69,COMP,864809,0.0,18.9,0,49.74,0.0,0.0,0,0,0
1187.71,COMP,864809,0.0,18.92,0,49.69,0.0,0.0,0,0,0
1188.72,COMP,865495,24.57,18.93,1,49.6,0.39,19.54,100,77,515
1189.72,COMP,866434,18.85,18.93,1,49.6,0.24,11.86,100,66,395
1190.73,COMP,867265,19.29,18.93,1,49.48,0.91,45.03,100,69,404
1191.74,COMP,868108,19.4,18.94,1,49.6,0.91,45.19,100,69,406
1192.75,COMP,868951,19.4,18.94,1,49.45,0.88,43.31,100,69,406
1193.75,COMP,869795,19.29,18.94,1,49.57,0.9,44.56,100,69,404
1194.75,COMP,870633,18.74,18.94,1,49.45,0.91,45.09,100,68,393
1195.76,COMP,871447,18.96,18.95,1,49.39,1.23,60.95,100,69,397
1196.79,COMP,872281,18.64,18.95,1,49.57,0.46,22.95,100,66,390
1197.79,COMP,873111,18.85,18.95,1,49.41,0.93,45.85,100,68,395
1198.82,COMP,873940,18.96,18.96,1,49.59,0.92,45.42,100,68,397
1199.82,COMP,874769,18.96,18.96,1,49.43,0.9,44.73,100,68,397
1200.84,COMP,875806,18.96,18.96,1,49.59,0.91,45.07,100,68,397
1201.85,COMP,876636,18.96,18.96,1,49.59,0.92,45.67,100,68,397
1202.86,COMP,877465,18.96,18.96,1,49.59,0.88,43.64,100,68,397
1203.89,COMP,878294,19.07,18.97,1,49.59,0.86,42.54,100,68,399
1204.9,COMP,879124,18.96,18.97,1,49.48,0.92,45.42,100,68,397
1205.9,COMP,879953,19.07,18.97,1,49.5,0.9,44.75,100,68,399
1206.94,COMP,880782,19.06,18.98,1,49.46,0.91,44.86,100,68,399
1207.95,COMP,881611,18.96,18.98,1,49.48,0.9,44.53,100,68,397
1208.97,COMP,882440,18.96,18.98,1,49.53,0.87,43.14,100,68,397
1210.0,COMP,883269,18.96,18.99,1,49.45,0.91,44.8,100,68,397
1211.02,COMP,884098,18.96,18.99,1,49.59,0.92,45.72,100,68,397
1212.05,COMP,884927,18.96,18.99,1,49.6,0.93,45.88,100,68,397
1213.05,COMP,885756,18.96,19.0,1,49.73,0.9,44.55,100,68,397
1214.08,COMP,886585,18.96,19.0,1,49.6,0.87,42.96,100,68,397
1215.09,COMP,887414,18.96,19.0,1,49.62,0.86,42.53,100,68,397
1216.12,COMP,888243,18.96,19.01,1,49.48,0.94,46.61,100,68,397
1217.14,COMP,889072,18.96,19.01,1,49.59,0.92,45.67,100,68,397
1218.17,COMP,889901,18.96,19.01,1,49.57,0.92,45.45,100,68,397
1219.2,COMP,890730,18.96,19.02,1,49.57,0.92,45.6,100,68,397
1220.23,COMP,891766,18.96,19.02,1,49.6,0.95,46.92,100,68,397
1221.27,COMP,892595,19.06,19.02,1,49.6,0.9,44.69,100,68,399
1222.26,COMP,893424,19.07,19.02,1,49.57,0.91,45.01,100,68,399
1223.29,COMP,894253,18.96,19.03,1,49.59,0.91,45.32,100,68,397
1224.32,COMP,895082,18.96,19.03,1,49.62,0.88,43.67,100,68,397
1225.35,COMP,895911,18.96,19.03,1,49.46,0.92,45.55,100,68,397
1226.35,COMP,896740,18.96,19.04,1,49.57,0.91,45.01,100,68,397
1227.38,COMP,897569,18.96,19.04,1,49.43,0.88,43.59,100,68,397
1228.41,COMP,898398,18.96,19.04,1,49.48,0.9,44.33,100,68,397
1229.44,COMP,899227,19.07,19.05,1,49.57,0.89,43.97,100,68,399
1230.44,COMP,900056,18.96,19.05,1,49.6,0.85,42.11,100,68,397
1231.44,COMP,900886,19.07,19.05,1,49.59,0.92,45.47,100,68,399
1232.44,COMP,901715,18.96,19.06,1,49.57,0.9,44.46,100,68,397
1233.46,COMP,902544,18.96,19.06,1,49.5,0.91,44.99,100,68,397
1234.47,COMP,903373,18.96,19.06,1,49.5,0.88,43.76,100,68,397
1235.47,COMP,904202,18.96,19.07,1,49.5,0.86,42.52,100,68,397
1236.48,COMP,905031,18.96,19.07,1,49.41,0.95,47.09,100,68,397
1237.49,COMP,905860,18.96,19.07,1,49.57,0.94,46.4,100,68,397
1238.5,COMP,906689,18.96,19.08,1,49.57,0.91,45.21,100,68,397
1239.5,COMP,907518,18.96,19.08,1,49.57,0.94,46.45,100,68,397
1240.52,COMP,908347,18.96,19.08,1,49.57,0.88,43.52,100,68,397
1241.55,COMP,909176,18.96,19.09,1,49.6,0.9,44.39,100,68,397
1242.55,COMP,910005,18.85,19.09,1,49.5,0.93,45.98,100,68,395
1243.59,COMP,910834,18.96,19.09,1,49.59,0.97,48.2,100,68,397
1244.6,COMP,911663,18.96,19.1,1,49.57,0.95,46.84,100,68,397
1245.6,COMP,912492,18.96,19.1,1,49.53,0.95,47.25,100,68,397
1246.63,COMP,913321,18.96,19.1,1,49.46,0.93,46.2,100,68,397
1247.64,COMP,914150,18.96,19.11,1,49.46,0.93,45.75,100,68,397
1248.64,COMP,914978,18.96,19.11,1,49.43,0.89,44.19,100,68,397
1249.65,COMP,915807,18.96,19.11,1,49.48,0.95,47.01,100,68,397
1250.65,COMP,916636,18.96,19.12,1,49.59,0.94,46.51,100,68,397
1251.66,COMP,917465,18.96,19.12,1,49.53,0.93,46.21,100,68,397
1252.66,COMP,918294,18.96,19.12,1,49.53,0.92,45.47,100,68,397
1253.67,COMP,919123,18.96,19.13,1,49.48,0.93,45.97,100,68,397
1254.67,COMP,919952,18.96,19.13,1,49.67,0.91,45.1,100,68,397
1255.67,COMP,920780,18.96,19.13,1,49.53,0.9,44.58,100,68,397
1256.68,COMP,921609,18.96,19.14,1,49.45,0.94,46.68,100,68,397
1257.69,COMP,922438,18.96,19.14,1,49.46,0.95,46.89,100,68,397
1258.7,COMP,923267,18.96,19.14,1,49.48,0.96,47.3,100,68,397
1259.7,COMP,924095,18.96,19.15,1,49.39,0.93,45.84,100,68,397
1260.7,COMP,924925,18.96,19.15,1,49.45,0.93,46.18,100,68,397
1261.71,COMP,925754,18.96,19.15,1,49.55,0.86,42.76,100,68,397
1262.72,COMP,926583,18.96,19.16,1,49.5,0.93,46.23,100,68,397
1263.72,COMP,927412,18.96,19.16,1,49.55,0.96,47.42,100,68,397
1264.73,COMP,928241,18.96,19.16,1,49.46,0.94,46.3,100,68,397
1265.74,COMP,929069,18.96,19.17,1,49.46,0.92,45.36,100,68,397
1266.74,COMP,929898,18.96,19.17,1,49.59,0.93,45.92,100,68,397
1267.75,COMP,930727,18.96,19.17,1,49.5,0.92,45.59,100,68,397
1268.75,COMP,931556,18.96,19.18,1,49.48,0.9,44.63,100,68,397
1269.76,COMP,932385,18.96,19.18,1,49.57,0.88,43.72,100,68,397
1270.77,COMP,933213,18.96,19.18,1,49.53,0.91,44.98,100,68,397
1271.78,COMP,934042,18.96,19.19,1,49.53,0.92,45.32,100,68,397
1272.79,COMP,934871,19.07,19.19,1,49.46,0.9,44.37,100,68,399
1273.79,COMP,935699,19.07,19.19,1,49.48,0.87,43.2,100,68,399
1274.8,COMP,936528,18.96,19.2,1,49.57,0.89,43.87,100,68,397
1275.81,COMP,937357,18.96,19.2,1,49.55,0.89,43.95,100,68,397
1276.81,COMP,938186,18.96,19.2,1,49.46,0.89,44.12,100,68,397
1277.84,COMP,939014,19.07,19.21,1,49.5,0.83,40.93,100,68,399
1278.84,COMP,939843,18.96,19.21,1,49.48,0.9,44.43,100,68,397
1279.84,COMP,940672,18.96,19.22,1,49.55,0.9,44.74,100,68,397
1280.87,COMP,941501,18.96,19.22,1,49.59,0.92,45.72,100,68,397
1281.89,COMP,942536,18.96,19.22,1,49.55,0.91,44.94,100,68,397
1282.9,COMP,943365,18.85,19.22,1,49.3,0.96,47.58,100,68,395
1283.9,COMP,944194,18.96,19.23,1,49.32,0.96,47.25,100,68,397
1284.9,COMP,945022,19.06,19.23,1,49.57,0.97,48.03,100,68,399
1285.91,COMP,945851,18.96,19.23,1,49.43,0.96,47.2,100,68,397
1286.92,COMP,946679,19.06,19.24,1,49.48,0.95,47.15,100,68,399
1287.94,COMP,947508,18.96,19.24,1,49.55,0.95,47.22,100,68,397
1288.94,COMP,948337,18.96,19.24,1,49.46,0.96,47.43,100,68,397
1289.95,COMP,949165,18.96,19.25,1,49.46,0.94,46.44,100,68,397
1290.95,COMP,949994,18.96,19.25,1,49.5,0.93,46.08,100,68,397
1291.96,COMP,950824,18.96,19.25,1,49.62,0.99,49.08,100,68,397
1292.97,COMP,951652,18.96,19.26,1,49.53,0.95,47.2,100,68,397
1293.97,COMP,952481,18.96,19.26,1,49.45,0.95,47.07,100,68,397
1294.97,COMP,953309,18.96,19.27,1,49.5,0.92,45.74,100,68,397
1295.98,COMP,954138,18.96,19.27,1,49.53,0.97,48.2,100,68,397
1296.99,COMP,954967,18.96,19.27,1,49.6,0.94,46.73,100,68,397
1298.02,COMP,955795,18.96,19.28,1,49.55,0.92,45.78,100,68,397
1299.03,COMP,956624,18.96,19.28,1,49.55,0.93,45.83,100,68,397
1300.04,COMP,957452,18.96,19.28,1,49.45,0.89,44.2,100,68,397
1301.04,COMP,958281,18.96,19.29,1,49.46,0.95,47.09,100,68,397
1302.04,COMP,959110,18.96,19.29,1,49.41,0.97,47.88,100,68,397
1303.05,COMP,959938,18.96,19.3,1,49.57,0.93,46.3,100,68,397
1304.05,COMP,960767,18.96,19.3,1,49.41,0.95,46.94,100,68,397
1305.05,COMP,961595,18.96,19.3,1,49.59,0.93,46.07,100,68,397
1306.06,COMP,962424,18.96,19.31,1,49.45,0.94,46.68,100,68,397
1307.06,COMP,963252,18.96,19.31,1,49.45,0.91,44.99,100,68,397
1308.09,COMP,964081,18.96,19.31,1,49.5,0.93,46.03,100,68,397
1309.1,COMP,964910,18.96,19.32,1,49.46,0.9,44.57,100,68,397
1310.1,COMP,965738,18.96,19.32,1,49.57,0.87,42.98,100,68,397
1311.1,COMP,966567,18.96,19.33,1,49.3,0.91,44.77,100,68,397
1312.1,COMP,967395,18.96,19.33,1,49.43,0.92,45.52,100,68,397
1313.1,COMP,968224,18.96,19.33,1,49.45,0.94,46.28,100,68,397
1314.14,COMP,969053,18.96,19.34,1,49.45,0.93,45.79,100,68,397
1315.14,COMP,969881,18.96,19.34,1,49.53,0.92,45.62,100,68,397
1316.15,COMP,970710,18.96,19.35,1,49.27,0.92,45.28,100,68,397
1317.17,COMP,971538,18.96,19.35,1,49.55,0.91,45.24,100,68,397
1318.19,COMP,972367,18.96,19.35,1,49.41,0.91,45.01,100,68,397
1319.2,COMP,973203,19.51,19.36,1,49.39,1.1,54.23,100,71,409
1320.21,COMP,974053,19.18,19.36,1,49.57,0.91,45.11,100,69,402
1321.21,COMP,974897,19.29,19.36,1,49.45,0.9,44.55,100,69,404
1322.22,COMP,975740,19.29,19.37,1,49.62,0.89,44.21,100,69,404
1323.22,COMP,976582,19.17,19.37,1,49.53,0.92,45.42,100,69,402
1324.25,COMP,977425,19.29,19.38,1,49.41,0.85,41.95,100,69,404
1325.28,COMP,978267,19.17,19.38,1,49.45,0.9,44.25,100,69,402
1326.28,COMP,979110,19.29,19.38,1,49.53,0.95,47.11,100,69,404
1327.3,COMP,979952,19.29,19.39,1,49.43,0.87,42.9,100,69,404
1328.31,COMP,980795,19.17,19.39,1,49.48,0.95,47.06,100,69,402
1329.32,COMP,981638,19.4,19.39,1,49.62,0.89,44.26,100,69,406
1330.35,COMP,982480,19.29,19.4,1,49.55,0.91,45.24,100,69,404
1331.36,COMP,983323,19.29,19.4,1,49.41,0.92,45.51,100,69,404
1332.37,COMP,984165,19.29,19.41,1,49.43,0.9,44.24,100,69,404
1333.37,COMP,985008,19.29,19.41,1,49.5,0.89,44.25,100,69,404
1334.37,COMP,985850,19.29,19.41,1,49.36,0.83,41.07,100,69,404
1335.38,COMP,986693,19.29,19.42,1,49.5,0.93,45.93,100,69,404
1336.38,COMP,987536,19.29,19.42,1,49.45,0.95,46.73,100,69,404
1337.39,COMP,988378,19.29,19.42,1,49.55,0.91,45.24,100,69,404
1338.41,COMP,989221,19.29,19.43,1,49.48,0.94,46.46,100,69,404
1339.41,COMP,990063,19.29,19.43,1,49.41,0.94,46.64,100,69,404
1340.42,COMP,990906,19.29,19.44,1,49.53,0.89,43.94,100,69,404
1341.43,COMP,991749,19.29,19.44,1,49.6,0.88,43.85,100,69,404
1342.43,COMP,992591,19.4,19.44,1,49.48,0.86,42.6,100,69,406
1343.44,COMP,993434,19.29,19.45,1,49.45,0.84,41.73,100,69,404
1344.44,COMP,994276,19.17,19.45,1,49.46,0.91,44.81,100,69,402
1345.44,COMP,995119,19.29,19.45,1,49.48,0.96,47.65,100,69,404
1346.44,COMP,995961,19.29,19.46,1,49.34,0.93,46.08,100,69,404
1347.45,COMP,996804,19.29,19.46,1,49.48,0.92,45.57,100,69,404
1348.47,COMP,997646,19.29,19.47,1,49.46,0.9,44.57,100,69,404
1349.5,COMP,998489,19.29,19.47,1,49.46,0.92,45.51,100,69,404
1350.5,COMP,999331,19.29,19.47,1,49.48,0.89,44.24,100,69,404
1351.53,COMP,1000175,19.4,19.48,1,49.43,0.92,45.32,100,69,406
1352.56,COMP,1001018,19.29,19.48,1,49.41,0.88,43.23,100,69,404
1353.56,COMP,1001860,19.18,19.49,1,49.53,0.88,43.54,100,69,402
1354.56,COMP,1002703,19.17,19.49,1,49.53,0.93,46.07,100,69,402
1355.57,COMP,1003546,19.29,19.49,1,49.48,0.94,46.71,100,69,404
1356.58,COMP,1004389,19.29,19.5,1,49.36,0.94,46.35,100,69,404
1357.59,COMP,1005231,19.29,19.5,1,49.36,0.91,44.96,100,69,404
1358.61,COMP,1006074,19.29,19.51,1,49.55,0.92,45.34,100,69,404
1359.61,COMP,1006917,19.29,19.51,1,49.34,0.92,45.19,100,69,404
1360.62,COMP,1007760,19.29,19.51,1,49.76,0.94,46.73,100,69,404
1361.62,COMP,1008602,19.29,19.52,1,49.5,0.86,42.37,100,69,404
1362.62,COMP,1009445,19.29,19.52,1,49.53,0.87,43.14,100,69,404
1363.63,COMP,1010288,19.29,19.53,1,49.46,0.9,44.47,100,69,404
1364.63,COMP,1011130,19.29,19.53,1,49.41,0.94,46.49,100,69,404
1365.64,COMP,1011973,19.4,19.53,1,49.55,0.9,44.55,100,69,406
1366.65,COMP,1012816,19.29,19.54,1,49.48,0.92,45.52,100,69,404
1367.65,COMP,1013659,19.29,19.54,1,49.41,0.93,46.05,100,69,404
1368.66,COMP,1014501,19.29,19.55,1,49.41,0.93,45.7,100,69,404
1369.66,COMP,1015344,19.29,19.55,1,49.55,0.92,45.54,100,69,404
1370.66,COMP,1016187,19.29,19.55,1,49.34,0.89,43.96,100,69,404
1371.67,COMP,1017029,19.17,19.56,1,49.45,0.88,43.36,100,69,402
1372.67,COMP,1017872,19.29,19.56,1,49.5,0.86,42.37,100,69,404
1373.67,COMP,1018715,19.29,19.57,1,49.38,0.95,46.81,100,69,404
1374.67,COMP,1019557,19.29,19.57,1,49.5,0.93,45.98,100,69,404
1375.67,COMP,1020400,19.29,19.57,1,49.53,0.94,46.71,100,69,404
1376.68,COMP,1021243,19.29,19.58,1,49.36,0.91,45.11,100,69,404
1377.68,COMP,1022085,19.29,19.58,1,49.48,0.9,44.68,100,69,404
1378.7,COMP,1022928,19.29,19.59,1,49.5,0.93,45.79,100,69,404
1379.7,COMP,1023771,19.4,19.59,1,49.29,0.92,45.39,100,69,406
1380.72,COMP,1024613,19.29,19.6,1,49.53,0.86,42.4,100,69,404
1381.72,COMP,1025457,19.29,19.6,1,49.32,0.88,43.21,100,69,404
1382.76,COMP,1026299,19.29,19.6,1,49.48,0.93,46.21,100,69,404
1383.79,COMP,1027142,19.29,19.61,1,49.48,0.93,46.02,100,69,404
1384.82,COMP,1027985,19.29,19.61,1,49.55,0.92,45.54,100,69,404
1385.83,COMP,1029038,19.29,19.61,1,49.46,0.83,41.25,100,69,404
1386.85,COMP,1029880,19.29,19.62,1,49.48,0.88,43.34,100,69,404
1387.86,COMP,1030723,19.29,19.62,1,49.43,0.95,46.71,100,69,404
1388.88,COMP,1031566,19.29,19.63,1,49.34,0.94,46.38,100,69,404
1389.88,COMP,1032408,19.29,19.63,1,49.55,0.9,44.5,100,69,404
1390.88,COMP,1033251,19.29,19.63,1,49.36,0.93,45.95,100,69,404
1391.88,COMP,1034093,19.29,19.64,1,49.34,0.9,44.21,100,69,404
1392.89,COMP,1034936,19.17,19.64,1,49.55,0.85,42.32,100,69,402
1393.89,COMP,1035779,19.29,19.65,1,49.39,0.93,45.93,100,69,404
1394.92,COMP,1036623,19.51,19.65,1,49.41,0.97,47.88,100,70,409
1395.94,COMP,1037493,19.63,19.66,1,49.41,0.72,35.38,100,70,411
1396.95,COMP,1038346,19.29,19.66,1,49.46,0.92,45.6,100,69,404
1397.96,COMP,1039198,19.74,19.66,1,49.53,0.95,46.91,100,71,414
1398.98,COMP,1040065,19.98,19.67,1,49.53,0.89,43.99,100,72,419
1399.98,COMP,1040940,19.86,19.67,1,49.55,0.86,42.71,100,71,416
1400.99,COMP,1041792,19.4,19.68,1,49.08,1.56,76.61,100,71,406
1402.0,COMP,1042656,19.51,19.68,1,49.59,0.34,16.86,100,68,409
1403.02,COMP,1043516,20.23,19.68,1,49.48,0.8,39.73,100,72,424
1404.03,COMP,1044376,20.35,19.69,1,49.45,1.14,56.42,100,73,426
1405.05,COMP,1045235,20.23,19.69,1,49.36,1.3,63.97,100,73,424
1406.06,COMP,1046095,19.86,19.7,1,49.43,1.35,66.83,100,73,416
1407.08,COMP,1046956,19.86,19.7,1,49.45,1.24,61.36,100,72,416
1408.09,COMP,1047817,19.51,19.71,1,49.36,1.23,60.81,100,71,409
1409.12,COMP,1048673,19.63,19.71,1,49.43,1.39,68.7,100,71,411
1410.13,COMP,1049538,19.74,19.71,1,49.41,0.86,42.34,100,71,414
1411.13,COMP,1050389,19.4,19.72,1,49.6,0.94,46.58,100,69,406
1412.14,COMP,1051243,19.74,19.72,1,49.53,0.9,44.33,100,71,414
1413.14,COMP,1052108,19.86,19.73,1,49.48,0.97,47.95,100,71,416
1414.15,COMP,1052982,20.1,19.73,1,49.53,0.64,31.75,100,72,421
1415.16,COMP,1053842,19.17,19.73,1,49.59,0.47,23.5,100,68,402
1416.17,COMP,1054703,19.98,19.74,1,49.48,0.95,47.15,100,72,419
1417.18,COMP,1055574,19.4,19.74,1,49.53,0.8,39.73,100,69,406
1418.18,COMP,1056431,19.17,19.75,1,49.55,0.93,46.13,100,69,402
1419.19,COMP,1057293,18.96,19.75,1,49.36,0.82,40.37,100,68,397
1420.19,COMP,1058156,19.4,19.75,1,49.48,0.54,26.82,100,69,406
1421.21,COMP,1059019,20.23,19.76,1,49.45,1.2,59.19,100,73,424
1422.21,COMP,1059883,19.29,19.76,1,49.46,0.7,34.87,100,69,404
1423.22,COMP,1060749,20.23,19.77,1,49.32,1.45,71.57,100,74,424
1424.22,COMP,1061621,19.86,19.77,1,49.43,0.86,42.46,100,71,416
1425.23,COMP,1062634,26.97,19.77,0,49.34,1.25,61.48,92,100,565
1426.23,COMP,1063820,27.19,19.77,0,49.46,1.17,57.97,94,100,570
1427.26,COMP,1065007,27.19,19.76,0,49.34,1.24,60.98,91,100,570
1428.29,COMP,1066193,27.19,19.76,0,49.43,1.23,60.84,90,100,570
1429.32,COMP,1067380,27.19,19.75,0,49.45,1.21,59.63,90,100,570
1430.35,COMP,1068567,27.19,19.75,0,49.3,1.27,62.47,91,100,570
1431.38,COMP,1069753,27.19,19.74,0,49.43,1.17,57.83,91,100,570
1432.4,COMP,1071236,26.97,19.73,0,49.46,1.23,60.59,90,100,565
1433.4,COMP,1072423,27.19,19.72,0,49.36,1.25,61.7,90,100,570
1434.44,COMP,1073609,27.19,19.72,0,49.45,1.16,57.55,90,100,570
1435.47,COMP,1074796,27.19,19.71,0,49.34,1.25,61.53,90,100,570
1436.5,COMP,1075982,27.19,19.71,0,49.45,1.27,62.84,88,100,570
1437.53,COMP,1077169,27.19,19.7,0,49.52,1.25,61.7,88,100,570
1438.53,COMP,1078355,27.19,19.7,0,49.41,1.21,59.88,88,100,570
1439.54,COMP,1079541,27.19,19.69,0,49.41,1.18,58.16,88,100,570
1440.57,COMP,1080728,27.19,19.69,0,49.32,1.23,60.67,88,100,570
1441.57,COMP,1081915,27.19,19.68,0,49.38,1.24,61.37,88,100,570
1442.6,COMP,1083102,27.19,19.68,0,49.32,1.28,63.13,88,100,570
1443.63,COMP,1084288,27.19,19.67,0,49.5,1.21,60.04,88,100,570
1444.66,COMP,1085474,27.19,19.67,0,49.3,1.16,57.29,88,100,570
1445.66,COMP,1086661,27.19,19.66,0,49.32,1.23,60.72,88,100,570
1446.67,COMP,1087847,26.97,19.65,0,49.39,1.24,61.44,88,100,565
1447.7,COMP,1089033,27.19,19.65,0,49.45,1.23,60.97,88,100,570
1448.7,COMP,1090219,27.19,19.64,0,49.36,1.19,58.59,88,100,570
1449.71,COMP,1091406,27.19,19.64,0,49.13,1.2,59.1,88,100,570
1450.71,COMP,1092592,27.19,19.63,0,49.3,1.26,62.32,88,100,570
1451.74,COMP,1093778,26.97,19.63,0,49.41,1.21,59.74,88,100,565
1452.76,COMP,1094964,27.19,19.62,0,49.46,1.19,58.66,88,100,570
1453.79,COMP,1096446,27.19,19.61,0,49.38,1.22,60.43,88,100,570
1454.81,COMP,1097633,26.97,19.6,0,49.3,1.17,57.54,88,100,565
1455.84,COMP,1098818,27.19,19.6,0,49.36,1.18,58.19,88,100,570
1456.86,COMP,1100004,27.19,19.59,0,49.39,1.25,61.49,88,100,570
1457.86,COMP,1101191,27.19,19.58,0,49.27,1.18,58.29,88,100,570
1458.87,COMP,1102376,27.19,19.58,0,49.29,1.22,60.18,88,100,570
1459.88,COMP,1103563,27.19,19.57,0,49.53,1.17,57.81,88,100,570
1460.91,COMP,1104749,27.19,19.57,0,49.53,1.23,60.78,88,100,570
1461.92,COMP,1105935,27.19,19.56,0,49.2,1.26,62.04,88,100,570
1462.95,COMP,1107121,27.19,19.56,0,49.32,1.22,59.98,88,100,570
1463.98,COMP,1108307,27.19,19.55,0,49.57,1.23,61.02,88,100,570
1465.0,COMP,1109492,27.19,19.55,0,49.27,1.14,56.22,88,100,570
1466.03,COMP,1110679,27.19,19.54,0,49.3,1.22,60.1,88,100,570
1467.06,COMP,1111864,27.19,19.53,0,49.34,1.24,60.98,88,100,570
1468.09,COMP,1113050,27.19,19.53,0,49.41,1.18,58.25,88,100,570
1469.09,COMP,1114236,27.19,19.52,0,49.41,1.23,60.63,88,100,570
1470.11,COMP,1115422,27.19,19.52,0,49.39,1.17,57.84,88,100,570
1471.12,COMP,1116608,26.97,19.51,0,49.38,1.23,60.78,88,100,565
1472.15,COMP,1118091,27.19,19.5,0,49.39,1.22,60.36,88,100,570
1473.18,COMP,1119277,27.19,19.49,0,49.36,1.19,58.88,88,100,570
1474.21,COMP,1120463,27.19,19.49,0,49.3,1.25,61.53,88,100,570
1475.24,COMP,1121648,26.97,19.48,0,49.32,1.17,57.71,88,100,565
1476.24,COMP,1122834,26.97,19.47,0,49.41,1.18,58.45,88,100,565
1477.28,COMP,1124020,26.97,19.47,0,49.36,1.27,62.54,88,100,565
1478.28,COMP,1125206,27.19,19.46,0,49.3,1.2,59.31,88,100,570
1479.31,COMP,1126391,27.19,19.46,0,49.43,1.2,59.16,88,100,570
1480.33,COMP,1127577,27.19,19.45,0,49.39,1.21,59.76,88,100,570
1481.35,COMP,1128763,27.19,19.44,0,49.29,1.23,60.67,88,100,570
1482.36,COMP,1129948,27.19,19.44,0,49.45,1.23,60.92,88,100,570
1483.39,COMP,1131134,27.19,19.43,0,49.36,1.19,58.59,88,100,570
1484.42,COMP,1132319,26.97,19.43,0,49.2,1.25,61.7,88,100,565
1485.45,COMP,1133505,27.19,19.42,0,49.41,1.17,57.71,88,100,570
1486.47,COMP,1134691,27.19,19.41,0,49.29,1.25,61.66,88,100,570
1487.5,COMP,1136172,27.19,19.4,0,49.39,1.22,60.21,88,100,570
1488.53,COMP,1137358,26.97,19.39,0,49.34,1.19,58.86,88,100,565
1489.56,COMP,1138543,27.19,19.39,0,49.36,1.25,61.5,88,100,570
1490.57,COMP,1139729,26.97,19.38,0,49.36,1.17,57.8,88,100,565
1491.6,COMP,1140914,27.19,19.38,0,49.32,1.14,56.33,88,100,570
1492.62,COMP,1142100,27.19,19.37,0,49.34,1.26,62.36,88,100,570
1493.64,COMP,1143285,27.19,19.36,0,49.32,1.16,57.11,88,100,570
1494.65,COMP,1144471,27.19,19.36,0,49.34,1.26,62.22,88,100,570
1495.66,COMP,1145656,27.19,19.35,0,49.41,1.16,57.27,88,100,570
1496.69,COMP,1146842,27.19,19.34,0,49.3,1.19,58.47,86,100,570
1497.72,COMP,1148027,27.19,19.34,0,49.43,1.25,61.54,84,100,570
1498.74,COMP,1149212,27.19,19.33,0,49.27,1.21,59.42,85,100,570
1499.74,COMP,1150398,27.19,19.33,0,49.32,1.24,61.11,85,100,570
1500.76,COMP,1151583,27.19,19.32,0,49.41,1.15,56.92,86,100,570
1501.76,COMP,1152770,27.19,19.31,0,49.41,1.19,58.85,85,100,570
1502.79,COMP,1153955,27.19,19.31,0,49.32,1.23,60.86,85,100,570
1503.82,COMP,1155141,27.19,19.3,0,49.62,1.25,62.03,85,100,570
1504.85,COMP,1156326,27.19,19.29,0,49.39,1.24,61.34,85,100,570
1505.88,COMP,1157807,27.19,19.28,0,49.38,1.16,57.37,85,100,570
1506.88,COMP,1158993,27.19,19.27,0,49.69,1.24,61.52,85,100,570
1507.91,COMP,1160178,27.19,19.26,0,49.36,1.28,62.98,85,100,570
1508.94,COMP,1161363,27.19,19.26,0,49.36,1.18,58.09,85,100,570
1509.94,COMP,1162549,26.97,19.25,0,49.25,1.24,60.87,85,100,565
1510.96,COMP,1163734,27.19,19.24,0,49.32,1.19,58.5,85,100,570
1511.96,COMP,1164919,27.19,19.24,0,49.39,1.19,58.88,85,100,570
1513.0,COMP,1166104,27.19,19.23,0,49.41,1.25,61.81,85,100,570
1514.02,COMP,1167289,27.19,19.22,0,49.3,1.16,57.0,85,100,570
1515.02,COMP,1168475,27.19,19.22,0,49.57,1.23,61.17,85,100,570
1516.05,COMP,1169660,27.19,19.21,0,49.3,1.15,56.8,85,100,570
1517.06,COMP,1170845,26.97,19.2,0,49.36,1.22,59.97,85,100,565
1518.08,COMP,1172030,27.19,19.2,0,49.39,1.23,60.65,85,100,570
1519.11,COMP,1173215,27.19,19.19,0,49.5,1.15,57.07,84,100,570
1520.14,COMP,1174400,26.97,19.18,0,49.41,1.18,58.55,84,100,565
1521.16,COMP,1175585,27.19,19.18,0,49.38,1.16,57.08,84,100,570
1522.19,COMP,1176770,26.97,19.17,0,49.32,1.2,58.99,84,100,565
1523.21,COMP,1178251,27.19,19.15,0,49.32,1.22,60.12,84,100,570
1524.24,COMP,1179437,27.19,19.15,0,49.46,1.2,59.21,80,100,570
1525.24,COMP,1180616,25.71,19.14,1,49.18,0.43,21.1,100,95,539
1526.25,COMP,1181636,20.86,19.14,1,49.55,0.19,9.36,100,73,437
1527.26,COMP,1182485,18.96,19.14,1,49.55,0.22,10.9,100,67,397
1528.3,COMP,1183318,19.74,19.15,1,49.29,1.86,91.67,100,73,414
1529.31,COMP,1184164,18.96,19.15,1,49.55,0.3,14.67,100,67,397
1530.33,COMP,1184999,19.74,19.16,1,49.16,1.93,94.93,100,73,414
1531.33,COMP,1185849,18.96,19.16,1,49.53,0.2,10.01,100,67,397
1532.36,COMP,1186687,19.51,19.17,1,49.11,1.99,97.53,100,72,409
1533.37,COMP,1187537,19.17,19.17,1,49.53,0.21,10.35,100,67,402
1534.38,COMP,1188374,19.74,19.18,1,49.27,1.93,94.84,100,73,414
1535.4,COMP,1189223,19.07,19.18,1,49.53,0.22,10.95,100,67,399
1536.41,COMP,1190062,19.74,19.19,1,49.27,1.7,83.95,100,72,414
1537.43,COMP,1190911,18.85,19.19,1,49.43,0.22,10.78,100,66,395
1538.44,COMP,1191747,19.51,19.2,1,49.15,2.06,101.0,100,73,409
1539.45,COMP,1192598,19.29,19.2,1,49.45,0.28,13.75,100,68,404
1540.48,COMP,1193434,19.51,19.21,1,49.2,1.94,95.4,100,72,409
1541.5,COMP,1194283,19.06,19.21,1,49.45,0.25,12.56,100,67,399
1542.52,COMP,1195119,19.98,19.22,1,49.13,1.99,97.57,100,73,419
1543.53,COMP,1195968,18.96,19.22,1,49.5,0.21,10.59,100,67,397
1544.54,COMP,1197070,25.52,19.22,1,49.55,0.21,10.26,100,90,535
1545.55,COMP,1198066,20.23,19.22,1,49.59,0.21,10.36,100,71,424
1546.56,COMP,1198910,18.53,19.22,1,49.5,0.39,19.21,100,66,388
1547.58,COMP,1199752,20.23,19.23,1,49.41,1.09,53.76,100,73,424
1548.59,COMP,1200596,18.43,19.23,1,49.43,0.48,23.87,100,66,386
1549.6,COMP,1201492,26.97,19.23,0,49.32,1.73,85.33,70,100,565
1550.6,COMP,1202675,26.75,19.23,0,49.5,0.0,0.0,0,0,561
1551.63,COMP,1203706,20.99,19.23,0,49.55,0.0,0.0,0,0,440
1552.64,COMP,1204499,15.72,19.23,0,49.5,0.0,0.0,0,0,329
1553.67,COMP,1205700,23.7,19.23,1,49.39,0.4,19.61,100,71,497
1554.68,COMP,1206600,19.29,19.23,1,49.27,1.32,65.13,100,70,404
1555.68,COMP,1207435,19.07,19.23,1,49.34,0.92,45.29,100,68,399
1556.71,COMP,1208267,18.96,19.24,1,49.29,0.93,45.69,100,68,397
1557.72,COMP,1209098,19.07,19.24,1,49.3,0.85,41.66,100,68,399
1558.72,COMP,1209930,19.06,19.25,1,49.45,0.87,42.97,100,68,399
1559.72,COMP,1210762,19.07,19.25,1,49.3,0.91,44.92,100,68,399
1560.73,COMP,1211594,19.07,19.26,1,49.39,0.89,43.91,100,68,399
1561.74,COMP,1212427,19.07,19.27,1,49.22,0.88,43.36,100,68,399
1562.78,COMP,1213259,18.96,19.27,1,49.5,0.9,44.4,100,68,397
1563.78,COMP,1214090,19.07,19.28,1,49.45,0.87,42.77,100,68,399
1564.78,COMP,1214922,18.96,19.28,1,49.43,0.86,42.7,100,68,397
1565.78,COMP,1215754,19.07,19.29,1,49.29,0.87,43.03,100,68,399
1566.78,COMP,1216586,19.06,19.29,1,49.3,0.85,41.86,100,68,399
1567.79,COMP,1217417,18.96,19.3,1,49.41,0.86,42.69,100,68,397
1568.79,COMP,1218249,18.96,19.3,1,49.48,0.85,42.21,100,68,397
1569.79,COMP,1219081,18.96,19.31,1,49.39,0.89,44.11,100,68,397
1570.8,COMP,1219913,19.07,19.31,1,49.34,0.9,44.45,100,68,399
1571.81,COMP,1220745,18.96,19.32,1,49.27,0.89,44.05,100,68,397
1572.82,COMP,1221576,18.96,19.33,1,49.43,0.91,44.98,100,68,397
1573.82,COMP,1222408,18.96,19.33,1,49.32,0.94,46.41,100,68,397
1574.82,COMP,1223240,18.96,19.34,1,49.36,0.92,45.16,100,68,397
1575.84,COMP,1224072,19.07,19.34,1,49.3,0.95,46.84,100,68,399
1576.84,COMP,1224904,19.07,19.35,1,49.15,0.9,44.48,100,68,399
1577.85,COMP,1225735,18.96,19.35,1,49.32,0.91,45.03,100,68,397
1578.85,COMP,1226567,19.07,19.36,1,49.45,0.9,44.65,100,68,399
1579.85,COMP,1227399,18.96,19.37,1,49.45,0.87,42.87,100,68,397
1580.86,COMP,1228231,18.96,19.37,1,49.39,0.93,45.74,100,68,397
1581.88,COMP,1229063,18.96,19.38,1,49.32,0.96,47.35,100,68,397
1582.89,COMP,1229894,19.07,19.38,1,49.43,0.91,45.08,100,68,399
1583.89,COMP,1230726,18.96,19.39,1,49.43,0.94,46.21,100,68,397
1584.9,COMP,1231558,18.96,19.39,1,49.3,0.94,46.25,100,68,397
1585.91,COMP,1232453,20.1,19.4,1,49.5,0.29,14.11,100,71,421
1586.92,COMP,1233345,19.29,19.4,1,49.29,0.29,14.05,100,70,404
1587.93,COMP,1234232,19.63,19.41,1,49.57,0.4,19.83,100,68,411
1588.93,COMP,1235121,20.48,19.41,1,49.45,0.53,26.4,100,75,429
1589.95,COMP,1236012,19.63,19.41,1,49.5,0.32,15.99,100,69,411
1590.95,COMP,1236901,19.51,19.42,1,49.39,0.38,18.77,100,68,409
1591.97,COMP,1237786,20.48,19.42,1,49.41,0.48,23.47,100,72,429
1592.97,COMP,1238664,19.17,19.43,1,48.48,2.86,138.6,100,80,402
1593.99,COMP,1239556,19.86,19.43,1,49.48,0.49,24.0,100,70,416
1595.0,COMP,1240401,19.17,19.44,1,49.46,0.88,43.48,100,69,402
1596.02,COMP,1241238,19.17,19.44,1,49.36,0.87,42.94,100,69,402
1597.05,COMP,1242074,19.07,19.45,1,49.39,0.87,43.07,100,69,399
1598.05,COMP,1242911,19.17,19.45,1,49.39,0.92,45.19,100,69,402
1599.06,COMP,1243751,19.29,19.46,1,49.36,0.93,45.7,100,69,404
1600.06,COMP,1244599,19.51,19.47,1,49.41,0.85,41.95,100,70,409
1601.07,COMP,1245458,20.23,19.47,1,49.46,0.65,31.9,100,70,424
1602.1,COMP,1246332,19.29,19.48,1,49.29,1.07,52.88,100,72,404
1603.11,COMP,1247206,19.4,19.48,1,49.36,0.46,22.61,100,69,406
1604.13,COMP,1248084,19.17,19.49,1,49.15,1.07,52.78,100,72,402
1605.14,COMP,1248962,21.4,19.49,1,49.53,0.97,48.25,100,75,448
1606.15,COMP,1249838,20.1,19.5,1,49.48,0.6,29.59,100,71,421
1607.17,COMP,1250712,20.86,19.5,1,49.08,3.17,155.37,100,80,437
1608.18,COMP,1251589,20.1,19.51,1,49.48,0.6,29.59,100,71,421
1609.2,COMP,1252467,19.86,19.51,1,49.53,0.44,21.74,100,70,416
1610.21,COMP,1253339,20.6,19.52,1,49.5,0.85,41.88,100,73,432
1611.23,COMP,1254208,19.86,19.52,1,49.43,0.37,18.34,100,69,416
1612.23,COMP,1255076,19.51,19.53,1,49.48,0.39,19.5,100,68,409
1613.24,COMP,1255947,19.07,19.53,1,49.18,1.41,69.3,100,73,399
1614.26,COMP,1256820,20.6,19.54,1,49.36,0.62,30.35,100,72,432
1615.27,COMP,1257693,19.86,19.54,1,49.5,0.41,20.2,100,70,416
1616.29,COMP,1258563,19.17,19.55,1,49.29,0.94,46.13,100,71,402
1617.31,COMP,1259435,19.17,19.55,1,49.2,1.58,77.93,100,73,402
1618.32,COMP,1260307,19.98,19.56,1,49.5,0.6,29.9,100,70,419
1619.33,COMP,1261179,19.18,19.56,1,49.27,0.86,42.57,100,70,402
1620.34,COMP,1262056,21.4,19.57,1,49.45,0.7,34.71,100,75,448
1621.36,COMP,1262931,19.98,19.57,1,49.41,0.58,28.46,100,71,419
1622.36,COMP,1263807,19.29,19.58,1,49.23,0.93,45.98,100,71,404
1623.38,COMP,1264684,20.99,19.58,1,49.23,0.67,32.94,100,74,440
1624.39,COMP,1265560,19.87,19.59,1,49.32,0.47,23.38,100,70,416
1625.4,COMP,1266434,19.51,19.59,1,49.11,1.72,84.27,100,74,409
1626.41,COMP,1267310,20.35,19.6,1,49.38,0.65,32.24,100,72,426
1627.42,COMP,1268185,19.63,19.6,1,49.38,0.47,23.11,100,69,411
1628.43,COMP,1269059,19.74,19.61,1,49.13,1.78,87.25,100,75,414
1629.43,COMP,1269935,20.35,19.61,1,49.45,0.59,29.17,100,72,426
1630.44,COMP,1270810,19.51,19.62,1,49.39,0.42,20.5,100,69,409
1631.47,COMP,1271904,19.74,19.61,1,49.45,0.36,17.9,100,69,414
1632.48,COMP,1272771,19.63,19.62,1,49.18,1.01,49.87,100,71,411
1633.48,COMP,1273631,19.98,19.63,1,49.34,1.16,57.33,100,73,419
1634.49,COMP,1274488,20.1,19.63,1,49.43,1.04,51.65,100,72,421
1635.5,COMP,1275347,19.51,19.64,1,49.29,1.42,69.84,100,73,409
1636.5,COMP,1276209,19.07,19.64,1,49.5,1.07,52.72,100,70,399
1637.51,COMP,1277070,18.96,19.65,1,49.3,0.65,32.24,100,68,397
1638.52,COMP,1277935,19.17,19.66,1,49.48,0.46,22.61,100,68,402
1639.52,COMP,1278801,20.23,19.66,1,49.39,0.74,36.75,100,72,424
1640.53,COMP,1279662,18.96,19.67,1,49.32,0.74,36.25,100,68,397
1641.55,COMP,1280523,19.63,19.67,1,49.29,1.23,60.52,100,72,411
1642.57,COMP,1281388,20.6,19.68,1,49.29,0.81,40.02,100,72,432
1643.59,COMP,1282249,18.96,19.69,1,49.53,0.71,35.32,100,68,397
1644.6,COMP,1283112,20.11,19.69,1,49.2,1.52,74.63,100,74,421
1645.61,COMP,1283977,20.6,19.7,1,49.43,0.81,39.84,100,73,432
1646.62,COMP,1284840,19.98,19.7,1,49.5,0.67,32.92,100,71,419
1647.64,COMP,1285701,19.86,19.71,1,49.39,0.88,43.61,100,71,416
1648.67,COMP,1286559,19.63,19.72,1,49.32,0.85,41.92,100,70,411
1649.67,COMP,1287408,19.29,19.73,1,49.34,0.94,46.48,100,70,404
1650.68,COMP,1288264,19.29,19.73,1,49.36,0.5,24.58,100,68,404
1651.7,COMP,1289122,19.29,19.74,1,49.45,0.78,38.67,100,69,404
1652.7,COMP,1289981,19.63,19.74,1,49.36,1.07,52.86,100,71,411
1653.71,COMP,1290849,20.1,19.75,1,49.46,0.67,33.19,100,72,421
1654.72,COMP,1291707,19.4,19.76,1,49.32,1.03,50.95,100,71,406
1655.73,COMP,1292575,20.35,19.76,1,49.25,1.6,78.9,100,74,426
1656.74,COMP,1293642,25.72,19.76,1,49.29,1.16,56.93,100,94,539
1657.75,COMP,1294686,21.4,19.76,1,49.57,0.16,8.13,100,76,448
1658.76,COMP,1295557,19.63,19.77,1,49.36,0.93,46.0,100,70,411
1659.78,COMP,1296412,19.51,19.77,1,49.34,0.92,45.34,100,70,409
1660.79,COMP,1297267,19.63,19.78,1,49.16,0.91,44.64,100,70,411
1661.79,COMP,1298121,19.63,19.79,1,49.41,0.89,43.88,100,70,411
1662.81,COMP,1299163,26.97,19.78,1,49.3,1.41,69.52,100,100,565
1663.84,COMP,1300348,26.97,19.78,0,49.59,1.2,59.26,95,100,565
1664.87,COMP,1301456,23.04,19.77,1,49.43,0.21,10.48,100,82,483
1665.88,COMP,1302360,19.51,19.78,1,49.36,1.1,54.54,100,70,409
1666.91,COMP,1303224,19.17,19.79,1,49.46,0.55,27.15,100,68,402
1667.92,COMP,1304085,19.29,19.79,1,49.32,1.23,60.76,100,71,404
1668.94,COMP,1304953,20.6,19.8,1,49.39,1.12,55.12,100,74,432
1669.95,COMP,1305819,19.4,19.81,1,49.43,0.52,25.8,100,69,406
1670.95,COMP,1306682,19.98,19.81,1,49.23,1.21,59.77,100,73,419
1671.97,COMP,1307554,19.98,19.82,1,49.45,0.98,48.46,100,72,419
1672.99,COMP,1308639,19.86,19.82,1,49.34,0.82,40.21,100,72,416
1674.01,COMP,1309508,19.86,19.82,1,49.32,0.92,45.23,100,72,416
1675.04,COMP,1310378,19.86,19.83,1,49.45,0.93,45.84,100,72,416
1676.04,COMP,1311308,26.97,19.83,0,49.32,1.53,75.31,90,100,565
1677.08,COMP,1312446,24.04,19.83,1,49.53,0.22,10.95,100,85,504
1678.1,COMP,1313380,19.18,19.83,1,49.18,1.11,54.64,100,70,402
1679.1,COMP,1314238,19.63,19.84,1,49.29,0.93,46.03,100,71,411
1680.1,COMP,1315093,19.51,19.85,1,49.34,0.94,46.33,100,71,409
1681.11,COMP,1315952,19.98,19.85,1,49.34,0.99,48.99,100,72,419
1682.12,COMP,1316826,19.63,19.86,1,49.22,1.32,64.87,100,72,411
1683.13,COMP,1317699,20.35,19.87,1,49.32,1.23,60.52,100,74,426
1684.14,COMP,1318576,19.98,19.87,1,49.29,0.84,41.15,100,72,419
1685.15,COMP,1319445,19.74,19.88,1,49.41,0.78,38.39,100,71,414
1686.16,COMP,1320302,19.86,19.89,1,49.41,1.09,53.61,100,72,416
1687.17,COMP,1321177,19.4,19.89,1,49.46,0.58,28.69,100,70,406
1688.18,COMP,1322059,19.86,19.9,1,49.34,0.67,33.01,100,71,416
1689.19,COMP,1322931,20.35,19.91,1,49.41,1.1,54.5,100,73,426
1690.2,COMP,1323904,26.97,19.91,0,49.3,1.22,60.05,87,100,565
1691.2,COMP,1325056,24.57,19.9,1,49.45,0.17,8.31,100,87,515
1692.22,COMP,1326015,19.29,19.91,1,49.41,0.18,8.99,100,69,404
1693.25,COMP,1326876,19.63,19.91,1,49.38,0.95,46.91,100,71,411
1694.25,COMP,1327735,19.63,19.92,1,49.29,0.92,45.25,100,71,411
1695.25,COMP,1328594,19.75,19.93,1,49.36,0.91,44.96,100,71,414
1696.26,COMP,1329453,19.63,19.94,1,49.41,0.86,42.59,100,71,411
1697.26,COMP,1330312,19.63,19.94,1,49.34,0.92,45.44,100,71,411
1698.26,COMP,1331171,19.63,19.95,1,49.36,0.92,45.41,100,71,411
1699.29,COMP,1332030,19.63,19.96,1,49.32,0.94,46.17,100,71,411
1700.32,COMP,1332890,19.63,19.97,1,49.27,0.93,45.72,100,71,411
1701.33,COMP,1333749,19.63,19.98,1,49.48,0.82,40.38,100,71,411
1702.36,COMP,1334607,19.51,19.98,1,49.32,0.9,44.44,100,71,409
1703.39,COMP,1335466,19.63,19.99,1,49.23,0.97,47.76,100,71,411
1704.39,COMP,1336325,19.74,20.0,1,49.3,0.91,45.01,100,71,414
1705.39,COMP,1337182,19.51,20.01,1,49.3,0.9,44.42,100,71,409
1706.39,COMP,1338037,19.63,20.02,1,49.2,1.13,55.69,100,71,411
1707.4,COMP,1338917,20.35,20.02,1,49.43,0.69,34.25,100,73,426
1708.41,COMP,1339790,19.86,20.03,1,49.41,0.39,19.27,100,71,416
1709.43,COMP,1340662,19.4,20.04,1,49.27,0.67,32.81,100,70,406
1710.44,COMP,1341537,20.73,20.05,1,49.45,1.33,65.76,100,76,434
1711.45,COMP,1342411,19.07,20.05,1,49.41,0.59,28.95,100,68,399
1712.46,COMP,1343342,26.97,20.06,0,49.29,1.5,73.83,88,100,565
1713.47,COMP,1344526,26.97,20.05,0,49.34,1.2,59.35,88,100,565
1714.5,COMP,1345710,27.19,20.04,0,49.34,1.17,57.92,87,100,570
1715.53,COMP,1347189,26.97,20.02,0,49.23,1.23,60.46,86,100,565
1716.57,COMP,1348373,27.19,20.01,0,49.34,1.14,56.39,86,100,570
1717.59,COMP,1349557,27.19,20.0,0,49.36,1.23,60.51,86,100,570
1718.61,COMP,1350741,26.97,20.0,0,49.32,1.23,60.57,85,100,565
1719.64,COMP,1351925,26.97,19.99,0,49.3,1.17,57.69,84,100,565
1720.64,COMP,1353109,26.97,19.98,0,49.59,1.27,62.97,84,100,565
1721.67,COMP,1354293,27.19,19.97,0,49.25,1.17,57.82,84,100,570
1722.68,COMP,1355476,26.97,19.96,0,49.34,1.22,60.24,83,100,565
1723.69,COMP,1356660,27.19,19.95,0,49.3,1.14,56.11,83,100,570
1724.72,COMP,1357844,27.19,19.95,0,49.23,1.19,58.59,83,100,570
1725.72,COMP,1359027,26.97,19.94,0,49.3,1.21,59.66,82,100,565
1726.75,COMP,1360211,27.19,19.93,0,49.34,1.22,60.09,82,100,570
1727.75,COMP,1361395,27.19,19.92,0,49.23,1.24,60.85,82,100,570
1728.78,COMP,1362579,27.19,19.91,0,49.25,1.18,58.26,82,100,570
1729.8,COMP,1363762,26.97,19.9,0,49.32,1.24,60.91,82,100,565
1730.81,COMP,1364946,27.19,19.89,0,49.32,1.2,58.94,82,100,570
1731.83,COMP,1366130,27.19,19.89,0,49.25,1.2,59.0,82,100,570
1732.87,COMP,1367609,27.19,19.86,0,49.29,1.22,59.93,82,100,570
1733.88,COMP,1368792,26.97,19.85,0,49.18,1.15,56.66,82,100,565
1734.9,COMP,1369976,27.19,19.84,0,49.32,1.22,59.93,82,100,570
1735.94,COMP,1371160,26.97,19.84,0,49.6,1.21,60.17,82,100,565
1736.97,COMP,1372343,27.19,19.83,0,49.36,1.17,57.5,82,100,570
1738.0,COMP,1373527,27.19,19.82,0,49.25,1.29,63.44,82,100,570
1739.03,COMP,1374710,27.19,19.81,0,49.22,1.16,56.89,82,100,570
1740.06,COMP,1375894,26.97,19.8,0,49.2,1.22,59.97,82,100,565
1741.09,COMP,1377077,27.19,19.79,0,49.36,1.19,58.69,82,100,570
1742.09,COMP,1378262,27.19,19.78,0,49.32,1.21,59.48,82,100,570
1743.1,COMP,1379445,27.19,19.77,0,49.2,1.16,56.92,82,100,570
1744.13,COMP,1380629,27.19,19.77,0,49.22,1.18,57.93,82,100,570
1745.15,COMP,1381812,27.19,19.76,0,49.32,1.19,58.79,81,100,570
1746.17,COMP,1382996,27.19,19.75,0,49.18,1.22,59.8,82,100,570
1747.19,COMP,1384179,26.97,19.74,0,49.34,1.19,58.91,82,100,565
1748.2,COMP,1385363,27.19,19.73,0,49.23,1.18,58.1,81,100,570
1749.23,COMP,1386841,26.97,19.7,0,49.29,1.17,57.81,81,100,565
1750.26,COMP,1388025,27.19,19.69,0,49.2,1.24,60.76,81,100,570
1751.3,COMP,1389208,26.97,19.68,0,49.27,1.17,57.64,82,100,565
1752.33,COMP,1390391,27.19,19.67,0,49.32,1.21,59.78,82,100,570
1753.33,COMP,1391574,27.19,19.66,0,49.16,1.15,56.68,82,100,570
1754.36,COMP,1392758,26.97,19.65,0,49.22,1.2,59.26,82,100,565
1755.36,COMP,1393941,26.97,19.64,0,49.32,1.24,61.26,82,100,565
1756.4,COMP,1395124,26.97,19.63,0,49.32,1.19,58.64,82,100,565
1757.43,COMP,1396308,27.19,19.62,0,49.39,1.23,60.9,82,100,570
1758.43,COMP,1397491,26.97,19.61,0,49.22,1.18,58.03,82,100,565
1759.46,COMP,1398674,27.19,19.6,0,49.27,1.23,60.6,81,100,570
1760.49,COMP,1399857,27.19,19.59,0,49.34,1.15,56.69,81,100,570
1761.49,COMP,1401040,27.19,19.58,0,49.34,1.19,58.66,81,100,570
1762.52,COMP,1402223,26.97,19.57,0,49.3,1.24,61.09,81,100,565
1763.53,COMP,1403406,27.19,19.56,0,49.22,1.19,58.52,82,100,570
1764.53,COMP,1404590,27.19,19.55,0,49.2,1.23,60.66,82,100,570
1765.53,COMP,1405773,26.97,19.54,0,49.25,1.2,58.95,82,100,565
1766.56,COMP,1407251,26.97,19.51,0,49.3,1.2,59.26,82,100,565
1767.59,COMP,1408434,26.97,19.5,0,49.3,1.2,59.07,82,100,565
1768.63,COMP,1409617,27.19,19.49,0,49.3,1.18,58.18,82,100,570
1769.66,COMP,1410800,27.19,19.48,0,49.3,1.19,58.82,82,100,570
1770.68,COMP,1411983,26.97,19.47,0,49.3,1.16,57.14,82,100,565
1771.68,COMP,1413168,27.19,19.46,0,49.16,1.24,61.16,82,100,570
1772.71,COMP,1414351,26.97,19.45,0,49.48,1.2,59.52,81,100,565
1773.71,COMP,1415534,26.97,19.44,0,49.2,1.21,59.33,82,100,565
1774.72,COMP,1416717,27.19,19.42,0,49.22,1.24,61.18,82,100,570
1775.72,COMP,1417900,27.19,19.41,0,49.15,1.24,60.89,82,100,570
1776.74,COMP,1419083,27.19,19.4,0,49.18,1.22,59.85,82,100,570
1777.76,COMP,1420266,27.19,19.39,0,49.18,1.16,56.95,82,100,570
1778.79,COMP,1421449,27.19,19.38,0,49.04,1.21,59.49,82,100,570
1779.81,COMP,1422632,26.97,19.37,0,49.15,1.21,59.61,82,100,565
1780.84,COMP,1423814,27.19,19.36,0,49.2,1.19,58.6,82,100,570
1781.87,COMP,1424997,26.97,19.34,0,49.3,1.21,59.81,82,100,565
1782.9,COMP,1426180,26.97,19.33,0,49.34,1.22,59.95,82,100,565
1783.9,COMP,1427363,26.97,19.32,0,49.29,1.21,59.74,82,100,565
1784.91,COMP,1428546,26.97,19.31,0,49.29,1.19,58.75,82,100,565
1785.94,COMP,1430024,27.19,19.28,0,49.3,1.18,58.43,82,100,570
1786.94,COMP,1431207,26.97,19.26,0,49.32,1.28,63.23,82,100,565
1787.98,COMP,1432390,27.19,19.25,0,49.2,1.21,59.38,81,100,570
1789.01,COMP,1433573,27.19,19.24,0,49.2,1.22,59.83,81,100,570
1790.04,COMP,1434756,26.97,19.23,0,49.22,1.18,58.17,81,100,565
1791.07,COMP,1435938,27.19,19.22,0,49.32,1.22,60.02,81,100,570
1792.07,COMP,1437121,26.97,19.2,0,49.3,1.18,58.33,81,100,565
1793.07,COMP,1438304,27.19,19.19,0,49.22,1.21,59.4,78,100,570
1794.07,COMP,1439487,26.97,19.18,0,49.09,1.25,61.46,80,100,565
1795.09,COMP,1440669,27.19,19.16,0,49.32,1.15,56.52,80,100,570
1796.12,COMP,1441852,26.97,19.15,0,49.2,1.22,60.07,80,100,565
1797.15,COMP,1443035,26.97,19.14,0,49.16,1.2,59.0,80,100,565
1798.15,COMP,1444217,26.97,19.12,0,49.29,1.18,58.41,80,100,565
1799.15,COMP,1445384,25.52,19.11,1,49.32,0.17,8.48,100,90,535
1800.16,COMP,1446379,20.1,19.11,1,49.16,0.25,12.29,100,72,421
1801.18,COMP,1447209,18.64,19.12,1,49.22,1.22,59.8,100,68,390
1802.2,COMP,1448045,19.75,19.13,1,49.16,1.39,68.39,100,72,414
1803.21,COMP,1448880,18.96,19.14,1,49.32,0.4,19.68,100,67,397
1804.21,COMP,1449713,19.17,19.15,1,49.22,0.79,38.78,100,69,402
1805.24,COMP,1450537,18.74,19.16,1,49.18,1.35,66.49,100,68,393
1806.24,COMP,1451373,19.86,19.17,1,49.29,1.24,61.26,100,72,416
1807.24,COMP,1452211,18.96,19.18,1,49.25,0.67,32.8,100,68,397
1808.26,COMP,1453048,19.74,19.19,1,49.32,0.72,35.66,100,70,414
1809.28,COMP,1453886,20.23,19.2,1,49.25,1.02,50.24,100,72,424
1810.29,COMP,1454721,19.98,19.21,1,49.23,1.31,64.5,100,73,419
1811.31,COMP,1455559,19.06,19.22,1,49.27,1.16,57.15,100,70,399
1812.32,COMP,1456400,18.85,19.23,1,49.22,0.98,48.23,100,68,395
1813.33,COMP,1457237,18.33,19.24,1,49.29,0.86,42.14,100,66,384
1814.34,COMP,1458075,18.23,19.25,1,49.16,0.68,33.19,100,65,382
1815.36,COMP,1459128,19.18,19.24,1,49.18,0.78,38.51,100,69,402
1816.37,COMP,1459960,19.75,19.25,1,49.08,1.29,63.21,100,71,414
1817.38,COMP,1460801,18.85,19.26,1,49.16,1.08,53.0,100,69,395
1818.39,COMP,1461648,18.74,19.27,1,49.29,0.58,28.44,100,67,393
1819.4,COMP,1462494,19.4,19.28,1,49.38,0.63,31.21,100,69,406
1820.42,COMP,1463338,20.11,19.29,1,49.39,0.89,44.11,100,72,421
1821.44,COMP,1464180,20.1,19.3,1,49.29,1.11,54.51,100,73,421
1822.45,COMP,1465020,19.74,19.31,1,49.15,1.41,69.1,100,72,414
1823.47,COMP,1465863,18.53,19.32,1,49.15,1.0,49.29,100,68,388
1824.49,COMP,1466708,18.43,19.33,1,49.36,0.71,34.94,100,66,386
1825.51,COMP,1467552,18.85,19.34,1,49.29,0.58,28.44,100,67,395
1826.52,COMP,1468395,19.86,19.35,1,49.13,1.16,56.99,100,73,416
1827.53,COMP,1469243,19.4,19.37,1,49.27,1.23,60.4,100,71,406
1828.53,COMP,1470088,19.06,19.37,1,49.08,0.99,48.34,100,69,399
1829.54,COMP,1471064,25.52,19.38,0,49.41,0.0,0.0,0,0,535
1830.54,COMP,1472054,19.98,19.37,0,49.41,0.0,0.0,0,0,419
1831.56,COMP,1472890,26.33,19.39,1,48.92,3.76,183.88,100,100,552
1832.56,COMP,1473950,21.54,19.38,1,49.48,0.24,11.63,100,76,451
1833.57,COMP,1474814,19.17,19.39,1,49.34,0.87,42.68,100,69,402
1834.59,COMP,1475654,19.29,19.4,1,49.27,0.91,44.93,100,69,404
1835.62,COMP,1476493,19.29,19.41,1,49.32,0.87,42.71,100,69,404
1836.63,COMP,1477333,19.17,19.43,1,49.25,0.9,44.13,100,69,402
1837.65,COMP,1478172,19.17,19.44,1,49.29,0.9,44.41,100,69,402
1838.68,COMP,1479012,19.29,19.45,1,49.29,0.94,46.53,100,69,404
1839.7,COMP,1479851,19.29,19.46,1,49.32,0.83,40.74,100,69,404
1840.72,COMP,1480691,19.29,19.47,1,49.29,0.87,42.68,100,69,404
1841.74,COMP,1481531,19.17,19.49,1,49.18,0.92,45.05,100,69,402
1842.76,COMP,1482370,19.17,19.5,1,49.34,0.9,44.5,100,69,402
1843.79,COMP,1483419,19.29,19.5,1,49.25,0.92,45.51,100,69,404
1844.82,COMP,1484259,19.29,19.51,1,49.13,0.91,44.61,100,69,404
1845.85,COMP,1485098,19.29,19.52,1,49.38,0.84,41.38,100,69,404
1846.86,COMP,1485938,19.18,19.54,1,49.27,0.88,43.5,100,69,402
1847.86,COMP,1486777,19.18,19.55,1,49.36,0.87,43.09,100,69,402
1848.86,COMP,1487617,19.18,19.56,1,49.23,0.87,42.93,100,69,402
1849.86,COMP,1488456,19.17,19.57,1,49.34,0.9,44.21,100,69,402
1850.86,COMP,1489295,19.17,19.58,1,49.23,1.0,49.28,100,69,402
1851.86,COMP,1490141,19.4,19.59,1,49.2,0.98,48.02,100,70,406
1852.87,COMP,1490993,19.51,19.6,1,49.36,0.92,45.16,100,71,409
1853.89,COMP,1491849,19.63,19.62,1,49.25,0.94,46.49,100,71,411
1854.9,COMP,1492710,19.75,19.63,1,49.25,0.96,47.08,100,71,414
1855.89,COMP,1493573,19.75,19.64,1,49.36,0.92,45.21,100,71,414
1856.9,COMP,1494440,19.74,19.65,1,49.32,0.87,43.11,100,72,414
1857.91,COMP,1495308,19.74,19.66,1,49.25,0.96,47.08,100,72,414
1858.92,COMP,1496179,19.98,19.67,1,49.2,0.9,44.48,100,72,419
1859.93,COMP,1497051,19.98,19.68,1,49.11,0.94,46.26,100,72,419
1860.94,COMP,1497923,19.98,19.69,1,49.2,0.96,47.38,100,72,419
1861.94,COMP,1498800,20.1,19.7,1,49.2,0.92,45.46,100,72,421
1862.95,COMP,1499676,20.1,19.71,1,49.29,0.91,44.65,100,72,421
1863.96,COMP,1500553,20.1,19.72,1,49.3,0.93,45.61,100,73,421
1864.97,COMP,1501420,20.48,19.73,1,49.11,1.33,65.17,100,74,429
1865.97,COMP,1502280,20.23,19.75,1,49.25,1.45,71.61,100,74,424
1866.98,COMP,1503147,19.86,19.76,1,49.3,0.38,18.88,100,70,416
1868.0,COMP,1504012,19.86,19.77,1,49.32,1.23,60.57,100,72,416
1869.01,COMP,1504875,18.96,19.78,1,49.22,0.76,37.16,100,68,397
1870.02,COMP,1505740,19.86,19.8,1,49.22,0.91,44.84,100,71,416
1871.03,COMP,1506597,19.51,19.81,1,49.11,0.8,39.09,100,70,409
1872.06,COMP,1507449,19.74,19.82,1,49.15,0.96,47.18,100,71,414
1873.09,COMP,1508325,20.1,19.84,1,49.13,0.77,37.63,100,72,421
1874.1,COMP,1509185,19.98,19.85,1,49.08,1.33,65.22,100,73,419
1875.11,COMP,1510057,20.1,19.86,1,49.18,0.97,47.75,100,72,421
1876.13,COMP,1510936,20.23,19.87,1,49.3,0.91,44.97,100,73,424
1877.15,COMP,1511822,20.23,19.89,1,49.25,0.82,40.44,100,73,424
1878.16,COMP,1512692,19.63,19.9,1,49.34,0.77,38.04,100,71,411
1879.17,COMP,1513560,20.6,19.91,1,49.25,1.09,53.49,100,75,432
1880.18,COMP,1514431,19.63,19.93,1,49.22,0.78,38.39,100,70,411
1881.19,COMP,1515300,19.86,19.94,1,49.16,1.07,52.6,100,72,416
1882.21,COMP,1516170,19.51,19.95,1,49.29,0.78,38.49,100,70,409
1883.22,COMP,1517042,19.51,19.97,1,49.32,0.64,31.52,100,70,409
1884.24,COMP,1517916,19.98,19.98,1,49.3,0.91,44.97,100,72,419
1885.25,COMP,1518793,20.1,19.99,1,49.32,0.87,43.06,100,72,421
1886.28,COMP,1519667,19.98,20.01,1,49.29,0.96,47.12,100,72,419
1887.28,COMP,1520539,19.86,20.02,1,49.15,0.9,44.48,100,72,416
1888.29,COMP,1521406,19.75,20.04,1,49.25,0.97,47.72,100,72,414
1889.29,COMP,1522273,19.86,20.05,1,49.3,0.85,42.01,100,72,416
1890.3,COMP,1523140,19.86,20.06,1,49.32,0.92,45.57,100,72,416
1891.32,COMP,1524008,19.86,20.08,1,49.25,0.9,44.08,100,72,416
1892.34,COMP,1524876,19.86,20.1,1,49.29,0.93,45.94,100,72,416
1893.35,COMP,1525960,19.86,20.09,1,49.25,0.95,46.64,100,72,416
1894.36,COMP,1526827,19.86,20.1,1,49.3,0.89,43.93,100,72,416
1895.37,COMP,1527694,19.86,20.12,1,49.22,0.9,44.44,100,72,416
1896.39,COMP,1528562,19.86,20.14,1,49.23,0.9,44.06,100,72,416
1897.39,COMP,1529429,19.86,20.15,1,49.3,0.88,43.34,100,72,416
1898.39,COMP,1530296,19.86,20.17,1,49.29,0.89,43.77,100,72,416
1899.39,COMP,1531164,19.86,20.18,1,49.08,0.96,47.11,100,72,416
1900.43,COMP,1532031,19.86,20.2,1,49.15,0.95,46.44,100,72,416
1901.43,COMP,1532898,19.86,20.21,1,49.3,0.89,43.93,100,72,416
1902.43,COMP,1533766,19.86,20.23,1,49.15,0.95,46.59,100,72,416
1903.43,COMP,1534633,19.86,20.24,1,49.22,0.92,45.33,100,72,416
1904.44,COMP,1535507,20.35,20.26,1,49.29,1.04,51.11,100,74,426
1905.45,COMP,1536407,20.35,20.27,1,49.34,0.87,42.73,100,73,426
1906.48,COMP,1537286,20.73,20.29,1,49.22,1.25,61.72,100,75,434
1907.5,COMP,1538175,19.51,20.31,1,49.15,1.14,56.22,100,72,409
1908.5,COMP,1539065,19.18,20.32,1,49.18,0.84,41.26,100,70,402
1909.51,COMP,1539955,20.1,20.34,1,49.25,0.94,46.35,100,72,421
1910.51,COMP,1540827,19.98,20.35,1,49.06,0.95,46.51,100,72,419
1911.53,COMP,1541707,20.35,20.37,1,49.3,0.9,44.62,100,73,426
1912.55,COMP,1542597,20.48,20.39,1,49.06,0.97,47.64,100,74,429
1913.56,COMP,1543493,20.6,20.4,1,49.25,0.95,46.89,100,74,432
1914.56,COMP,1544394,20.73,20.42,1,49.3,0.96,47.53,100,75,434
1915.57,COMP,1545299,20.6,20.43,1,49.2,0.95,46.49,100,75,432
1916.59,COMP,1546205,20.73,20.45,1,49.18,0.97,47.85,100,75,434
1917.59,COMP,1547117,21.0,20.46,1,49.16,0.94,46.26,100,75,440
1918.61,COMP,1548031,20.86,20.47,1,49.32,0.96,47.6,100,76,437
1919.62,COMP,1548944,20.73,20.49,1,49.27,0.81,39.81,100,74,434
1920.63,COMP,1549832,20.1,20.51,1,49.16,1.1,53.88,100,73,421
1921.65,COMP,1550733,19.75,20.52,1,49.2,0.73,36.01,100,71,414
1922.66,COMP,1551626,20.1,20.54,1,49.32,0.99,48.58,100,73,421
1923.67,COMP,1552516,20.48,20.56,1,49.2,1.16,57.02,100,75,429
1924.67,COMP,1553428,20.99,20.57,1,49.36,0.88,43.58,100,75,440
1925.69,COMP,1554318,20.6,20.59,1,49.22,1.16,57.04,100,75,432
1926.69,COMP,1555220,19.98,20.61,1,49.25,1.2,58.95,100,73,419
1927.69,COMP,1556120,21.13,20.62,1,49.2,1.2,58.84,100,77,443
1928.7,COMP,1557018,20.73,20.64,1,49.09,0.99,48.75,100,75,434
1929.71,COMP,1557931,20.23,20.66,1,49.34,0.63,31.08,100,73,424
1930.72,COMP,1558835,20.23,20.67,1,49.3,0.41,20.26,100,72,424
1931.74,COMP,1559737,21.4,20.69,1,49.23,1.07,52.88,100,77,448
1932.75,COMP,1560642,20.48,20.71,1,49.48,0.77,37.95,100,73,429
1933.76,COMP,1561544,20.23,20.73,1,49.32,0.65,32.21,100,72,424
1934.78,COMP,1562443,20.1,20.75,1,49.25,0.86,42.16,100,73,421
1935.8,COMP,1563350,21.4,20.77,1,49.22,1.13,55.66,100,78,448
1936.83,COMP,1564253,20.48,20.79,1,49.25,0.91,45.02,100,74,429
1937.84,COMP,1565159,20.86,20.81,1,49.36,0.4,19.79,100,74,437
1938.85,COMP,1566066,21.13,20.83,1,49.15,1.45,71.31,100,76,443
1939.87,COMP,1566973,21.26,20.85,1,49.25,1.1,54.03,100,77,446
1940.89,COMP,1567884,20.73,20.87,1,49.3,0.77,37.77,100,74,434
1941.9,COMP,1568788,19.98,20.89,1,49.29,0.9,44.51,100,72,419
1942.92,COMP,1569702,20.48,20.91,1,49.23,0.55,27.23,100,73,429
1943.93,COMP,1570842,20.73,20.9,1,49.13,0.42,20.78,100,73,434
1944.94,COMP,1571754,20.99,20.92,1,49.34,0.89,43.76,100,74,440
1945.95,COMP,1572666,22.11,20.94,1,48.99,1.17,57.12,100,80,463
1947.0,COMP,1573584,20.99,20.96,1,49.32,0.78,38.27,100,76,440
1948.03,COMP,1574493,21.4,20.98,1,48.86,1.7,83.22,100,79,448
1949.04,COMP,1575414,20.86,21.0,1,49.2,0.93,45.8,100,76,437
1950.05,COMP,1576328,20.99,21.02,1,49.32,0.95,46.76,100,75,440
1951.06,COMP,1577238,20.86,21.04,1,49.2,0.78,38.42,100,75,437
1952.06,COMP,1578144,20.6,21.07,1,49.22,0.87,42.82,100,74,432
1953.07,COMP,1579068,20.99,21.09,1,49.38,0.69,33.82,100,75,440
1954.09,COMP,1579979,20.86,21.11,1,49.15,0.98,47.97,100,75,437
1955.1,COMP,1580893,21.0,21.13,1,49.3,0.93,45.61,100,75,440
1956.12,COMP,1581807,20.86,21.16,1,49.16,0.98,47.98,100,75,437
1957.13,COMP,1582721,20.86,21.18,1,49.32,0.94,46.31,100,75,437
1958.14,COMP,1583634,21.0,21.2,1,49.29,0.95,46.92,100,75,440
1959.15,COMP,1584548,20.86,21.22,1,49.27,0.95,46.71,100,75,437
1960.15,COMP,1585462,20.99,21.25,1,49.18,0.94,46.43,100,75,440
1961.18,COMP,1586375,20.99,21.27,1,49.22,0.95,46.61,100,75,440
1962.2,COMP,1587289,20.99,21.3,1,49.29,0.97,47.81,100,75,440
1963.23,COMP,1588203,20.86,21.33,1,49.08,0.94,46.18,100,75,437
1964.24,COMP,1589116,20.86,21.35,1,49.27,0.94,46.36,100,75,437
1965.24,COMP,1590043,21.4,21.38,1,49.29,1.11,54.71,100,78,448
1966.26,COMP,1590993,21.54,21.4,1,49.15,0.81,39.91,100,78,451
1967.28,COMP,1591959,26.97,21.42,0,49.06,2.02,99.15,82,100,565
1968.3,COMP,1593140,27.19,21.41,0,49.08,1.18,58.01,80,100,570
1969.3,COMP,1594323,26.97,21.39,0,48.92,1.28,62.37,77,100,565
1970.33,COMP,1595505,26.97,21.38,0,49.16,1.19,58.7,77,100,565
1971.36,COMP,1596982,26.97,21.32,0,49.2,1.26,61.94,78,100,565
1972.37,COMP,1598164,26.97,21.31,0,49.25,1.15,56.74,78,100,565
1973.37,COMP,1599346,27.19,21.29,0,49.25,1.19,58.46,78,100,570
1974.4,COMP,1600528,26.97,21.28,0,49.22,1.19,58.62,78,100,565
1975.43,COMP,1601710,27.19,21.27,0,49.29,1.2,59.1,78,100,570
1976.46,COMP,1602892,26.97,21.25,0,49.25,1.2,59.05,78,100,565
1977.49,COMP,1604074,26.97,21.24,0,49.25,1.17,57.62,78,100,565
1978.52,COMP,1605256,26.97,21.23,0,49.25,1.18,58.21,78,100,565
1979.54,COMP,1606438,26.97,21.21,0,49.27,1.19,58.53,77,100,565
1980.56,COMP,1607620,27.19,21.2,0,49.25,1.21,59.69,78,100,570
1981.57,COMP,1608803,26.97,21.18,0,49.15,1.1,54.01,77,100,565
1982.59,COMP,1609985,27.19,21.16,0,49.25,1.15,56.54,77,100,570
1983.6,COMP,1611167,26.97,21.15,0,49.27,1.25,61.34,78,100,565
1984.63,COMP,1612349,26.97,21.13,0,49.29,1.15,56.78,78,100,565
1985.66,COMP,1613531,26.97,21.12,0,49.2,1.22,59.97,77,100,565
1986.66,COMP,1614713,27.19,21.1,0,49.16,1.15,56.59,77,100,570
1987.67,COMP,1615895,27.19,21.08,0,49.13,1.23,60.23,77,100,570
1988.67,COMP,1617077,26.97,21.06,0,49.06,1.16,57.1,77,100,565
1989.68,COMP,1618258,26.97,21.04,0,49.22,1.17,57.58,77,100,565
1990.68,COMP,1619440,26.97,21.02,0,49.22,1.2,58.91,77,100,565
1991.71,COMP,1620622,26.97,21.0,0,49.15,1.21,59.27,77,100,565
1992.71,COMP,1621804,26.97,20.98,0,49.16,1.25,61.55,77,100,565
1993.74,COMP,1623280,27.19,20.9,0,49.2,1.15,56.33,77,100,570
1994.77,COMP,1624462,26.97,20.89,0,49.25,1.2,59.2,77,100,565
1995.81,COMP,1625644,26.97,20.87,0,49.13,1.23,60.62,77,100,565
1996.81,COMP,1626825,26.97,20.85,0,49.16,1.18,57.96,77,100,565
1997.81,COMP,1628007,26.97,20.82,0,49.15,1.21,59.61,77,100,565
1998.83,COMP,1629189,26.97,20.8,0,49.15,1.24,60.94,77,100,565
1999.87,COMP,1630370,26.97,20.78,0,49.18,1.17,57.59,70,100,565
2000.9,COMP,1631552,26.97,20.76,0,49.25,1.14,56.15,77,100,565
2001.93,COMP,1632734,27.19,20.74,0,49.13,1.22,59.74,78,100,570
2002.93,COMP,1633915,27.19,20.71,0,49.23,1.13,55.63,78,100,570
2003.93,COMP,1635097,26.97,20.68,0,49.13,1.22,59.99,78,100,565
2004.93,COMP,1636278,26.97,20.65,0,49.18,1.24,61.13,78,100,565
2005.93,COMP,1637460,27.19,20.62,0,49.2,1.19,58.6,78,100,570
2006.93,COMP,1638641,26.97,20.59,0,49.11,1.21,59.42,78,100,565
2007.96,COMP,1639823,27.19,20.57,0,49.22,1.14,56.25,78,100,570
2008.96,COMP,1641005,26.97,20.54,0,49.04,1.25,61.25,78,100,565
2009.99,COMP,1642186,26.97,20.51,0,49.22,1.14,56.25,80,100,565
2011.02,COMP,1643368,27.19,20.49,0,49.3,1.22,60.15,80,100,570
2012.05,COMP,1644550,26.97,20.46,0,49.22,1.16,56.84,80,100,565
2013.08,COMP,1645732,26.97,20.43,0,49.15,1.19,58.43,80,100,565
2014.1,COMP,1646913,27.19,20.4,0,49.22,1.24,60.98,80,100,570
2015.13,COMP,1648390,26.97,20.31,0,49.11,1.15,56.62,80,100,565
2016.16,COMP,1649571,27.19,20.28,0,49.2,1.23,60.42,80,100,570
2017.18,COMP,1650752,26.97,20.24,0,49.18,1.1,54.3,80,100,565
2018.2,COMP,1651934,27.19,20.21,0,49.13,1.19,58.27,80,100,570
2019.2,COMP,1653115,27.19,20.17,0,49.22,1.21,59.4,80,100,570
2020.23,COMP,1654296,26.97,20.14,0,49.15,1.2,59.17,80,100,565
2021.23,COMP,1655478,26.97,20.09,0,49.08,1.25,61.15,80,100,565
2022.24,COMP,1656659,27.19,20.05,0,49.23,1.16,56.87,80,100,570
2023.27,COMP,1657840,26.97,20.02,0,49.18,1.22,59.75,80,100,565
2024.27,COMP,1659022,26.97,19.97,0,49.3,1.17,57.59,80,100,565
2025.27,COMP,1660203,27.19,19.93,0,49.11,1.21,59.42,80,100,570
2026.3,COMP,1661384,27.19,19.89,0,49.2,1.15,56.68,80,100,570
2027.3,COMP,1662565,26.97,19.84,0,49.2,1.2,58.89,80,100,565
2028.31,COMP,1663746,27.19,19.79,0,49.13,1.19,58.56,80,100,570
2029.31,COMP,1664928,27.19,19.74,0,49.46,1.19,58.76,80,100,570
2030.34,COMP,1666109,27.19,19.7,0,49.15,1.2,59.02,80,100,570
2031.34,COMP,1667290,27.19,19.64,0,49.2,1.17,57.37,80,100,570
2032.34,COMP,1668471,27.19,19.59,0,49.15,1.2,59.02,80,100,570
2033.37,COMP,1669652,26.97,19.54,0,49.02,1.13,55.59,80,100,565
2034.37,COMP,1670834,27.19,19.48,0,49.11,1.19,58.39,83,100,570
2035.4,COMP,1672015,26.97,19.42,0,49.16,1.26,62.14,76,100,565
2036.43,COMP,1673196,26.97,19.37,0,49.18,1.21,59.36,76,100,565
2037.44,COMP,1674377,27.19,19.31,0,49.08,1.18,57.91,76,100,570
2038.45,COMP,1675559,26.97,19.24,0,49.11,1.17,57.51,76,100,565
2039.45,COMP,1676740,26.97,19.18,0,49.11,1.24,60.95,76,100,565
2040.45,COMP,1677921,27.19,19.1,0,49.11,1.16,57.17,76,100,570
2041.48,COMP,1679102,27.19,19.04,0,49.16,1.2,59.14,76,100,570
2042.51,COMP,1680284,26.97,18.97,0,49.25,1.14,56.0,76,100,565
2043.54,COMP,1681760,27.19,18.8,0,49.29,1.14,55.94,76,100,570
2044.54,COMP,1682941,26.97,18.72,0,49.25,1.19,58.61,76,100,565
2045.58,COMP,1684122,27.19,18.65,0,49.18,1.15,56.51,62,100,570
2046.58,COMP,1685303,26.97,18.56,0,49.22,1.2,59.21,67,100,565
2047.58,COMP,1686484,26.97,18.46,0,49.18,1.12,54.98,71,100,565
2048.59,COMP,1687665,27.19,18.37,0,49.2,1.22,59.83,71,100,570
2049.62,COMP,1688846,26.97,18.28,0,49.22,1.16,57.29,71,100,565
2050.65,COMP,1690027,27.19,18.19,0,49.22,1.15,56.55,71,100,570
2051.65,COMP,1691208,26.97,18.08,0,49.2,1.27,62.38,71,100,565
2052.65,COMP,1692389,26.97,17.97,0,49.18,1.15,56.61,71,100,565
2053.68,COMP,1693570,27.19,17.86,0,49.13,1.25,61.21,71,100,570
2054.68,COMP,1694751,26.97,17.74,0,49.04,1.17,57.43,71,100,565
2055.71,COMP,1695932,26.97,17.62,0,49.34,1.21,59.7,71,100,565
2056.74,COMP,1697113,26.97,17.5,0,49.27,1.15,56.51,71,100,565
2057.74,COMP,1698293,26.97,17.36,0,49.16,1.2,58.85,71,100,565
2058.77,COMP,1699474,26.97,17.23,0,49.18,1.16,57.1,71,100,565
2059.8,COMP,1700655,27.19,17.08,0,49.16,1.18,58.01,71,100,570
2060.82,COMP,1701836,26.97,16.93,0,49.08,1.27,62.52,71,100,565
2061.85,COMP,1703018,26.97,16.78,0,49.11,1.21,59.62,71,100,565
2062.88,COMP,1704199,26.97,16.61,0,49.08,1.23,60.12,71,100,565
2063.92,COMP,1705675,26.97,16.27,0,49.13,1.14,55.81,71,100,565
2064.95,COMP,1706856,27.19,16.09,0,49.16,1.18,58.01,71,100,570
2065.98,COMP,1708037,26.97,15.89,0,49.2,1.16,57.17,71,100,565
2066.98,COMP,1709218,26.97,15.66,0,49.18,1.2,59.26,71,100,565
2067.99,COMP,1710400,27.19,15.42,0,49.04,1.23,60.27,71,100,570
2069.0,COMP,1711581,27.19,15.17,0,49.01,1.17,57.38,71,100,570
2070.03,COMP,1712704,23.7,14.94,1,49.36,0.24,11.9,100,84,497
2071.06,COMP,1713620,18.43,14.85,1,49.41,0.2,10.03,100,65,386
2072.09,COMP,1714322,15.29,14.89,1,49.13,1.08,52.96,100,56,320
2073.09,COMP,1714964,14.61,14.98,1,49.2,0.68,33.41,100,52,306
2074.09,COMP,1715601,14.55,15.07,1,49.15,0.7,34.4,100,52,305
2075.11,COMP,1716239,14.61,15.18,1,49.25,0.69,34.18,100,52,306
2076.13,COMP,1716893,14.3,15.28,1,49.22,0.48,23.67,100,51,299
2077.15,COMP,1717557,14.55,15.39,1,49.13,0.73,35.91,100,53,305
2078.17,COMP,1718228,14.68,15.49,1,49.25,0.72,35.66,100,53,307
2079.17,COMP,1718906,14.68,15.6,1,49.22,0.45,22.2,100,52,307
2080.19,COMP,1719588,15.15,15.71,1,49.25,0.42,20.44,100,53,317
2081.22,COMP,1720272,15.5,15.85,1,49.29,0.32,15.92,100,55,325
2082.23,COMP,1720962,16.1,15.98,1,49.25,1.09,53.54,100,57,337
2083.24,COMP,1721654,16.18,16.13,1,49.16,0.88,43.21,100,57,339
2084.25,COMP,1722346,15.65,16.29,1,49.16,0.76,37.27,100,56,328
2085.26,COMP,1723048,16.5,16.47,1,49.06,1.02,49.84,100,61,346
2086.27,COMP,1723762,16.5,16.64,1,49.22,0.78,38.34,100,59,346
2087.27,COMP,1724484,16.5,16.83,1,49.22,0.8,39.18,100,59,346
2088.3,COMP,1725222,16.26,17.06,1,49.23,0.53,26.14,100,58,341
2089.33,COMP,1726167,17.55,16.95,1,49.16,0.86,42.28,100,63,368
2090.36,COMP,1726936,17.55,17.17,1,49.2,0.84,41.33,100,63,368
2091.4,COMP,1727705,17.55,17.47,1,49.16,0.81,39.92,100,63,368
2092.43,COMP,1728473,17.65,17.84,1,49.2,0.87,42.56,100,63,370
2093.44,COMP,1729262,18.85,18.22,1,49.2,0.77,38.03,100,67,395
2094.45,COMP,1730066,17.55,18.63,1,49.22,0.67,32.83,100,63,368
2095.46,COMP,1730893,19.07,19.18,1,49.18,0.89,43.72,100,69,399
2096.49,COMP,1731743,19.86,19.98,1,49.15,0.73,36.02,100,72,416
2097.5,COMP,1732623,20.99,21.14,1,49.29,-0.53,-26.07,100,75,440
2098.52,COMP,1733561,23.04,23.04,1,49.3,-1.12,-55.12,100,81,483
2099.54,COMP,1734601,25.13,29.62,1,49.18,0.51,24.89,100,89,527
2100.56,COMP,1735656,22.11,0.0,1,49.34,0.28,13.57,100,78,463
2101.56,COMP,1736634,22.26,0.0,1,49.18,1.04,51.39,100,81,467
2102.59,COMP,1737614,22.26,0.0,1,49.13,1.05,51.49,100,81,467
2103.62,COMP,1738592,22.41,0.0,1,49.25,0.98,48.12,100,81,470
2104.62,COMP,1739571,22.41,0.0,1,49.01,1.0,49.25,100,81,470
2105.65,COMP,1740550,22.41,0.0,1,49.08,1.02,50.01,100,81,470
2106.68,COMP,1741528,22.57,0.0,1,49.22,0.98,48.23,100,81,473
2107.71,COMP,1742751,22.41,0.0,1,49.13,0.97,47.75,100,81,470
2108.73,COMP,1743730,22.26,0.0,1,49.04,1.06,51.79,100,81,467
2109.75,COMP,1744880,27.19,0.0,0,49.15,1.16,57.21,77,100,570
2110.78,COMP,1746029,24.39,0.0,1,49.3,0.22,10.65,100,87,511
2111.81,COMP,1747025,22.41,0.0,1,49.2,0.96,46.99,100,81,470
2112.81,COMP,1748042,26.97,0.0,0,49.2,1.4,69.12,67,100,565
2113.84,COMP,1749115,22.11,0.0,0,49.32,0.0,0.0,0,0,463
2114.87,COMP,1749956,16.84,0.0,0,49.27,0.0,0.0,0,0,353
2115.9,COMP,1750582,12.11,0.0,0,49.3,0.0,0.0,0,0,253
2116.9,COMP,1751012,7.84,0.0,0,49.29,0.0,0.0,0,0,164
2117.92,COMP,1751262,4.03,0.0,0,49.32,0.0,0.0,0,0,84
2118.93,COMP,1751350,0.94,0.0,0,49.29,0.0,0.0,0,0,19
2119.94,COMP,1751351,0.0,0.0,0,49.32,0.0,0.0,0,0,0
2120.96,COMP,1751351,0.0,0.0,0,49.32,0.0,0.0,0,0,0
