Time,State,Ticks,Speed,Target,SmartCruise,Volts,Amps,PowerInst,Throttle,Duty,RPM
1.01,RACE,27054,0.0,16.4,0,52.37,0.0,0.0,0,0,0
2.02,RACE,27055,0.0,16.4,0,52.31,0.0,0.0,0,0,0
3.02,RACE,27055,0.0,16.41,0,52.35,0.0,0.0,0,0,0
4.03,RACE,27086,1.82,16.42,1,49.34,13.96,688.92,100,27,38
5.04,RACE,27208,3.88,16.43,1,49.22,16.86,830.03,100,35,81
6.05,RACE,27437,6.37,16.43,1,49.01,19.3,945.89,100,45,133
7.06,RACE,27861,9.01,16.44,1,49.9,20.24,1009.77,100,53,189
8.09,RACE,28298,10.91,16.44,1,49.29,19.72,972.14,100,59,228
9.12,RACE,28813,12.57,16.44,1,49.83,19.73,982.99,100,65,263
10.14,RACE,29402,14.12,16.44,1,50.64,20.03,1014.39,100,70,296
11.15,RACE,30054,15.8,16.45,1,49.97,20.04,1001.61,100,75,331
12.16,RACE,30755,16.5,16.45,1,50.4,13.93,702.05,100,73,346
13.16,RACE,31472,16.34,16.45,1,50.48,10.36,522.95,100,70,342
14.18,RACE,32190,16.42,16.45,1,51.42,5.5,282.53,100,63,344
15.21,RACE,32911,16.42,16.45,1,50.85,10.7,544.27,100,71,344
16.21,RACE,33633,16.59,16.45,1,51.01,10.04,512.04,100,70,347
17.24,RACE,34354,16.5,16.45,1,50.68,10.34,524.09,100,71,346
18.24,RACE,35077,17.37,16.45,1,51.71,3.29,169.93,100,63,364
19.27,RACE,35798,16.18,16.45,1,50.62,13.39,677.69,100,72,339
20.27,RACE,36520,16.59,16.45,1,50.99,6.59,336.2,100,67,347
21.28,RACE,37242,16.42,16.46,1,51.52,4.78,246.47,100,65,344
22.28,RACE,37964,16.42,16.46,1,51.47,4.64,238.91,100,65,344
23.31,RACE,38686,16.5,16.46,1,51.84,1.39,72.21,100,59,346
24.33,RACE,39407,16.42,16.46,1,51.22,5.43,278.33,100,67,344
25.36,RACE,40129,16.5,16.46,1,51.22,8.68,444.75,100,66,346
26.38,RACE,40851,16.5,16.46,1,51.56,3.11,160.39,100,61,346
27.41,RACE,41572,16.42,16.46,1,51.26,6.41,328.61,100,67,344
28.43,RACE,42294,16.5,16.46,1,51.43,5.89,302.84,100,64,346
29.45,RACE,43016,16.59,16.46,1,50.89,12.02,611.51,100,71,347
30.46,RACE,43738,16.5,16.46,1,51.47,3.96,204.02,100,64,346
31.46,RACE,44459,16.67,16.46,1,51.5,3.2,164.66,100,63,349
32.48,RACE,45181,16.26,16.46,1,52.01,2.43,126.24,100,57,341
33.48,RACE,45903,16.59,16.47,1,51.96,0.72,37.31,100,57,347
34.51,RACE,46805,16.5,16.46,1,51.27,6.42,329.23,100,67,346
35.53,RACE,47526,16.42,16.47,1,51.54,2.45,126.42,100,62,344
36.57,RACE,48250,16.1,16.47,1,52.08,2.27,118.38,100,56,337
37.58,RACE,48972,16.59,16.47,1,51.24,7.61,389.93,100,67,347
38.6,RACE,49695,16.59,16.47,1,51.78,3.31,171.56,100,63,347
39.6,RACE,50418,16.42,16.47,1,52.01,-0.03,-1.56,100,57,344
40.63,RACE,51140,16.5,16.47,1,51.47,2.46,126.66,100,63,346
41.63,RACE,51861,16.67,16.47,1,51.73,4.44,229.69,100,61,349
42.64,RACE,52583,16.42,16.47,1,51.22,7.56,387.03,100,68,344
43.64,RACE,53305,16.59,16.47,1,51.68,3.67,189.77,100,62,347
44.67,RACE,54026,16.26,16.47,1,51.5,9.34,480.99,100,63,341
45.7,RACE,54748,16.59,16.47,1,51.1,8.37,427.64,100,68,347
46.73,RACE,55470,16.59,16.48,1,51.54,3.75,193.06,100,64,347
47.76,RACE,56192,16.59,16.48,1,51.36,5.83,299.34,100,65,347
48.76,RACE,56913,16.59,16.48,1,51.15,7.63,390.13,100,67,347
49.79,RACE,57635,16.67,16.48,1,51.1,8.68,443.28,100,69,349
50.82,RACE,58357,16.59,16.48,1,51.57,4.63,238.73,100,63,347
51.82,RACE,59079,16.59,16.48,1,51.86,5.15,267.05,100,66,347
52.84,RACE,59800,16.42,16.48,1,51.12,6.8,347.38,100,67,344
53.84,RACE,60522,16.34,16.48,1,49.94,14.26,712.25,100,74,342
54.87,RACE,61244,16.42,16.48,1,51.22,6.29,322.28,100,67,344
55.88,RACE,61965,16.18,16.48,1,50.76,11.8,599.17,100,71,339
56.91,RACE,62868,16.42,16.48,1,51.33,6.0,307.71,100,66,344
57.93,RACE,63589,16.42,16.48,1,51.47,6.09,313.34,100,63,344
58.97,RACE,64311,16.42,16.48,1,51.66,4.47,230.77,100,64,344
59.97,RACE,65033,16.59,16.49,1,51.54,5.45,280.99,100,63,347
60.97,RACE,65754,16.42,16.49,1,51.31,4.11,210.88,100,63,344
61.98,RACE,66476,16.59,16.49,1,51.19,7.35,376.32,100,67,347
62.99,RACE,67198,16.5,16.49,1,51.66,8.87,458.44,100,68,346
64.01,RACE,67919,16.59,16.49,1,51.13,8.29,423.85,100,68,347
65.03,RACE,68641,16.42,16.49,1,51.64,3.57,184.37,100,62,344
66.05,RACE,69363,16.42,16.49,1,51.5,4.22,217.24,100,65,344
67.07,RACE,70085,16.59,16.49,1,51.98,0.58,30.25,100,58,347
68.09,RACE,70806,16.59,16.49,1,51.22,6.23,318.9,100,65,347
69.1,RACE,71528,16.76,16.49,1,51.1,6.6,337.14,100,68,351
70.1,RACE,72250,16.42,16.49,1,50.94,8.3,422.65,100,69,344
71.13,RACE,72972,16.59,16.5,1,51.47,4.87,250.8,100,63,347
72.15,RACE,73694,16.59,16.5,1,51.61,2.63,135.63,100,61,347
73.18,RACE,74417,16.42,16.5,1,51.84,1.49,77.34,100,60,344
74.2,RACE,75139,16.42,16.5,1,52.01,3.04,157.91,100,63,344
75.21,RACE,75861,16.26,16.5,1,51.87,2.62,135.75,100,58,341
76.24,RACE,76584,16.5,16.5,1,51.99,-0.39,-20.49,100,57,346
77.27,RACE,77305,16.5,16.5,1,51.59,4.07,209.98,100,63,346
78.28,RACE,78026,16.42,16.5,1,51.71,2.15,111.03,100,62,344
79.31,RACE,78928,16.59,16.5,1,51.22,5.42,277.62,100,64,347
80.34,RACE,79650,16.5,16.5,1,51.42,3.68,189.21,100,63,346
81.36,RACE,80372,16.5,16.5,1,51.45,5.07,260.59,100,64,346
82.37,RACE,81093,16.5,16.5,1,51.26,4.51,231.17,100,63,346
83.37,RACE,81815,16.59,16.51,1,51.43,7.28,374.23,100,65,347
84.39,RACE,82537,16.5,16.51,1,51.42,5.18,266.54,100,64,346
85.39,RACE,83259,16.59,16.51,1,51.35,5.66,290.56,100,65,347
86.42,RACE,83981,16.5,16.51,1,50.55,14.26,720.94,100,74,346
87.44,RACE,84703,16.67,16.51,1,51.84,2.77,143.69,100,59,349
88.46,RACE,85424,16.59,16.51,1,51.5,4.5,231.92,100,62,347
89.49,RACE,86147,16.5,16.51,1,51.71,2.86,147.95,100,62,346
90.51,RACE,86868,16.1,16.51,1,50.34,14.95,752.56,100,78,337
91.51,RACE,87591,16.59,16.51,1,51.31,6.84,351.0,100,65,347
92.54,RACE,88312,16.5,16.51,1,50.83,8.0,406.82,100,68,346
93.56,RACE,89034,16.59,16.51,1,51.42,4.71,242.32,100,64,347
94.58,RACE,89756,16.34,16.52,1,51.82,3.62,187.74,100,62,342
95.61,RACE,90477,16.42,16.52,1,51.24,6.59,337.67,100,66,344
96.63,RACE,91199,16.5,16.52,1,52.05,0.02,0.83,100,57,346
97.65,RACE,91921,16.42,16.52,1,51.84,4.66,241.66,100,65,344
98.68,RACE,92642,16.59,16.52,1,50.78,8.75,444.55,100,68,347
99.7,RACE,93544,16.59,16.52,1,51.13,7.73,395.42,100,67,347
100.72,RACE,94266,16.59,16.52,1,51.22,6.33,324.02,100,66,347
101.73,RACE,94988,16.59,16.52,1,51.31,6.59,338.23,100,66,347
102.77,RACE,95710,16.34,16.52,1,50.71,7.3,369.94,100,68,342
103.78,RACE,96431,16.5,16.52,1,51.27,7.39,378.91,100,66,346
104.78,RACE,97152,16.5,16.52,1,51.12,7.02,358.73,100,66,346
105.78,RACE,97874,16.42,16.52,1,51.68,2.52,130.33,100,62,344
106.81,RACE,98597,16.5,16.53,1,51.42,4.72,242.78,100,65,346
107.84,RACE,99318,16.59,16.53,1,51.15,8.11,415.04,100,67,347
108.87,RACE,100041,16.67,16.53,1,51.84,5.95,308.38,100,63,349
109.87,RACE,100763,16.5,16.53,1,51.68,0.99,51.06,100,61,346
110.88,RACE,101484,16.5,16.53,1,51.01,5.32,271.58,100,65,346
111.91,RACE,102207,16.59,16.53,1,50.96,8.74,445.27,100,68,347
112.91,RACE,102930,16.5,16.53,1,51.31,5.15,264.04,100,64,346
113.93,RACE,103652,16.42,16.53,1,51.82,1.09,56.33,100,60,344
114.94,RACE,104373,16.5,16.53,1,51.43,3.04,156.1,100,63,346
115.96,RACE,105095,16.5,16.53,1,51.05,8.98,458.65,100,70,346
116.96,RACE,105817,16.5,16.53,1,51.7,3.83,197.84,100,60,346
117.99,RACE,106539,16.5,16.54,1,51.31,6.7,343.72,100,65,346
119.0,RACE,107262,16.59,16.54,1,51.57,2.67,137.6,100,61,347
120.02,RACE,107984,16.5,16.54,1,51.75,1.34,69.5,100,61,346
121.03,RACE,108706,16.67,16.54,1,51.19,8.12,415.84,100,68,349
122.03,RACE,109428,16.42,16.54,1,51.19,6.26,320.42,100,66,344
123.06,RACE,110150,16.5,16.54,1,51.26,6.87,352.24,100,64,346
124.08,RACE,110872,16.42,16.54,1,50.92,9.1,463.44,100,69,344
125.1,RACE,111594,16.5,16.54,1,51.24,6.52,333.87,100,67,346
126.11,RACE,112316,16.5,16.54,1,51.43,3.84,197.25,100,63,346
127.13,RACE,113038,16.42,16.54,1,51.08,5.99,305.98,100,66,344
128.13,RACE,113761,16.59,16.55,1,51.78,7.39,382.53,100,66,347
129.14,RACE,114483,16.34,16.55,1,51.75,5.46,282.7,100,65,342
130.14,RACE,115205,16.42,16.55,1,51.47,4.91,252.45,100,61,344
131.17,RACE,115926,16.5,16.55,1,50.41,12.68,639.12,100,72,346
132.19,RACE,116829,16.5,16.55,1,50.99,8.53,434.77,100,70,346
133.2,RACE,117551,16.26,16.55,1,51.05,13.23,675.13,100,67,341
134.22,RACE,118273,16.34,16.55,1,51.56,3.58,184.73,100,62,342
135.26,RACE,118999,16.5,16.55,1,51.27,6.99,358.41,100,65,346
136.29,RACE,119726,16.59,16.55,1,51.17,6.21,317.76,100,67,347
137.3,RACE,120452,16.59,16.55,1,51.42,5.76,296.36,100,65,347
138.33,RACE,121178,16.67,16.55,1,51.75,1.43,74.05,100,60,349
139.34,RACE,121904,16.5,16.55,1,51.08,5.85,298.93,100,67,346
140.34,RACE,122631,16.67,16.55,1,51.1,7.48,381.96,100,69,349
141.34,RACE,123357,16.67,16.56,1,51.68,2.42,125.06,100,63,349
142.37,RACE,124083,16.84,16.56,1,51.24,5.38,275.41,100,65,353
143.37,RACE,124811,16.84,16.56,1,51.73,1.05,54.32,100,60,353
144.38,RACE,125537,16.67,16.56,1,51.68,3.19,165.06,100,62,349
145.38,RACE,126264,16.76,16.56,1,51.73,0.54,27.88,100,60,351
146.4,RACE,126990,16.59,16.56,1,51.82,1.3,67.21,100,58,347
147.43,RACE,127717,16.5,16.56,1,51.86,1.63,84.26,100,60,346
148.46,RACE,128445,16.67,16.56,1,51.96,0.72,37.46,100,58,349
149.48,RACE,129171,16.59,16.56,1,51.33,6.42,329.67,100,66,347
150.49,RACE,129897,16.67,16.56,1,51.47,1.84,94.44,100,64,349
151.51,RACE,130623,16.59,16.56,1,51.54,4.72,243.0,100,64,347
152.54,RACE,131349,16.59,16.57,1,51.17,8.13,415.8,100,68,347
153.55,RACE,132075,16.59,16.57,1,51.61,3.31,170.82,100,63,347
154.55,RACE,132801,16.59,16.57,1,51.2,6.5,332.72,100,66,347
155.57,RACE,133528,16.5,16.57,1,51.13,4.28,218.6,100,64,346
156.57,RACE,134254,16.75,16.57,1,51.33,5.48,281.43,100,63,351
157.59,RACE,134981,16.67,16.57,1,51.8,2.21,114.48,100,61,349
158.6,RACE,135707,16.26,16.57,1,51.47,2.43,125.17,100,68,341
159.61,RACE,136434,16.67,16.57,1,51.08,7.3,372.69,100,68,349
160.63,RACE,137160,16.59,16.57,1,51.64,2.5,129.01,100,63,347
161.65,RACE,138068,16.67,16.57,1,50.99,9.55,487.03,100,69,349
162.67,RACE,138794,16.75,16.57,1,51.26,7.16,366.85,100,65,351
163.71,RACE,139521,16.5,16.57,1,51.54,4.51,232.69,100,63,346
164.72,RACE,140247,16.67,16.58,1,51.05,7.66,391.11,100,69,349
165.74,RACE,140973,16.59,16.58,1,50.59,13.33,674.49,100,73,347
166.77,RACE,141699,16.1,16.58,1,51.87,1.62,84.03,100,58,337
167.77,RACE,142426,16.84,16.58,1,51.4,9.01,463.09,100,73,353
168.8,RACE,143152,16.67,16.58,1,51.7,4.39,226.89,100,64,349
169.82,RACE,143878,16.67,16.58,1,51.29,5.58,286.26,100,65,349
170.83,RACE,144604,16.67,16.58,1,51.08,7.62,389.34,100,66,349
171.85,RACE,145331,16.67,16.58,1,50.99,8.66,441.6,100,69,349
172.88,RACE,146057,16.59,16.58,1,51.68,2.36,121.7,100,61,347
173.88,RACE,146783,16.59,16.58,1,50.97,7.33,373.54,100,67,347
174.88,RACE,147510,16.67,16.58,1,50.97,5.72,291.53,100,66,349
175.91,RACE,148236,16.59,16.59,1,51.31,5.95,305.44,100,65,347
176.93,RACE,148962,16.59,16.59,1,51.33,5.31,272.39,100,65,347
177.93,RACE,149688,16.75,16.59,1,51.57,4.23,217.95,100,62,351
178.95,RACE,150415,16.59,16.59,1,52.01,-0.36,-18.93,100,57,347
179.98,RACE,151141,16.92,16.59,1,50.36,15.76,793.72,100,71,355
180.98,RACE,151868,16.67,16.59,1,51.5,4.72,243.3,100,64,349
181.98,RACE,152595,16.59,16.59,1,51.43,6.11,314.36,100,63,347
183.0,RACE,153322,16.59,16.59,1,51.73,0.4,20.59,100,61,347
184.01,RACE,154049,16.75,16.59,1,51.29,3.03,155.31,100,65,351
185.02,RACE,154776,16.67,16.59,1,51.89,0.17,8.67,100,58,349
186.04,RACE,155502,16.93,16.6,1,50.96,11.24,572.92,100,68,355
187.06,RACE,156228,16.67,16.6,1,51.38,5.09,261.42,100,65,349
188.08,RACE,156955,16.59,16.6,1,51.94,0.78,40.72,100,59,347
189.08,RACE,157681,16.59,16.6,1,51.01,6.79,346.31,100,68,347
190.1,RACE,158589,16.67,16.6,1,51.66,3.14,162.01,100,62,349
191.12,RACE,159315,16.5,16.6,1,51.19,6.02,308.14,100,67,346
192.14,RACE,160042,16.84,16.6,1,51.38,4.66,239.64,100,63,353
193.15,RACE,160769,16.59,16.6,1,51.36,3.72,190.86,100,63,347
194.19,RACE,161495,16.5,16.6,1,51.75,2.03,105.21,100,62,346
195.19,RACE,162221,16.67,16.6,1,50.83,9.71,493.8,100,71,349
196.21,RACE,162947,16.76,16.6,1,50.9,7.82,398.33,100,69,351
197.22,RACE,163674,16.59,16.6,1,51.31,5.74,294.36,100,65,347
198.22,RACE,164400,16.42,16.6,1,51.82,1.8,93.07,100,59,344
199.22,RACE,165126,16.59,16.61,1,50.99,6.37,324.62,100,67,347
200.25,RACE,165853,16.59,16.61,1,51.24,6.05,309.89,100,66,347
201.25,RACE,166579,16.59,16.61,1,50.8,8.32,422.6,100,69,347
202.25,RACE,167306,16.67,16.61,1,51.57,8.13,419.29,100,66,349
203.25,RACE,168032,17.28,16.61,1,50.66,12.69,642.76,100,68,362
204.27,RACE,168758,16.5,16.61,1,51.31,7.1,364.14,100,62,346
205.29,RACE,169484,16.67,16.61,1,51.36,5.17,265.7,100,64,349
206.31,RACE,170210,16.5,16.61,1,51.54,2.94,151.78,100,63,346
207.33,RACE,170937,16.76,16.61,1,50.92,10.63,541.35,100,71,351
208.36,RACE,171663,16.67,16.61,1,51.01,9.2,469.34,100,68,349
209.38,RACE,172389,16.67,16.62,1,51.22,6.57,336.78,100,66,349
210.38,RACE,173115,16.5,16.62,1,51.78,1.88,97.3,100,61,346
211.41,RACE,173841,16.59,16.62,1,51.84,3.41,176.97,100,58,347
212.41,RACE,174567,16.59,16.62,1,51.19,6.23,318.89,100,65,347
213.44,RACE,175294,16.5,16.62,1,51.78,1.87,96.89,100,63,346
214.44,RACE,176020,16.59,16.62,1,50.97,8.67,441.9,100,68,347
215.44,RACE,176746,16.59,16.62,1,51.29,7.88,404.23,100,63,347
216.45,RACE,177472,16.5,16.62,1,51.2,5.32,272.61,100,67,346
217.47,RACE,178199,16.59,16.62,1,51.8,2.23,115.67,100,61,347
218.49,RACE,178925,16.59,16.62,1,51.43,4.43,227.69,100,64,347
219.51,RACE,179651,16.34,16.63,1,51.89,2.22,115.04,100,59,342
220.52,RACE,180378,16.5,16.63,1,51.98,-0.13,-6.5,100,58,346
221.54,RACE,181104,16.59,16.63,1,51.73,2.58,133.26,100,61,347
222.57,RACE,181831,16.59,16.63,1,51.24,5.6,287.14,100,67,347
223.6,RACE,182739,16.67,16.63,1,51.8,1.0,51.59,100,61,349
224.62,RACE,183465,16.59,16.63,1,52.01,0.33,17.27,100,58,347
225.62,RACE,184191,16.67,16.63,1,51.7,3.45,178.3,100,61,349
226.62,RACE,184917,16.5,16.63,1,51.24,6.53,334.74,100,66,346
227.64,RACE,185643,16.42,16.63,1,51.75,0.62,32.03,100,60,344
228.68,RACE,186369,16.18,16.63,1,51.03,10.93,557.58,100,68,339
229.68,RACE,187096,16.67,16.63,1,51.7,6.05,312.61,100,64,349
230.68,RACE,187823,16.5,16.63,1,51.89,-0.16,-8.46,100,59,346
231.69,RACE,188549,16.5,16.64,1,51.42,5.02,257.95,100,65,346
232.68,RACE,189275,16.59,16.64,1,50.71,10.4,527.65,100,70,347
233.71,RACE,190002,16.5,16.64,1,51.33,5.81,298.31,100,65,346
234.72,RACE,190728,16.5,16.64,1,50.99,8.87,452.1,100,69,346
235.73,RACE,191454,16.84,16.64,1,51.26,4.49,229.89,100,62,353
236.74,RACE,192180,16.5,16.64,1,51.19,4.71,240.88,100,63,346
237.77,RACE,192907,16.59,16.64,1,51.52,3.84,197.63,100,63,347
238.77,RACE,193634,16.59,16.64,1,51.29,5.55,284.77,100,65,347
239.77,RACE,194360,16.5,16.64,1,51.08,7.6,388.11,100,67,346
240.8,RACE,195086,15.95,16.64,1,51.36,6.01,308.84,100,61,334
241.8,RACE,195812,16.67,16.65,1,51.19,6.78,347.14,100,66,349
242.83,RACE,196538,16.59,16.65,1,51.12,7.47,381.89,100,67,347
243.83,RACE,197264,16.5,16.65,1,50.96,10.49,534.65,100,70,346
244.83,RACE,197990,16.5,16.65,1,50.87,7.26,369.52,100,68,346
245.85,RACE,198716,16.67,16.65,1,50.9,7.02,357.25,100,67,349
246.87,RACE,199446,16.75,16.65,1,51.75,0.84,43.62,100,60,351
247.87,RACE,200173,16.5,16.65,1,51.33,4.45,228.61,100,65,346
248.9,RACE,200902,16.67,16.65,1,51.4,4.28,220.08,100,62,349
249.91,RACE,201633,16.67,16.65,1,51.59,2.22,114.58,100,63,349
250.93,RACE,202364,16.67,16.65,1,51.5,2.82,145.44,100,62,349
251.95,RACE,203095,16.75,16.66,1,51.57,2.87,147.86,100,62,351
252.98,RACE,203826,16.76,16.66,1,51.33,3.04,156.14,100,64,351
253.97,RACE,204557,17.1,16.66,1,52.1,-0.66,-34.33,100,59,358
255.0,RACE,205288,16.67,16.66,1,51.29,5.42,277.95,100,65,349
256.02,RACE,206018,16.67,16.66,1,51.68,2.44,126.36,100,62,349
257.03,RACE,206750,16.67,16.66,1,51.56,9.21,474.83,100,57,349
258.06,RACE,207481,16.59,16.66,1,51.64,1.85,95.33,100,63,347
259.08,RACE,208213,17.01,16.66,1,51.8,0.67,34.86,100,60,356
260.1,RACE,208943,16.67,16.66,1,51.15,6.22,318.06,100,65,349
261.13,RACE,209857,16.93,16.66,1,51.29,7.2,369.2,100,66,355
262.13,RACE,210588,16.67,16.66,1,51.26,3.85,197.13,100,64,349
263.15,RACE,211318,16.59,16.66,1,51.33,5.34,274.19,100,65,347
264.19,RACE,212049,16.75,16.67,1,51.29,7.46,382.38,100,68,351
265.19,RACE,212779,16.59,16.67,1,51.66,4.76,246.16,100,62,347
266.2,RACE,213510,16.92,16.67,1,51.31,5.33,273.48,100,66,355
267.22,RACE,214240,16.67,16.67,1,50.73,10.06,510.23,100,69,349
268.23,RACE,214972,16.75,16.67,1,51.12,9.53,487.34,100,67,351
269.25,RACE,215703,16.59,16.67,1,51.68,5.81,300.15,100,60,347
270.27,RACE,216434,16.92,16.67,1,51.31,4.48,229.97,100,64,355
271.3,RACE,217164,16.67,16.67,1,50.57,9.1,460.15,100,70,349
272.3,RACE,217895,16.26,16.67,1,51.57,4.41,227.59,100,62,341
273.3,RACE,218626,16.67,16.67,1,50.9,8.02,408.51,100,69,349
274.32,RACE,219357,16.76,16.68,1,51.82,1.06,54.83,100,61,351
275.33,RACE,220087,16.59,16.68,1,51.54,0.43,21.96,100,67,347
276.35,RACE,220818,16.67,16.68,1,51.63,3.0,154.83,100,62,349
277.36,RACE,221548,16.59,16.68,1,51.03,6.54,333.67,100,66,347
278.38,RACE,222279,16.67,16.68,1,50.75,11.94,605.77,100,71,349
279.38,RACE,223010,16.67,16.68,1,51.45,4.19,215.68,100,65,349
280.39,RACE,223741,16.76,16.68,1,51.43,4.66,239.63,100,64,351
281.41,RACE,224471,16.76,16.68,1,50.59,11.17,564.97,100,71,351
282.43,RACE,225202,16.76,16.68,1,51.19,6.56,335.93,100,66,351
283.45,RACE,225933,16.84,16.68,1,51.45,4.38,225.15,100,63,353
284.45,RACE,226663,16.59,16.69,1,51.06,7.32,373.58,100,68,347
285.45,RACE,227394,16.84,16.69,1,51.29,7.01,359.51,100,65,353
286.46,RACE,228125,16.84,16.69,1,51.78,3.38,175.03,100,62,353
287.49,RACE,228856,16.76,16.69,1,50.82,6.56,333.16,100,67,351
288.51,RACE,229586,17.1,16.69,1,50.47,6.82,344.37,100,73,358
289.52,RACE,230317,16.75,16.69,1,51.57,1.09,56.32,100,62,351
290.54,RACE,231048,16.67,16.69,1,51.8,0.4,20.67,100,60,349
291.54,RACE,231779,16.59,16.69,1,51.27,5.87,301.13,100,66,347
292.57,RACE,232510,16.67,16.69,1,51.33,4.88,250.48,100,64,349
293.6,RACE,233424,16.67,16.69,1,51.52,3.09,159.09,100,63,349
294.62,RACE,234155,16.67,16.69,1,51.12,8.63,440.93,100,67,349
295.63,RACE,234887,16.67,16.69,1,51.47,2.19,112.56,100,63,349
296.64,RACE,235617,16.42,16.7,1,51.82,4.63,239.98,100,56,344
297.64,RACE,236348,16.92,16.7,1,51.26,5.64,288.88,100,66,355
298.67,RACE,237079,16.76,16.7,1,51.78,1.65,85.6,100,60,351
299.7,RACE,237813,17.01,16.7,1,49.55,20.01,991.4,100,80,356
300.73,RACE,238547,16.67,16.7,1,50.75,10.4,527.97,100,70,349
301.76,RACE,239278,16.75,16.7,1,51.47,3.52,181.22,100,63,351
302.76,RACE,240009,16.67,16.7,1,51.45,4.61,237.44,100,64,349
303.76,RACE,240740,16.67,16.7,1,51.5,2.96,152.6,100,64,349
304.79,RACE,241471,16.84,16.7,1,51.35,6.45,331.23,100,66,353
305.8,RACE,242202,16.67,16.7,1,51.29,4.8,246.0,100,66,349
306.82,RACE,242932,16.59,16.71,1,51.17,6.35,325.08,100,66,347
307.84,RACE,243663,16.67,16.71,1,50.43,10.32,520.54,100,70,349
308.87,RACE,244394,16.84,16.71,1,51.54,6.52,335.92,100,66,353
309.89,RACE,245124,16.59,16.71,1,51.47,3.08,158.47,100,62,347
310.92,RACE,245855,16.67,16.71,1,50.96,7.65,389.73,100,68,349
311.95,RACE,246586,16.76,16.71,1,51.43,8.64,444.33,100,68,351
312.95,RACE,247316,16.67,16.71,1,50.62,8.08,409.24,100,69,349
313.98,RACE,248047,16.67,16.71,1,51.64,2.28,117.85,100,61,349
315.0,RACE,248778,16.76,16.71,1,51.01,9.6,489.95,100,68,351
316.0,RACE,249508,16.84,16.72,1,50.83,7.27,369.77,100,68,353
317.01,RACE,250239,16.75,16.72,1,51.17,7.72,394.82,100,66,351
318.01,RACE,250970,16.59,16.72,1,51.4,8.59,441.71,100,67,347
319.04,RACE,251882,16.59,16.72,1,51.22,4.5,230.44,100,65,347
320.06,RACE,252613,16.59,16.72,1,50.9,7.07,359.75,100,69,347
321.06,RACE,253344,16.59,16.72,1,51.82,1.41,72.91,100,59,347
322.07,RACE,254074,16.67,16.72,1,51.03,6.68,341.02,100,67,349
323.07,RACE,254805,16.59,16.72,1,51.54,2.02,103.95,100,63,347
324.11,RACE,255536,16.84,16.72,1,51.36,5.67,291.27,100,64,353
325.13,RACE,256266,16.67,16.72,1,51.36,4.36,223.94,100,64,349
326.14,RACE,256997,16.59,16.72,1,51.61,6.47,334.01,100,65,347
327.16,RACE,257728,16.67,16.73,1,51.15,5.88,300.82,100,67,349
328.19,RACE,258458,16.92,16.73,1,51.26,6.07,311.23,100,67,355
329.19,RACE,259189,16.76,16.73,1,51.5,7.23,372.47,100,60,351
330.22,RACE,259920,16.59,16.73,1,51.43,4.06,208.66,100,65,347
331.22,RACE,260651,16.84,16.73,1,51.22,7.41,379.39,100,67,353
332.23,RACE,261383,16.75,16.73,1,51.7,3.41,176.18,100,62,351
333.25,RACE,262114,16.75,16.73,1,51.87,0.04,2.18,100,58,351
334.28,RACE,262845,16.75,16.73,1,51.73,2.09,108.17,100,61,351
335.31,RACE,263575,16.67,16.73,1,51.73,1.78,91.93,100,62,349
336.34,RACE,264305,16.75,16.74,1,51.4,5.72,294.2,100,64,351
337.36,RACE,265036,16.59,16.74,1,51.45,4.26,219.28,100,64,347
338.39,RACE,265767,16.75,16.74,1,51.1,8.53,435.76,100,68,351
339.4,RACE,266498,16.75,16.74,1,51.29,7.31,375.15,100,68,351
340.4,RACE,267228,16.67,16.74,1,51.64,3.1,159.89,100,62,349
341.41,RACE,267959,16.76,16.74,1,50.92,10.2,519.2,100,69,351
342.44,RACE,268689,16.84,16.74,1,50.68,7.97,403.89,100,72,353
343.46,RACE,269603,16.75,16.74,1,50.38,10.12,509.76,100,71,351
344.49,RACE,270334,16.75,16.74,1,51.29,4.17,213.79,100,64,351
345.49,RACE,271064,16.76,16.74,1,51.1,6.47,330.71,100,67,351
346.5,RACE,271796,16.93,16.74,1,50.9,4.1,208.91,100,70,355
347.5,RACE,272525,16.34,16.74,1,50.24,15.3,768.51,100,76,342
348.5,RACE,273257,16.75,16.75,1,51.19,4.98,254.65,100,66,351
349.53,RACE,273988,16.59,16.75,1,50.85,5.76,293.11,100,65,347
350.53,RACE,274718,16.84,16.75,1,50.96,7.0,356.5,100,67,353
351.54,RACE,275449,16.67,16.75,1,51.52,3.75,193.05,100,62,349
352.58,RACE,276184,16.84,16.75,1,50.96,8.29,422.39,100,69,353
353.58,RACE,276919,16.92,16.75,1,51.1,7.21,368.42,100,68,355
354.6,RACE,277654,16.84,16.75,1,51.56,4.96,255.61,100,65,353
355.62,RACE,278388,16.67,16.75,1,51.5,3.35,172.59,100,63,349
356.64,RACE,279123,16.67,16.75,1,50.45,11.1,559.97,100,75,349
357.67,RACE,279858,16.84,16.76,1,51.19,6.61,338.44,100,66,353
358.67,RACE,280593,16.75,16.76,1,51.64,2.49,128.8,100,62,351
359.69,RACE,281328,16.93,16.76,1,51.01,5.7,290.5,100,70,355
360.71,RACE,282063,16.84,16.76,1,51.71,1.18,61.13,100,59,353
361.73,RACE,282798,16.84,16.76,1,50.89,5.76,293.06,100,68,353
362.75,RACE,283533,16.59,16.76,1,51.2,4.58,234.51,100,66,347
363.77,RACE,284268,16.75,16.76,1,51.54,2.61,134.67,100,62,351
364.79,RACE,285003,16.67,16.76,1,51.26,5.04,258.13,100,66,349
365.82,RACE,285739,16.92,16.76,1,51.36,4.19,215.05,100,65,355
366.84,RACE,286474,16.75,16.77,1,51.43,2.3,118.3,100,68,351
367.85,RACE,287209,16.76,16.77,1,51.82,0.2,10.31,100,59,351
368.87,RACE,287945,16.92,16.77,1,50.85,9.69,492.6,100,72,355
369.87,RACE,288699,17.28,16.77,1,51.91,-0.03,-1.71,100,61,362
370.9,RACE,289634,16.93,16.77,1,51.89,-0.1,-5.14,100,59,355
371.94,RACE,290369,16.92,16.77,1,51.17,6.78,346.98,100,67,355
372.94,RACE,291104,16.84,16.77,1,51.17,4.97,254.05,100,67,353
373.97,RACE,291839,16.84,16.77,1,51.52,3.76,193.46,100,62,353
374.99,RACE,292574,16.75,16.77,1,51.29,3.94,202.19,100,65,351
375.99,RACE,293310,17.1,16.77,1,51.61,2.78,143.68,100,62,358
377.0,RACE,294045,16.84,16.77,1,51.45,4.49,231.16,100,64,353
378.01,RACE,294779,16.59,16.77,1,51.64,5.33,275.42,100,58,347
379.04,RACE,295514,16.76,16.78,1,50.96,7.68,391.1,100,69,351
380.06,RACE,296249,16.75,16.78,1,50.89,9.65,491.06,100,69,351
381.08,RACE,296984,16.84,16.78,1,51.1,6.33,323.55,100,67,353
382.1,RACE,297719,16.75,16.78,1,51.42,4.96,255.02,100,64,351
383.1,RACE,298454,16.92,16.78,1,51.17,5.51,281.94,100,65,355
384.11,RACE,299189,16.59,16.78,1,51.12,9.24,472.21,100,66,347
385.11,RACE,299925,16.76,16.78,1,50.87,8.8,447.71,100,71,351
386.14,RACE,300660,16.92,16.78,1,51.45,8.2,422.1,100,67,355
387.14,RACE,301394,16.92,16.78,1,51.13,7.18,366.99,100,69,355
388.15,RACE,302130,16.84,16.79,1,51.12,4.69,239.48,100,65,353
389.15,RACE,302865,17.01,16.79,1,51.31,6.66,341.77,100,67,356
390.15,RACE,303600,16.92,16.79,1,50.9,9.57,487.16,100,71,355
391.18,RACE,304335,16.67,16.79,1,51.27,4.5,230.73,100,65,349
392.21,RACE,305070,16.84,16.79,1,50.76,8.79,446.22,100,69,353
393.23,RACE,305805,16.67,16.79,1,51.36,5.69,292.46,100,64,349
394.26,RACE,306540,16.84,16.79,1,51.1,6.65,339.95,100,67,353
395.29,RACE,307275,16.84,16.79,1,50.9,6.65,338.47,100,68,353
396.29,RACE,308010,16.67,16.79,1,51.01,4.6,234.75,100,66,349
397.3,RACE,308746,16.84,16.8,1,51.61,1.27,65.59,100,61,353
398.3,RACE,309481,16.93,16.8,1,50.85,4.15,211.14,100,67,355
399.31,RACE,310216,16.75,16.8,1,51.75,0.68,35.03,100,62,351
400.33,RACE,310951,16.59,16.8,1,51.15,4.23,216.22,100,64,347
401.33,RACE,311686,16.92,16.8,1,51.03,5.98,305.25,100,69,355
402.35,RACE,312422,16.84,16.8,1,51.89,-0.09,-4.83,100,59,353
403.38,RACE,313157,16.75,16.8,1,51.56,3.28,168.9,100,63,351
404.39,RACE,314077,16.76,16.8,1,51.93,0.1,5.35,100,59,351
405.43,RACE,314812,16.92,16.8,1,51.17,8.58,438.83,100,65,355
406.43,RACE,315547,16.67,16.8,1,51.7,0.5,25.59,100,63,349
407.44,RACE,316282,16.92,16.8,1,51.61,3.45,177.84,100,62,355
408.47,RACE,317017,16.84,16.81,1,51.31,6.17,316.47,100,65,353
409.5,RACE,317751,16.84,16.81,1,50.89,5.3,269.45,100,64,353
410.53,RACE,318487,16.92,16.81,1,51.29,5.5,282.16,100,66,355
411.53,RACE,319222,16.76,16.81,1,51.56,5.89,303.66,100,66,351
412.56,RACE,319957,16.84,16.81,1,51.4,4.34,222.81,100,64,353
413.57,RACE,320692,16.75,16.81,1,51.56,4.0,206.22,100,62,351
414.59,RACE,321426,16.75,16.81,1,50.94,6.41,326.42,100,67,351
415.61,RACE,322161,16.59,16.81,1,51.05,4.59,234.2,100,65,347
416.61,RACE,322896,16.75,16.81,1,51.35,6.41,328.92,100,65,351
417.63,RACE,323631,17.1,16.82,1,50.73,10.72,543.81,100,73,358
418.66,RACE,324366,16.59,16.82,1,51.19,5.75,294.32,100,65,347
419.67,RACE,325102,16.93,16.82,1,51.73,2.31,119.66,100,59,355
420.67,RACE,325837,16.92,16.82,1,51.45,10.28,529.01,100,70,355
421.68,RACE,326572,16.75,16.82,1,50.69,10.37,525.54,100,70,351
422.68,RACE,327307,16.67,16.82,1,51.64,2.82,145.69,100,61,349
423.68,RACE,328042,16.75,16.82,1,51.1,7.08,361.67,100,67,351
424.71,RACE,328776,16.76,16.82,1,51.12,4.06,207.58,100,64,351
425.74,RACE,329511,16.76,16.82,1,51.5,3.55,182.84,100,63,351
426.77,RACE,330246,16.84,16.83,1,51.52,3.6,185.47,100,63,353
427.77,RACE,330981,16.67,16.83,1,51.19,6.03,308.55,100,66,349
428.78,RACE,331716,17.01,16.83,1,50.97,7.91,403.31,100,68,356
429.8,RACE,332451,16.84,16.83,1,51.31,5.32,272.81,100,66,353
430.83,RACE,333185,16.76,16.83,1,50.75,7.99,405.67,100,69,351
431.86,RACE,334103,16.67,16.83,1,50.73,9.88,501.0,100,70,349
432.89,RACE,334839,16.75,16.83,1,51.29,4.85,248.82,100,66,351
433.92,RACE,335574,16.93,16.83,1,51.29,6.06,310.68,100,65,355
434.94,RACE,336309,16.76,16.83,1,51.84,1.53,79.26,100,60,351
435.97,RACE,337044,16.84,16.83,1,51.27,4.38,224.43,100,64,353
436.99,RACE,337780,16.84,16.84,1,51.57,2.58,133.06,100,63,353
437.99,RACE,338515,16.67,16.84,1,51.73,4.04,208.84,100,64,349
439.0,RACE,339251,16.84,16.84,1,51.57,1.99,102.53,100,63,353
440.0,RACE,339986,17.01,16.84,1,51.26,4.43,227.17,100,66,356
441.0,RACE,340722,16.84,16.84,1,51.93,0.19,9.61,100,59,353
442.03,RACE,341457,16.76,16.84,1,51.59,3.34,172.06,100,62,351
443.06,RACE,342192,16.92,16.84,1,51.05,7.72,394.18,100,66,355
444.08,RACE,342927,16.84,16.84,1,51.43,4.37,224.61,100,65,353
445.11,RACE,343663,16.84,16.84,1,51.71,2.14,110.67,100,61,353
446.13,RACE,344404,17.46,16.85,0,49.96,17.46,872.41,98,80,366
447.14,RACE,345150,16.75,16.85,1,51.38,4.94,253.82,100,65,351
448.16,RACE,345886,16.67,16.85,1,51.15,7.69,393.15,100,68,349
449.17,RACE,346622,16.92,16.85,1,51.43,4.99,256.5,100,65,355
450.2,RACE,347357,16.75,16.85,1,51.59,4.47,230.77,100,64,351
451.23,RACE,348091,17.01,16.85,1,50.17,11.62,582.78,100,73,356
452.23,RACE,348830,17.1,16.85,1,50.75,10.79,547.66,100,71,358
453.26,RACE,349754,16.59,16.85,1,51.43,3.28,168.75,100,65,347
454.26,RACE,350493,16.84,16.85,1,51.61,2.43,125.51,100,61,353
455.28,RACE,351232,17.01,16.85,1,50.29,9.75,490.52,100,72,356
456.32,RACE,351971,16.84,16.86,1,50.34,10.23,515.1,100,72,353
457.35,RACE,352711,16.92,16.86,1,50.66,6.3,319.25,100,68,355
458.37,RACE,353450,17.19,16.86,1,50.94,9.96,507.21,100,66,360
459.39,RACE,354189,16.84,16.86,1,51.05,6.42,327.66,100,69,353
460.41,RACE,354928,16.84,16.86,1,51.03,5.96,303.92,100,67,353
461.44,RACE,355668,16.93,16.86,1,51.33,4.29,220.35,100,65,355
462.47,RACE,356407,16.92,16.86,1,51.12,5.59,285.89,100,67,355
463.5,RACE,357147,16.92,16.86,1,51.45,3.99,205.29,100,64,355
464.53,RACE,357886,17.01,16.87,1,50.55,10.69,540.56,100,71,356
465.55,RACE,358626,16.92,16.87,1,50.03,11.92,596.25,100,73,355
466.57,RACE,359365,16.92,16.87,1,51.03,6.3,321.43,100,69,355
467.6,RACE,360104,16.84,16.87,1,50.85,7.81,397.31,100,69,353
468.63,RACE,361029,16.92,16.87,1,51.24,6.91,353.96,100,68,355
469.64,RACE,361769,16.84,16.87,1,51.56,1.92,98.73,100,63,353
470.67,RACE,362508,16.84,16.87,1,51.54,3.49,180.07,100,63,353
471.7,RACE,363247,16.93,16.87,1,51.7,2.33,120.4,100,62,355
472.7,RACE,363987,16.93,16.87,1,51.29,4.95,253.69,100,67,355
473.73,RACE,364727,17.01,16.87,1,51.93,-0.62,-32.35,100,58,356
474.74,RACE,365466,16.84,16.87,1,51.93,0.19,9.97,100,60,353
475.74,RACE,366206,16.92,16.88,1,51.2,8.16,417.77,100,67,355
476.77,RACE,366947,16.84,16.88,1,51.87,0.04,1.82,100,59,353
477.8,RACE,367686,16.34,16.88,1,51.86,3.99,206.69,100,55,342
478.8,RACE,368425,17.1,16.88,1,51.26,7.01,359.26,100,66,358
479.8,RACE,369165,17.01,16.88,1,51.68,4.21,217.52,100,65,356
480.83,RACE,369904,16.75,16.88,1,51.2,5.26,269.08,100,66,351
481.86,RACE,370644,16.92,16.88,1,51.03,6.2,316.63,100,66,355
482.89,RACE,371383,16.92,16.88,1,51.15,6.54,334.73,100,68,355
483.92,RACE,372122,16.84,16.89,1,51.43,3.63,186.75,100,65,353
484.94,RACE,372862,16.84,16.89,1,51.12,6.47,330.46,100,67,353
485.95,RACE,373602,16.67,16.89,1,51.63,0.76,39.13,100,63,349
486.98,RACE,374342,16.93,16.89,1,50.83,9.78,497.21,100,71,355
487.98,RACE,375081,16.92,16.89,1,51.43,2.37,122.0,100,63,355
488.99,RACE,375821,16.84,16.89,1,50.99,7.65,389.84,100,69,353
490.0,RACE,376561,17.01,16.89,1,50.41,9.55,481.59,100,70,356
491.0,RACE,377300,17.01,16.89,1,50.41,15.84,798.48,100,71,356
492.03,RACE,378041,16.84,16.89,1,51.75,0.4,20.44,100,59,353
493.04,RACE,378964,16.75,16.89,1,50.4,9.46,476.79,100,74,351
494.07,RACE,379704,16.59,16.89,1,50.99,6.79,346.14,100,69,347
495.07,RACE,380444,16.93,16.9,1,51.12,6.66,340.23,100,68,355
496.11,RACE,381183,17.01,16.9,1,50.69,9.06,459.03,100,71,356
497.13,RACE,381923,16.92,16.9,1,50.99,5.97,304.58,100,69,355
498.16,RACE,382662,16.92,16.9,1,51.24,5.28,270.44,100,66,355
499.17,RACE,383402,16.75,16.9,1,51.01,8.01,408.49,100,69,351
500.18,RACE,384141,16.84,16.9,1,50.4,12.75,642.74,100,73,353
501.18,RACE,384881,16.84,16.9,1,51.57,3.54,182.77,100,64,353
502.19,RACE,385620,16.93,16.9,1,51.45,3.71,190.73,100,64,355
503.19,RACE,386359,17.01,16.91,1,51.13,6.36,325.42,100,66,356
504.2,RACE,387098,16.75,16.91,1,50.94,7.61,387.55,100,67,351
505.23,RACE,387839,16.67,16.91,1,51.52,1.48,76.25,100,63,349
506.26,RACE,388578,16.84,16.91,1,51.4,3.98,204.71,100,65,353
507.26,RACE,389318,17.01,16.91,1,51.31,4.53,232.28,100,65,356
508.28,RACE,390058,16.84,16.91,1,51.64,1.54,79.38,100,62,353
509.31,RACE,390798,17.01,16.91,1,51.8,0.01,0.36,100,59,356
510.32,RACE,391537,16.84,16.91,1,51.8,3.43,177.47,100,62,353
511.35,RACE,392277,16.92,16.91,1,51.8,2.67,138.47,100,64,355
512.36,RACE,393017,17.01,16.92,1,51.15,2.86,146.19,100,65,356
513.39,RACE,393757,16.84,16.92,1,51.93,0.19,9.61,100,60,353
514.42,RACE,394497,16.93,16.92,1,51.31,6.71,344.33,100,66,355
515.42,RACE,395236,16.42,16.92,1,51.52,2.77,142.71,100,64,344
516.45,RACE,395976,16.92,16.92,1,51.24,5.48,280.99,100,67,355
517.47,RACE,396900,16.5,16.92,1,51.93,1.01,52.65,100,58,346
518.5,RACE,397640,17.01,16.92,1,51.61,2.55,131.76,100,61,356
519.5,RACE,398379,16.93,16.92,1,50.89,8.47,430.86,100,67,355
520.51,RACE,399119,17.1,16.92,1,51.05,7.41,378.15,100,69,358
521.54,RACE,399859,17.01,16.92,1,50.89,11.37,578.43,100,71,356
522.57,RACE,400599,16.84,16.93,1,51.82,0.13,6.63,100,59,353
523.59,RACE,401339,16.75,16.93,1,51.38,4.81,247.14,100,65,351
524.62,RACE,402078,16.92,16.93,1,51.1,7.38,377.1,100,68,355
525.64,RACE,402818,16.84,16.93,1,51.03,7.48,381.49,100,68,353
526.65,RACE,403558,16.84,16.93,1,51.75,0.07,3.47,100,59,353
527.67,RACE,404297,17.01,16.93,1,51.4,9.39,482.62,100,70,356
528.7,RACE,405036,16.92,16.93,1,51.5,3.51,180.52,100,65,355
529.72,RACE,405775,16.93,16.94,1,51.05,10.9,556.55,100,72,355
530.73,RACE,406515,17.1,16.94,1,51.01,8.62,439.66,100,70,358
531.74,RACE,407254,16.75,16.94,1,49.85,22.15,1104.3,100,81,351
532.77,RACE,407997,16.75,16.94,1,51.59,6.07,313.31,100,64,351
533.77,RACE,408736,17.01,16.94,1,51.13,6.42,328.13,100,68,356
534.77,RACE,409475,16.92,16.94,1,51.38,4.19,215.03,100,64,355
535.78,RACE,410215,17.1,16.94,1,51.12,6.43,328.42,100,68,358
536.78,RACE,410954,16.84,16.94,1,51.13,6.02,307.72,100,67,353
537.81,RACE,411694,17.01,16.94,1,51.13,6.69,341.93,100,68,356
538.84,RACE,412433,16.92,16.95,1,51.29,4.32,221.38,100,65,355
539.86,RACE,413173,16.84,16.95,1,51.54,2.03,104.36,100,62,353
540.89,RACE,414097,17.01,16.95,1,51.24,7.85,402.17,100,68,356
541.91,RACE,414836,16.76,16.95,1,51.61,1.44,74.47,100,63,351
542.91,RACE,415576,16.76,16.95,1,51.12,5.21,266.11,100,66,351
543.95,RACE,416320,16.92,16.95,1,51.36,4.42,227.02,100,65,355
544.96,RACE,417065,16.92,16.95,1,51.71,1.94,100.43,100,62,355
545.98,RACE,417808,17.01,16.95,1,50.83,4.04,205.57,100,72,356
546.99,RACE,418553,17.01,16.95,1,51.57,2.02,103.97,100,64,356
547.99,RACE,419298,16.92,16.95,1,51.82,0.67,34.82,100,60,355
548.99,RACE,420042,17.1,16.96,1,51.43,5.12,263.13,100,64,358
549.99,RACE,420787,16.75,16.96,1,51.38,5.48,281.72,100,67,351
551.0,RACE,421531,16.93,16.96,1,51.52,3.53,181.87,100,65,355
552.03,RACE,422275,17.01,16.96,1,51.93,-0.23,-12.05,100,58,356
553.06,RACE,423018,17.01,16.96,1,51.17,4.14,211.74,100,66,356
554.09,RACE,423762,17.1,16.96,1,50.52,11.01,556.2,100,73,358
555.12,RACE,424506,17.01,16.96,1,51.29,3.29,168.9,100,66,356
556.12,RACE,425249,16.42,16.96,1,51.7,6.55,338.4,100,58,344
557.12,RACE,425993,17.01,16.97,1,50.83,6.23,316.64,100,68,356
558.13,RACE,426738,16.93,16.97,1,51.7,1.73,89.49,100,62,355
559.16,RACE,427482,17.19,16.97,1,50.68,10.95,554.9,100,71,360
560.16,RACE,428226,17.1,16.97,1,50.55,13.22,668.51,100,72,358
561.18,RACE,428970,16.92,16.97,1,50.9,7.94,404.34,100,69,355
562.2,RACE,429714,17.01,16.97,1,51.13,7.35,375.89,100,67,356
563.23,RACE,430459,17.01,16.97,1,51.29,4.47,229.28,100,66,356
564.24,RACE,431203,17.19,16.97,1,50.85,9.34,474.86,100,70,360
565.24,RACE,431946,17.1,16.97,1,49.85,15.18,756.56,100,76,358
566.24,RACE,432690,16.59,16.98,1,51.29,7.49,384.07,100,63,347
567.24,RACE,433434,16.84,16.98,1,50.57,9.2,465.46,100,71,353
568.27,RACE,434178,16.92,16.98,1,50.9,7.06,359.49,100,68,355
569.27,RACE,434922,17.01,16.98,1,50.52,9.02,455.57,100,70,356
570.27,RACE,435667,16.92,16.98,1,51.19,4.39,224.76,100,66,355
571.28,RACE,436411,16.84,16.98,1,51.52,1.61,83.1,100,62,353
572.31,RACE,437154,17.28,16.98,1,51.05,6.1,311.38,100,65,362
573.34,RACE,437898,16.93,16.98,1,51.27,5.46,279.8,100,65,355
574.34,RACE,438642,16.92,16.99,1,50.82,11.02,560.16,100,74,355
575.34,RACE,439386,17.28,16.99,1,50.85,8.02,407.58,100,71,362
576.36,RACE,440130,17.01,16.99,1,51.26,6.22,318.56,100,66,356
577.36,RACE,440874,17.19,16.99,1,51.43,3.56,183.31,100,65,360
578.39,RACE,441618,17.1,16.99,1,51.22,5.45,279.36,100,67,358
579.4,RACE,442362,16.84,16.99,1,51.01,8.49,433.02,100,70,353
580.43,RACE,443292,17.01,16.99,1,51.66,2.43,125.64,100,61,356
581.44,RACE,444036,17.01,16.99,1,50.97,7.72,393.32,100,70,356
582.46,RACE,444780,16.93,16.99,1,51.38,3.0,153.93,100,65,355
583.46,RACE,445524,16.92,16.99,1,51.31,2.31,118.32,100,64,355
584.46,RACE,446269,16.92,17.0,1,51.82,3.25,168.31,100,63,355
585.47,RACE,447013,17.1,17.0,1,51.8,1.13,58.28,100,61,358
586.47,RACE,447758,17.19,17.0,1,51.5,7.08,364.64,100,68,360
587.48,RACE,448502,17.01,17.0,1,51.78,-0.08,-3.99,100,60,356
588.5,RACE,449245,16.84,17.0,1,51.56,4.2,216.48,100,63,353
589.54,RACE,449989,17.01,17.0,1,51.64,3.31,170.68,100,63,356
590.56,RACE,450732,17.1,17.0,1,50.24,11.87,596.1,100,74,358
591.58,RACE,451477,17.01,17.0,1,51.7,6.23,321.91,100,68,356
592.59,RACE,452220,16.92,17.01,1,51.29,6.02,308.93,100,67,355
593.62,RACE,452964,17.1,17.01,1,51.1,7.38,376.95,100,68,358
594.64,RACE,453708,17.1,17.01,1,50.97,7.26,370.23,100,69,358
595.66,RACE,454452,17.19,17.01,1,50.55,13.58,686.66,100,72,360
596.69,RACE,455196,17.01,17.01,1,50.66,11.24,569.15,100,73,356
597.69,RACE,455940,17.01,17.01,1,50.97,8.39,427.78,100,69,356
598.71,RACE,456684,17.01,17.01,1,51.17,5.4,276.41,100,68,356
599.74,RACE,457428,17.1,17.01,1,50.99,8.33,424.67,100,70,358
600.76,RACE,458171,17.01,17.02,1,50.68,8.8,445.7,100,70,356
601.78,RACE,458915,16.42,17.02,1,50.5,13.39,676.09,100,72,344
602.8,RACE,459660,16.92,17.02,1,51.24,5.18,265.32,100,69,355
603.82,RACE,460404,16.92,17.02,1,51.12,6.05,309.05,100,68,355
604.84,RACE,461333,17.01,17.02,1,51.03,5.41,276.21,100,67,356
605.88,RACE,462077,16.84,17.02,1,51.19,3.5,179.2,100,67,353
606.88,RACE,462822,17.19,17.02,1,51.12,7.0,357.71,100,67,360
607.88,RACE,463565,17.01,17.02,1,50.29,11.26,566.35,100,72,356
608.91,RACE,464309,17.01,17.02,1,50.73,7.94,402.59,100,69,356
609.94,RACE,465053,17.01,17.03,1,51.12,6.15,314.57,100,67,356
610.95,RACE,465797,17.01,17.03,1,51.43,3.63,186.6,100,64,356
611.97,RACE,466541,17.19,17.03,1,51.03,7.22,368.52,100,67,360
612.98,RACE,467285,17.01,17.03,1,51.15,5.37,274.73,100,67,356
613.99,RACE,468029,16.92,17.03,1,51.27,4.41,225.96,100,66,355
615.01,RACE,468773,17.01,17.03,1,51.82,0.06,3.11,100,60,356
616.02,RACE,469517,17.1,17.03,1,51.4,4.09,210.27,100,65,358
617.05,RACE,470261,17.28,17.03,1,51.94,-0.41,-21.35,100,62,362
618.05,RACE,471005,17.46,17.04,1,50.4,10.27,517.81,100,76,366
619.08,RACE,471749,16.92,17.04,1,51.01,7.64,389.92,100,69,355
620.08,RACE,472494,17.01,17.04,1,51.71,2.0,103.32,100,62,356
621.08,RACE,473237,16.93,17.04,1,51.82,0.44,22.96,100,59,355
622.09,RACE,473982,17.1,17.04,1,51.8,0.65,33.52,100,61,358
623.09,RACE,474726,16.93,17.04,1,51.54,2.95,151.93,100,61,355
624.1,RACE,475471,16.84,17.04,1,51.45,5.02,258.28,100,65,353
625.1,RACE,476215,16.92,17.04,1,51.64,5.27,272.01,100,65,355
626.11,RACE,476958,16.92,17.05,1,51.01,5.51,281.27,100,67,355
627.14,RACE,477703,17.01,17.05,1,51.05,6.56,334.96,100,69,356
628.15,RACE,478447,17.01,17.05,1,51.33,5.6,287.33,100,66,356
629.15,RACE,479190,16.92,17.05,1,51.15,3.57,182.56,100,64,355
630.16,RACE,479935,17.01,17.05,1,51.75,3.14,162.6,100,59,356
631.17,RACE,480683,17.1,17.05,1,51.71,1.06,55.02,100,62,358
632.19,RACE,481430,17.1,17.05,1,50.47,8.84,446.26,100,71,358
633.21,RACE,482179,17.19,17.05,1,50.97,7.62,388.58,100,70,360
634.22,RACE,482927,17.01,17.06,1,50.99,8.65,440.94,100,70,356
635.25,RACE,483675,17.1,17.06,1,51.2,6.3,322.33,100,66,358
636.25,RACE,484424,17.1,17.06,1,51.56,4.76,245.35,100,65,358
637.25,RACE,485172,17.19,17.06,1,50.83,8.38,425.94,100,69,360
638.26,RACE,485920,17.01,17.06,1,50.83,7.99,405.91,100,69,356
639.26,RACE,486669,16.92,17.06,1,50.89,7.3,371.22,100,70,355
640.26,RACE,487418,17.1,17.06,1,51.68,0.19,9.97,100,61,358
641.26,RACE,488165,17.01,17.06,1,51.13,5.77,294.84,100,67,356
642.28,RACE,488914,17.01,17.06,1,51.12,6.23,318.55,100,68,356
643.28,RACE,489663,16.92,17.07,1,51.19,6.84,349.86,100,64,355
644.28,RACE,490411,17.19,17.07,1,50.99,7.68,391.83,100,70,360
645.31,RACE,491159,17.19,17.07,1,50.97,8.48,432.47,100,69,360
646.32,RACE,491907,16.92,17.07,1,51.2,4.64,237.43,100,67,355
647.34,RACE,492655,17.1,17.07,1,51.49,4.13,212.63,100,64,358
648.37,RACE,493403,17.1,17.07,1,50.87,8.16,414.9,100,70,358
649.37,RACE,494151,17.19,17.07,1,50.76,9.73,493.93,100,70,360
650.4,RACE,494899,17.1,17.08,1,50.62,9.31,471.55,100,71,358
651.4,RACE,495648,17.28,17.08,1,51.24,5.42,277.77,100,69,362
652.41,RACE,496395,17.01,17.08,1,50.96,5.06,258.0,100,66,356
653.44,RACE,497145,17.1,17.08,1,51.87,0.07,3.48,100,60,358
654.46,RACE,498080,17.19,17.08,1,51.1,6.54,334.39,100,68,360
655.47,RACE,498829,17.28,17.08,1,51.43,3.89,199.97,100,65,362
656.47,RACE,499578,17.46,17.08,1,50.85,3.51,178.29,100,69,366
657.48,RACE,500326,17.1,17.08,1,51.61,1.52,78.55,100,63,358
658.5,RACE,501075,17.01,17.08,1,51.33,4.95,253.91,100,66,356
659.49,RACE,501823,17.1,17.08,1,51.2,5.24,268.51,100,67,358
660.51,RACE,502571,17.01,17.09,1,51.93,1.92,99.7,100,59,356
661.55,RACE,503319,17.1,17.09,1,51.63,1.83,94.32,100,63,358
662.57,RACE,504067,17.1,17.09,1,50.73,9.8,497.3,100,72,358
663.57,RACE,504816,17.19,17.09,1,51.12,4.69,239.94,100,67,360
664.59,RACE,505563,17.01,17.09,1,51.13,4.93,252.14,100,66,356
665.62,RACE,506312,17.01,17.09,1,51.43,3.4,174.87,100,66,356
666.64,RACE,507062,17.19,17.09,1,51.47,4.1,210.86,100,64,360
667.67,RACE,507810,17.1,17.09,1,50.89,9.95,506.27,100,71,358
668.67,RACE,508571,17.84,17.1,1,49.46,19.04,941.66,100,82,374
669.68,RACE,509336,17.01,17.1,1,51.94,0.49,25.3,100,59,356
670.7,RACE,510083,17.1,17.1,1,50.8,9.0,457.39,100,70,358
671.7,RACE,510831,17.19,17.1,1,50.73,10.53,534.28,100,72,360
672.71,RACE,511580,17.01,17.1,1,51.59,1.65,84.97,100,64,356
673.71,RACE,512328,17.01,17.1,1,50.52,13.8,697.2,100,72,356
674.71,RACE,513078,17.01,17.1,1,51.7,1.48,76.25,100,62,356
675.74,RACE,513825,17.01,17.1,1,51.27,3.74,191.56,100,65,356
676.77,RACE,514573,17.28,17.11,1,50.27,9.04,454.26,100,74,362
677.79,RACE,515322,17.19,17.11,1,51.36,6.19,318.14,100,69,360
678.81,RACE,516070,17.19,17.11,1,51.19,4.92,251.78,100,66,360
679.83,RACE,516818,17.01,17.11,1,51.33,5.95,305.24,100,66,356
680.86,RACE,517566,16.93,17.11,1,50.85,8.29,421.66,100,70,355
681.86,RACE,518314,17.1,17.11,1,51.05,5.8,296.07,100,68,358
682.88,RACE,519062,17.1,17.11,1,51.33,3.75,192.37,100,65,358
683.9,RACE,519810,17.28,17.12,1,50.96,6.57,334.69,100,69,362
684.91,RACE,520559,17.37,17.12,1,51.15,6.86,351.0,100,69,364
685.94,RACE,521494,16.92,17.12,1,51.84,0.56,29.24,100,58,355
686.96,RACE,522242,17.19,17.12,1,51.26,5.17,265.1,100,66,360
687.96,RACE,522990,17.1,17.12,1,51.19,6.3,322.22,100,67,358
689.0,RACE,523739,17.1,17.12,1,51.43,3.46,177.8,100,65,358
690.03,RACE,524487,17.1,17.12,1,51.03,7.77,396.44,100,70,358
691.03,RACE,525236,17.19,17.12,1,51.68,3.02,155.92,100,62,360
692.03,RACE,525984,17.01,17.12,1,51.57,1.37,70.55,100,62,356
693.04,RACE,526733,16.92,17.13,1,51.98,0.37,19.39,100,60,355
694.07,RACE,527482,17.01,17.13,1,51.45,3.06,157.23,100,66,356
695.1,RACE,528231,17.19,17.13,1,51.86,0.7,36.4,100,61,360
696.13,RACE,528979,17.1,17.13,1,51.87,-0.12,-6.28,100,60,358
697.15,RACE,529727,17.1,17.13,1,51.19,4.89,250.25,100,67,358
698.15,RACE,530475,17.1,17.13,1,50.99,9.75,497.08,100,71,358
699.18,RACE,531223,16.75,17.13,1,51.27,2.07,106.09,100,67,351
700.18,RACE,531971,17.01,17.14,1,51.42,4.63,237.79,100,66,356
701.18,RACE,532720,17.01,17.14,1,51.1,8.25,421.71,100,69,356
702.19,RACE,533469,17.28,17.14,1,51.36,5.49,281.87,100,66,362
703.2,RACE,534216,17.1,17.14,1,50.8,6.9,350.61,100,69,358
704.21,RACE,534965,17.1,17.14,1,50.9,9.08,462.27,100,71,358
705.21,RACE,535716,17.28,17.14,1,51.01,8.82,450.01,100,67,362
706.21,RACE,536486,18.13,17.14,1,49.3,18.89,931.3,100,83,380
707.22,RACE,537260,17.37,17.14,1,51.87,0.08,4.2,100,61,364
708.22,RACE,538012,17.1,17.14,1,51.5,3.31,170.32,100,66,358
709.22,RACE,538759,16.76,17.15,1,50.61,10.36,524.23,100,72,351
710.22,RACE,539508,16.93,17.15,1,51.22,5.08,260.36,100,66,355
711.23,RACE,540256,17.19,17.15,1,51.12,5.38,275.21,100,67,360
712.25,RACE,541004,17.01,17.15,1,50.8,8.61,437.18,100,70,356
713.27,RACE,541753,17.19,17.15,1,50.75,6.16,312.4,100,67,360
714.29,RACE,542504,17.1,17.15,1,51.01,6.33,322.94,100,69,358
715.32,RACE,543257,17.19,17.15,1,51.12,6.43,328.47,100,69,360
716.35,RACE,544009,17.1,17.16,1,51.24,4.32,221.35,100,67,358
717.37,RACE,544761,17.19,17.16,1,50.73,6.85,347.29,100,70,360
718.38,RACE,545514,17.01,17.16,1,51.26,4.69,240.14,100,66,356
719.41,RACE,546266,17.1,17.16,1,50.94,6.79,345.68,100,69,358
720.41,RACE,547019,17.1,17.16,1,51.61,1.11,57.49,100,63,358
721.41,RACE,547772,17.19,17.16,1,51.57,2.46,126.92,100,63,360
722.42,RACE,548524,17.19,17.16,1,51.45,2.64,135.98,100,64,360
723.43,RACE,549277,17.28,17.17,1,51.89,0.4,20.55,100,60,362
724.46,RACE,550030,16.93,17.17,1,51.4,2.14,110.09,100,60,355
725.48,RACE,550971,17.1,17.17,1,51.36,3.89,199.64,100,67,358
726.48,RACE,551723,17.19,17.17,1,51.78,2.88,148.88,100,61,360
727.48,RACE,552476,17.1,17.17,1,51.36,3.12,160.45,100,64,358
728.51,RACE,553230,17.19,17.17,1,51.24,3.16,161.71,100,65,360
729.51,RACE,553983,17.46,17.17,1,50.97,10.54,537.48,100,70,366
730.51,RACE,554736,17.1,17.17,1,51.7,2.75,142.06,100,63,358
731.51,RACE,555489,17.28,17.17,1,51.99,0.08,4.11,100,59,362
732.52,RACE,556241,17.19,17.17,1,51.38,3.25,167.19,100,65,360
733.52,RACE,556994,17.19,17.18,1,51.22,8.33,426.52,100,67,360
734.56,RACE,557746,17.37,17.18,1,50.76,8.41,427.03,100,71,364
735.56,RACE,558498,17.19,17.18,1,50.73,7.64,387.47,100,70,360
736.59,RACE,559251,17.1,17.18,1,51.4,4.41,226.66,100,66,358
737.62,RACE,560004,17.28,17.18,1,51.98,-0.17,-9.1,100,59,362
738.65,RACE,560756,17.19,17.18,1,50.62,8.37,423.71,100,70,360
739.66,RACE,561509,17.1,17.18,1,50.99,8.42,429.21,100,70,358
740.68,RACE,562261,17.19,17.19,1,50.41,11.7,589.77,100,73,360
741.7,RACE,563014,17.19,17.19,1,51.26,6.03,309.13,100,67,360
742.7,RACE,563767,17.19,17.19,1,50.83,9.3,472.81,100,71,360
743.73,RACE,564520,17.37,17.19,1,51.45,3.91,201.32,100,64,364
744.76,RACE,565272,16.92,17.19,1,51.64,2.14,110.41,100,63,355
745.78,RACE,566025,17.37,17.19,1,50.18,11.19,561.41,100,74,364
746.81,RACE,566777,17.1,17.19,1,51.15,6.34,324.45,100,68,358
747.84,RACE,567529,17.1,17.2,1,50.57,9.43,476.94,100,72,358
748.86,RACE,568282,17.1,17.2,1,51.4,2.39,122.68,100,64,358
749.89,RACE,569034,17.1,17.2,1,50.87,7.73,393.43,100,71,358
750.89,RACE,569787,17.19,17.2,1,50.75,9.03,458.19,100,71,360
751.89,RACE,570540,17.19,17.2,1,51.03,7.49,382.05,100,69,360
752.89,RACE,571292,17.19,17.2,1,50.36,10.62,534.72,100,72,360
753.92,RACE,572045,17.1,17.2,1,51.45,4.47,230.19,100,65,358
754.92,RACE,572798,17.37,17.21,1,51.26,10.93,560.39,100,72,364
755.92,RACE,573550,17.19,17.21,1,51.27,4.05,207.56,100,65,360
756.95,RACE,574491,17.01,17.21,1,51.64,1.63,84.08,100,67,356
757.96,RACE,575243,17.37,17.21,1,51.31,5.44,279.12,100,66,364
758.96,RACE,575996,17.28,17.21,1,51.47,4.62,237.89,100,64,362
759.99,RACE,576749,17.28,17.21,1,51.22,5.44,278.54,100,67,362
761.03,RACE,577501,17.19,17.21,1,51.24,5.3,271.36,100,65,360
762.03,RACE,578254,17.19,17.21,1,51.29,2.84,145.87,100,65,360
763.03,RACE,579008,16.84,17.21,1,51.64,3.83,197.64,100,62,353
764.04,RACE,579762,17.28,17.22,1,51.84,-0.12,-6.06,100,60,362
765.05,RACE,580514,17.19,17.22,1,50.85,9.03,459.14,100,72,360
766.08,RACE,581267,17.19,17.22,1,51.01,4.14,211.39,100,71,360
767.08,RACE,582020,17.1,17.22,1,51.4,2.38,122.58,100,65,358
768.09,RACE,582772,17.19,17.22,1,51.8,-0.16,-8.34,100,60,360
769.09,RACE,583523,17.1,17.22,1,50.83,7.35,373.83,100,69,358
770.09,RACE,584276,17.19,17.22,1,51.19,5.49,281.06,100,68,360
771.11,RACE,585028,17.19,17.23,1,50.94,8.41,428.3,100,71,360
772.12,RACE,585780,17.19,17.23,1,51.43,5.11,262.82,100,65,360
773.13,RACE,586533,17.1,17.23,1,51.31,4.4,225.55,100,67,358
774.14,RACE,587286,17.28,17.23,1,51.17,8.87,453.97,100,71,362
775.16,RACE,588038,17.19,17.23,1,50.97,5.82,296.42,100,68,360
776.19,RACE,588791,17.28,17.23,1,50.43,11.56,582.87,100,76,362
777.19,RACE,589544,17.1,17.23,1,50.62,10.76,544.8,100,75,358
778.19,RACE,590297,17.19,17.24,1,51.22,4.49,229.88,100,65,360
779.22,RACE,591050,17.28,17.24,1,51.68,1.42,73.49,100,62,362
780.25,RACE,591802,17.37,17.24,1,49.88,17.73,884.46,100,75,364
781.26,RACE,592555,17.1,17.24,1,50.62,10.98,555.74,100,72,358
782.26,RACE,593308,17.28,17.24,1,51.01,6.54,333.71,100,69,362
783.27,RACE,594060,17.55,17.24,1,49.69,9.58,476.24,100,79,368
784.29,RACE,594813,17.1,17.24,1,51.17,6.03,308.8,100,68,358
785.31,RACE,595565,17.19,17.25,1,50.36,12.81,645.06,100,75,360
786.34,RACE,596319,17.19,17.25,1,51.26,5.7,292.01,100,67,360
787.35,RACE,597071,17.19,17.25,1,50.34,12.73,641.0,100,74,360
788.35,RACE,597828,17.19,17.25,1,50.57,6.5,328.66,100,70,360
789.38,RACE,598580,17.19,17.25,1,50.83,8.28,420.75,100,71,360
790.39,RACE,599336,17.1,17.25,1,51.54,0.7,36.23,100,63,358
791.4,RACE,600094,17.28,17.25,1,51.13,8.0,408.87,100,70,362
792.4,RACE,600851,17.37,17.26,1,51.78,0.93,48.26,100,61,364
793.43,RACE,601607,17.28,17.26,1,51.06,7.94,405.44,100,69,362
794.44,RACE,602364,17.19,17.26,1,51.61,3.69,190.64,100,62,360
795.44,RACE,603121,17.01,17.26,1,50.96,5.73,292.04,100,71,356
796.46,RACE,603878,17.37,17.26,1,51.57,0.88,45.59,100,63,364
797.48,RACE,604635,17.19,17.26,1,51.15,5.45,278.57,100,68,360
798.51,RACE,605584,17.28,17.26,1,51.8,0.51,26.52,100,60,362
799.52,RACE,606341,17.74,17.26,1,51.59,1.62,83.42,100,64,372
800.53,RACE,607098,17.37,17.26,1,50.13,10.85,543.97,100,74,364
801.56,RACE,607856,17.37,17.27,1,51.38,5.15,264.66,100,65,364
802.58,RACE,608613,17.19,17.27,1,51.26,5.96,305.24,100,69,360
803.61,RACE,609370,17.46,17.27,1,50.87,9.8,498.73,100,71,366
804.61,RACE,610127,17.28,17.27,1,50.96,8.13,414.08,100,71,362
805.63,RACE,610884,17.28,17.27,1,51.05,6.67,340.27,100,69,362
806.64,RACE,611641,17.46,17.27,1,51.22,5.59,286.27,100,67,366
807.65,RACE,612398,17.55,17.27,1,51.08,7.81,399.1,100,70,368
808.65,RACE,613155,17.28,17.28,1,51.45,2.15,110.57,100,64,362
809.67,RACE,613912,17.28,17.28,1,50.66,10.66,540.08,100,73,362
810.68,RACE,614669,17.28,17.28,1,50.97,6.84,348.57,100,70,362
811.68,RACE,615426,17.28,17.28,1,50.59,10.25,518.73,100,73,362
812.69,RACE,616184,17.37,17.28,1,51.19,8.85,453.0,100,69,364
813.71,RACE,616940,17.19,17.28,1,50.71,10.0,506.86,100,72,360
814.72,RACE,617697,17.19,17.28,1,51.03,6.99,356.69,100,69,360
815.75,RACE,618454,16.84,17.29,1,51.1,7.05,360.39,100,69,353
816.77,RACE,619213,17.19,17.29,1,51.4,3.46,177.94,100,65,360
817.79,RACE,619970,17.19,17.29,1,51.64,0.82,42.09,100,63,360
818.81,RACE,620727,17.28,17.29,1,51.27,9.79,502.18,100,72,362
819.83,RACE,621484,17.19,17.29,1,51.08,7.96,406.71,100,72,360
820.83,RACE,622241,17.28,17.29,1,51.12,5.13,262.43,100,68,362
821.83,RACE,622998,17.28,17.3,1,51.1,6.71,342.87,100,68,362
822.85,RACE,623755,17.19,17.3,1,50.83,8.07,410.28,100,71,360
823.86,RACE,624512,17.28,17.3,1,50.78,10.3,523.11,100,71,362
824.87,RACE,625269,17.28,17.3,1,50.97,7.6,387.46,100,70,362
825.88,RACE,626026,17.28,17.3,1,51.5,3.22,165.99,100,63,362
826.89,RACE,626783,17.19,17.3,1,51.26,1.56,79.91,100,70,360
827.91,RACE,627540,17.28,17.3,1,51.73,1.42,73.51,100,63,362
828.92,RACE,628296,17.19,17.31,1,51.82,0.73,37.98,100,61,360
829.91,RACE,629054,17.28,17.31,1,51.89,0.46,23.87,100,60,362
830.92,RACE,629811,17.37,17.31,1,51.26,5.65,289.35,100,68,364
831.94,RACE,630568,17.46,17.31,1,51.38,4.8,246.62,100,65,366
832.96,RACE,631325,17.28,17.31,1,51.45,2.02,103.88,100,65,362
833.98,RACE,632083,17.28,17.31,1,51.64,1.86,96.11,100,63,362
835.0,RACE,632840,17.74,17.31,1,51.01,4.47,227.96,100,66,372
836.02,RACE,633597,16.84,17.32,1,50.96,11.58,590.2,100,69,353
837.02,RACE,634353,17.37,17.32,1,50.89,8.93,454.27,100,70,364
838.04,RACE,635300,17.28,17.32,1,51.42,3.01,154.6,100,66,362
839.06,RACE,636057,17.1,17.32,1,51.64,3.76,194.13,100,62,358
840.08,RACE,636814,17.37,17.32,1,51.47,1.7,87.34,100,64,364
841.1,RACE,637571,17.28,17.32,1,50.45,8.57,432.44,100,72,362
842.13,RACE,638327,17.19,17.32,1,50.8,7.15,363.21,100,70,360
843.16,RACE,639085,17.37,17.32,1,51.64,2.17,112.12,100,63,364
844.18,RACE,639841,17.1,17.33,1,50.66,10.81,547.67,100,75,358
845.2,RACE,640599,17.28,17.33,1,50.29,9.73,489.31,100,72,362
846.23,RACE,641356,17.28,17.33,1,50.94,12.26,624.27,100,74,362
847.25,RACE,642113,17.37,17.33,1,51.73,0.95,48.89,100,61,364
848.25,RACE,642870,16.5,17.33,1,51.54,4.11,211.67,100,63,346
849.27,RACE,643628,17.37,17.33,1,51.78,-0.13,-6.89,100,59,364
850.3,RACE,644384,17.55,17.34,1,50.64,10.71,542.37,100,72,368
851.31,RACE,645142,17.28,17.34,1,51.03,3.88,197.94,100,66,362
852.34,RACE,645898,17.28,17.34,1,51.08,4.32,220.62,100,67,362
853.34,RACE,646656,17.46,17.34,1,51.45,3.76,193.5,100,65,366
854.37,RACE,647412,17.28,17.34,1,50.62,7.48,378.76,100,70,362
855.39,RACE,648170,17.19,17.34,1,51.57,1.3,66.89,100,62,360
856.39,RACE,648927,17.19,17.35,1,51.26,5.89,301.65,100,67,360
857.39,RACE,649683,17.55,17.35,1,50.2,10.66,535.29,100,75,368
858.4,RACE,650440,17.19,17.35,1,51.19,3.41,174.44,100,66,360
859.41,RACE,651197,17.19,17.35,1,51.59,2.49,128.41,100,64,360
860.43,RACE,651954,17.28,17.35,1,51.15,5.88,300.67,100,68,362
861.43,RACE,652711,17.28,17.35,1,51.08,4.28,218.63,100,65,362
862.45,RACE,653471,17.46,17.35,1,51.68,0.97,50.08,100,62,366
863.46,RACE,654233,17.37,17.36,1,51.5,7.14,367.47,100,68,364
864.47,RACE,654995,17.46,17.36,1,51.54,1.81,93.08,100,63,366
865.48,RACE,655756,17.37,17.36,1,51.54,2.33,119.88,100,64,364
866.48,RACE,656517,17.46,17.36,1,51.26,5.17,264.84,100,68,366
867.49,RACE,657279,17.55,17.36,1,51.87,0.44,22.56,100,61,368
868.5,RACE,658041,17.28,17.36,1,51.75,1.4,72.24,100,62,362
869.5,RACE,658803,18.13,17.36,1,51.12,3.19,163.11,100,71,380
870.53,RACE,659756,17.46,17.36,1,51.1,6.95,355.18,100,70,366
871.57,RACE,660517,17.37,17.36,1,51.13,7.4,378.14,100,71,364
872.59,RACE,661279,17.46,17.37,1,50.82,6.32,321.16,100,68,366
873.6,RACE,662040,17.37,17.37,1,51.17,5.9,301.69,100,68,364
874.63,RACE,662802,17.28,17.37,1,51.47,2.57,132.02,100,66,362
875.65,RACE,663563,17.55,17.37,1,50.87,7.07,359.65,100,70,368
876.68,RACE,664325,17.46,17.37,1,50.85,10.05,511.11,100,73,366
877.68,RACE,665087,17.37,17.37,1,50.94,8.25,420.15,100,72,364
878.7,RACE,665849,17.28,17.38,1,51.59,2.34,120.52,100,64,362
879.72,RACE,666610,17.28,17.38,1,50.57,9.03,456.66,100,72,362
880.73,RACE,667372,17.28,17.38,1,51.2,8.01,410.14,100,71,362
881.75,RACE,668133,17.37,17.38,1,50.69,9.29,470.8,100,73,364
882.78,RACE,668895,17.28,17.38,1,51.05,7.13,363.86,100,69,362
883.78,RACE,669657,17.37,17.38,1,51.06,7.33,374.44,100,70,364
884.79,RACE,670418,17.28,17.39,1,51.01,9.82,501.12,100,69,362
885.8,RACE,671179,17.37,17.39,1,50.69,11.0,557.74,100,74,364
886.82,RACE,671940,17.46,17.39,1,50.82,8.54,433.88,100,72,366
887.82,RACE,672708,17.74,17.39,1,51.82,-0.74,-38.24,100,62,372
888.83,RACE,673472,17.46,17.39,1,50.83,9.52,484.04,100,71,366
889.85,RACE,674234,17.55,17.39,1,51.19,7.63,390.45,100,69,368
890.85,RACE,674995,17.37,17.39,1,51.01,5.64,287.85,100,69,364
891.86,RACE,675757,17.37,17.4,1,51.01,7.95,405.58,100,70,364
892.88,RACE,676518,17.46,17.4,1,50.45,10.62,535.76,100,73,366
893.88,RACE,677280,17.28,17.4,1,50.99,7.6,387.44,100,70,362
894.88,RACE,678041,17.46,17.4,1,50.83,7.83,397.83,100,71,366
895.89,RACE,678803,17.37,17.4,1,51.61,2.16,111.47,100,65,364
896.89,RACE,679564,17.28,17.4,1,51.31,3.48,178.35,100,65,362
897.89,RACE,680326,17.28,17.4,1,51.82,0.17,8.81,100,61,362
898.9,RACE,681087,17.19,17.41,1,51.66,1.55,79.87,100,63,360
899.9,RACE,681849,17.55,17.41,1,51.8,0.93,48.02,100,62,368
900.91,RACE,682611,17.28,17.41,1,51.31,5.54,284.05,100,67,362
901.93,RACE,683372,17.46,17.41,1,51.43,2.19,112.74,100,65,366
902.96,RACE,684134,17.37,17.41,1,51.86,4.97,257.51,100,58,364
903.99,RACE,684896,17.37,17.41,1,51.38,2.21,113.65,100,66,364
904.99,RACE,685658,17.28,17.42,1,51.42,2.99,153.68,100,66,362
906.01,RACE,686419,17.37,17.42,1,51.57,1.64,84.37,100,66,364
907.01,RACE,687181,17.55,17.42,1,50.9,7.82,398.18,100,72,368
908.02,RACE,687943,17.46,17.42,1,51.4,5.25,269.63,100,67,366
909.04,RACE,688704,17.37,17.42,1,50.96,8.26,421.12,100,71,364
910.04,RACE,689465,17.46,17.42,1,51.12,5.5,281.34,100,68,366
911.04,RACE,690227,17.19,17.42,1,50.01,12.02,601.0,100,75,360
912.07,RACE,690988,17.37,17.43,1,51.17,5.95,304.51,100,68,364
913.08,RACE,691940,17.19,17.43,1,50.83,7.97,404.94,100,71,360
914.12,RACE,692702,17.37,17.43,1,50.83,8.2,416.99,100,72,364
915.14,RACE,693463,17.37,17.43,1,50.75,7.46,378.67,100,70,364
916.15,RACE,694225,17.55,17.43,1,50.31,12.5,628.74,100,77,368
917.18,RACE,694987,17.37,17.43,1,51.15,4.22,216.06,100,68,364
918.21,RACE,695749,17.37,17.43,1,51.12,6.07,310.12,100,69,364
919.21,RACE,696511,17.46,17.44,1,51.38,1.57,80.56,100,63,366
920.21,RACE,697271,17.19,17.44,1,50.04,16.44,822.61,100,74,360
921.21,RACE,698033,17.37,17.44,1,50.85,6.75,343.15,100,70,364
922.24,RACE,698795,17.46,17.44,1,50.76,9.74,494.39,100,72,366
923.26,RACE,699556,17.55,17.44,1,50.38,10.09,508.35,100,75,368
924.29,RACE,700318,17.37,17.44,1,51.27,6.28,322.15,100,67,364
925.3,RACE,701079,17.46,17.45,1,51.5,2.74,141.27,100,65,366
926.31,RACE,701841,17.37,17.45,1,51.19,6.73,344.28,100,68,364
927.32,RACE,702602,17.37,17.45,1,50.9,8.13,413.86,100,70,364
928.34,RACE,703364,17.46,17.45,1,51.12,5.86,299.59,100,68,366
929.36,RACE,704126,17.37,17.45,1,51.5,1.76,90.8,100,64,364
930.39,RACE,704890,17.46,17.45,1,51.56,2.73,141.01,100,63,366
931.41,RACE,705655,17.46,17.46,1,50.9,6.95,353.94,100,70,366
932.43,RACE,706421,17.55,17.46,1,51.27,3.97,203.66,100,67,368
933.43,RACE,707186,17.37,17.46,1,51.38,4.62,237.32,100,65,364
934.46,RACE,707952,17.55,17.46,1,50.38,10.03,505.48,100,73,368
935.47,RACE,708718,17.46,17.46,1,51.2,2.87,146.8,100,68,366
936.47,RACE,709484,17.55,17.46,1,51.64,0.27,14.0,100,63,368
937.5,RACE,710250,17.74,17.47,1,50.68,8.32,421.62,100,69,372
938.5,RACE,711016,17.46,17.47,1,51.38,4.35,223.71,100,65,366
939.5,RACE,711782,17.55,17.47,1,51.06,7.42,378.73,100,70,368
940.51,RACE,712548,17.37,17.47,1,50.85,7.23,367.56,100,70,364
941.53,RACE,713315,17.55,17.47,1,51.73,0.77,39.94,100,61,368
942.53,RACE,714080,17.37,17.47,1,51.27,4.25,217.76,100,67,364
943.53,RACE,714854,17.65,17.47,1,51.86,0.04,2.23,100,62,370
944.57,RACE,715810,17.46,17.47,1,51.36,3.39,174.32,100,65,366
945.57,RACE,716576,17.55,17.47,1,50.96,7.09,361.34,100,71,368
946.59,RACE,717341,17.74,17.48,1,51.12,6.33,323.51,100,69,372
947.59,RACE,718107,17.65,17.48,1,51.54,4.23,217.8,100,67,370
948.59,RACE,718873,17.65,17.48,1,50.62,7.46,377.65,100,70,370
949.59,RACE,719638,17.46,17.48,1,50.87,9.24,470.24,100,70,366
950.62,RACE,720404,17.37,17.48,1,51.64,4.19,216.23,100,64,364
951.65,RACE,721169,17.46,17.48,1,50.48,12.03,607.11,100,75,366
952.65,RACE,721935,17.37,17.49,1,51.03,5.95,303.51,100,68,364
953.65,RACE,722701,17.55,17.49,1,50.87,9.39,477.57,100,71,368
954.68,RACE,723467,17.46,17.49,1,50.89,12.33,627.18,100,75,366
955.68,RACE,724233,17.84,17.49,1,51.08,5.62,286.87,100,68,374
956.69,RACE,724998,17.55,17.49,1,50.52,10.22,516.4,100,74,368
957.7,RACE,725764,17.55,17.49,1,51.1,5.58,285.08,100,68,368
958.71,RACE,726530,17.65,17.5,1,51.01,7.7,392.67,100,70,370
959.74,RACE,727295,17.55,17.5,1,50.97,7.86,400.51,100,71,368
960.74,RACE,728061,17.46,17.5,1,51.19,6.05,309.78,100,68,366
961.76,RACE,728827,17.37,17.5,1,51.03,5.97,304.69,100,69,364
962.79,RACE,729592,17.55,17.5,1,51.1,5.65,288.91,100,68,368
963.79,RACE,730357,17.65,17.5,1,50.66,9.67,489.92,100,73,370
964.8,RACE,731123,17.46,17.51,1,51.13,5.42,276.94,100,69,366
965.82,RACE,731888,17.46,17.51,1,51.26,4.25,217.79,100,69,366
966.83,RACE,732654,17.37,17.51,1,51.56,2.01,103.52,100,66,364
967.84,RACE,733420,17.65,17.51,1,51.24,4.14,212.33,100,67,370
968.86,RACE,734185,17.46,17.51,1,51.05,5.53,282.23,100,69,366
969.89,RACE,734952,17.55,17.51,1,51.36,4.6,236.11,100,67,368
970.89,RACE,735718,16.92,17.52,1,51.7,3.18,164.39,100,61,355
971.9,RACE,736485,17.65,17.52,1,51.57,2.43,125.53,100,65,370
972.9,RACE,737251,17.55,17.52,1,51.47,2.68,137.99,100,66,368
973.91,RACE,738017,17.74,17.52,1,51.19,3.57,182.84,100,69,372
974.91,RACE,738784,17.46,17.52,1,51.24,5.14,263.42,100,68,366
975.92,RACE,739549,17.55,17.52,1,51.49,3.85,198.11,100,66,368
976.92,RACE,740315,17.65,17.53,1,50.94,8.41,428.3,100,73,370
977.92,RACE,741080,17.46,17.53,1,51.31,3.93,201.7,100,67,366
978.95,RACE,741846,17.65,17.53,1,51.24,6.41,328.54,100,68,370
979.97,RACE,742611,17.37,17.53,1,50.82,7.58,385.04,100,71,364
980.97,RACE,743377,17.46,17.53,1,50.97,6.9,351.68,100,69,366
981.98,RACE,744143,17.55,17.53,1,50.17,11.29,566.57,100,74,368
982.99,RACE,744911,17.46,17.54,1,51.49,3.74,192.76,100,66,366
984.01,RACE,745676,17.46,17.54,1,50.68,10.09,511.07,100,73,366
985.04,RACE,746442,17.46,17.54,1,51.29,3.98,204.35,100,67,366
986.07,RACE,747208,17.37,17.54,1,50.94,7.36,375.02,100,71,364
987.08,RACE,747974,17.37,17.54,1,51.43,4.74,243.74,100,69,364
988.1,RACE,748739,17.55,17.55,1,50.82,8.6,436.82,100,72,368
989.13,RACE,749697,17.55,17.54,1,50.69,10.08,511.1,100,75,368
990.17,RACE,750463,17.55,17.55,1,51.15,6.6,337.55,100,70,368
991.2,RACE,751228,17.28,17.55,1,49.78,20.66,1028.53,100,82,362
992.2,RACE,751999,17.65,17.55,1,51.13,5.61,287.02,100,68,370
993.22,RACE,752769,17.55,17.55,1,51.47,3.25,167.17,100,68,368
994.25,RACE,753539,17.55,17.55,1,50.97,6.22,317.17,100,70,368
995.27,RACE,754310,17.65,17.56,1,51.15,5.73,292.89,100,69,370
996.29,RACE,755080,17.55,17.56,1,51.19,3.15,161.39,100,67,368
997.31,RACE,755850,17.74,17.56,1,50.64,8.97,454.05,100,72,372
998.34,RACE,756621,17.84,17.56,1,51.33,8.12,416.83,100,69,374
999.37,RACE,757391,17.55,17.56,1,51.47,2.23,114.72,100,66,368
1000.4,RACE,758162,17.55,17.56,1,51.57,2.12,109.23,100,63,368
1001.4,RACE,758932,17.46,17.57,1,51.66,1.04,53.68,100,64,366
1002.41,RACE,759702,17.55,17.57,1,51.17,2.38,121.73,100,67,368
1003.41,RACE,760472,17.84,17.57,1,50.75,7.29,370.05,100,72,374
1004.41,RACE,761243,17.55,17.57,1,51.36,4.15,212.95,100,68,368
1005.42,RACE,762014,17.55,17.57,1,51.5,4.6,237.12,100,68,368
1006.43,RACE,762783,17.46,17.57,1,51.73,1.77,91.67,100,60,366
1007.44,RACE,763554,17.46,17.58,1,51.75,0.39,20.34,100,63,366
1008.45,RACE,764324,17.55,17.58,1,51.19,3.87,197.94,100,68,368
1009.45,RACE,765095,17.65,17.58,1,51.43,2.99,154.04,100,67,370
1010.45,RACE,765865,17.74,17.58,1,51.87,0.98,50.68,100,62,372
1011.46,RACE,766636,17.65,17.58,1,51.71,0.19,10.03,100,62,370
1012.49,RACE,767406,17.55,17.58,1,51.68,1.28,66.36,100,64,368
1013.51,RACE,768176,17.55,17.59,1,50.99,10.56,538.49,100,75,368
1014.54,RACE,768946,17.65,17.59,1,51.1,5.0,255.49,100,69,370
1015.56,RACE,769716,17.65,17.59,1,50.96,7.1,361.85,100,70,370
1016.57,RACE,770487,17.65,17.59,1,50.87,5.88,299.06,100,69,370
1017.57,RACE,771257,17.65,17.59,1,51.36,4.67,239.81,100,67,370
1018.58,RACE,772028,17.65,17.6,1,50.89,8.44,429.49,100,71,370
1019.61,RACE,772991,17.55,17.59,1,51.22,3.58,183.58,100,68,368
1020.63,RACE,773762,17.74,17.6,1,50.69,9.33,473.13,100,73,372
1021.67,RACE,774534,17.55,17.6,1,51.29,4.44,227.89,100,69,368
1022.69,RACE,775304,17.37,17.6,1,51.54,2.88,148.27,100,67,364
1023.69,RACE,776074,17.65,17.6,1,51.4,3.78,194.18,100,67,370
1024.7,RACE,776844,17.74,17.6,1,50.04,12.48,624.44,100,75,372
1025.71,RACE,777616,17.74,17.6,1,50.94,7.73,393.66,100,71,372
1026.73,RACE,778386,17.65,17.61,1,51.29,1.45,74.53,100,68,370
1027.73,RACE,779156,17.55,17.61,1,50.87,8.71,443.03,100,72,368
1028.75,RACE,779926,17.65,17.61,1,50.82,7.75,393.58,100,71,370
1029.76,RACE,780697,17.55,17.61,1,51.08,6.65,339.84,100,70,368
1030.76,RACE,781467,17.55,17.61,1,51.03,6.35,323.98,100,69,368
1031.79,RACE,782237,17.65,17.62,1,50.24,9.96,500.2,100,74,370
1032.82,RACE,783008,17.65,17.62,1,50.69,9.96,505.06,100,74,370
1033.82,RACE,783778,17.19,17.62,1,51.01,7.57,386.4,100,69,360
1034.86,RACE,784548,17.65,17.62,1,51.13,5.01,256.23,100,69,370
1035.86,RACE,785318,17.74,17.62,1,51.43,1.98,101.79,100,65,372
1036.87,RACE,786088,17.37,17.62,1,51.73,1.81,93.58,100,63,364
1037.88,RACE,786858,17.55,17.63,1,51.57,2.91,150.23,100,65,368
1038.91,RACE,787628,17.55,17.63,1,51.71,1.48,76.28,100,64,368
1039.94,RACE,788399,17.55,17.63,1,51.43,3.77,194.01,100,67,368
1040.97,RACE,789169,17.55,17.63,1,50.54,9.03,456.33,100,73,368
1042.0,RACE,789940,17.65,17.64,1,51.42,1.78,91.72,100,66,370
1043.01,RACE,790711,17.65,17.64,1,51.73,2.09,108.12,100,63,370
1044.02,RACE,791481,17.46,17.64,1,51.87,4.97,257.65,100,60,366
1045.02,RACE,792252,17.74,17.64,1,50.1,9.63,482.47,100,77,372
1046.03,RACE,793022,17.55,17.64,1,50.75,6.31,320.16,100,71,368
1047.06,RACE,793985,17.46,17.64,1,51.29,4.29,220.2,100,67,366
1048.06,RACE,794755,17.37,17.64,1,51.56,0.63,32.63,100,65,364
1049.09,RACE,795526,17.37,17.64,1,51.42,2.95,151.83,100,64,364
1050.13,RACE,796296,17.65,17.65,1,50.76,8.81,447.13,100,72,370
1051.15,RACE,797067,17.46,17.65,1,51.12,7.1,363.03,100,69,366
1052.15,RACE,797838,17.46,17.65,1,51.64,0.58,30.16,100,63,366
1053.15,RACE,798613,17.65,17.65,1,51.1,6.05,309.09,100,70,370
1054.16,RACE,799387,17.84,17.65,1,50.43,11.2,564.77,100,75,374
1055.16,RACE,800162,17.65,17.66,1,49.71,16.17,803.79,100,79,370
1056.16,RACE,800936,17.65,17.66,1,49.69,15.92,791.23,100,80,370
1057.18,RACE,801712,17.65,17.66,1,51.15,5.34,273.3,100,71,370
1058.21,RACE,802486,17.84,17.66,1,51.13,6.44,329.51,100,70,374
1059.24,RACE,803261,17.84,17.66,1,50.43,13.4,675.96,100,76,374
1060.27,RACE,804036,17.65,17.67,1,50.75,9.06,459.51,100,73,370
1061.28,RACE,804811,17.84,17.67,1,50.73,8.94,453.47,100,73,374
1062.31,RACE,805585,17.65,17.67,1,51.01,5.59,285.4,100,70,370
1063.34,RACE,806360,17.74,17.67,1,51.29,7.45,382.13,100,70,372
1064.34,RACE,807134,17.84,17.67,1,50.83,9.25,470.01,100,72,374
1065.34,RACE,807909,17.55,17.67,1,51.19,4.64,237.66,100,68,368
1066.37,RACE,808683,17.55,17.68,1,50.75,8.18,414.91,100,73,368
1067.37,RACE,809458,18.03,17.68,1,50.48,10.24,516.9,100,76,378
1068.39,RACE,810232,17.55,17.68,1,51.12,5.32,271.68,100,69,368
1069.39,RACE,811006,17.74,17.68,1,50.89,7.4,376.67,100,69,372
1070.42,RACE,811781,17.65,17.68,1,50.97,6.91,352.24,100,71,370
1071.45,RACE,812556,17.65,17.69,1,51.45,1.9,97.86,100,66,370
1072.48,RACE,813330,17.84,17.69,1,51.24,5.34,273.67,100,68,374
1073.5,RACE,814298,17.93,17.69,1,50.68,10.0,506.61,100,75,376
1074.51,RACE,815073,17.74,17.69,1,51.19,6.06,310.19,100,69,372
1075.53,RACE,815847,17.74,17.69,1,51.68,2.41,124.6,100,65,372
1076.53,RACE,816621,17.55,17.69,1,51.12,8.66,442.51,100,67,368
1077.54,RACE,817396,17.65,17.69,1,51.52,3.48,179.29,100,66,370
1078.54,RACE,818171,17.84,17.7,1,51.57,3.2,164.93,100,64,374
1079.54,RACE,818946,17.65,17.7,1,50.82,8.05,408.98,100,71,370
1080.57,RACE,819721,17.65,17.7,1,51.43,2.21,113.72,100,66,370
1081.61,RACE,820496,17.65,17.7,1,51.17,5.84,298.88,100,70,370
1082.63,RACE,821271,17.74,17.7,1,51.42,4.48,230.39,100,68,372
1083.63,RACE,822045,17.84,17.71,1,50.96,9.28,473.09,100,72,374
1084.63,RACE,822819,17.65,17.71,1,51.03,6.2,316.32,100,71,370
1085.63,RACE,823593,17.55,17.71,1,51.13,4.18,213.74,100,68,368
1086.63,RACE,824368,17.84,17.71,1,50.52,12.21,616.88,100,76,374
1087.66,RACE,825144,17.65,17.71,1,51.7,2.55,131.72,100,65,370
1088.66,RACE,825918,17.65,17.71,1,50.75,5.48,278.14,100,70,370
1089.69,RACE,826693,17.74,17.72,1,51.01,5.22,266.43,100,69,372
1090.7,RACE,827468,17.84,17.72,1,51.05,6.16,314.29,100,71,374
1091.7,RACE,828242,17.74,17.72,1,50.47,10.38,523.68,100,75,372
1092.73,RACE,829017,17.74,17.72,1,51.15,7.81,399.44,100,74,372
1093.74,RACE,829791,17.65,17.72,1,50.34,11.09,558.19,100,75,370
1094.74,RACE,830566,17.84,17.73,1,50.38,12.04,606.59,100,77,374
1095.75,RACE,831341,17.93,17.73,1,49.78,14.8,736.93,100,81,376
1096.77,RACE,832116,17.65,17.73,1,51.4,4.03,207.08,100,66,370
1097.8,RACE,832890,17.65,17.73,1,50.48,7.12,359.24,100,71,370
1098.81,RACE,833665,17.55,17.73,1,50.85,7.29,370.51,100,72,368
1099.81,RACE,834440,17.84,17.74,1,50.48,13.39,675.87,100,77,374
1100.84,RACE,835215,17.65,17.74,1,51.29,5.44,278.82,100,68,370
1101.87,RACE,835989,17.84,17.74,1,51.01,5.92,302.13,100,70,374
1102.87,RACE,836763,17.74,17.74,1,50.92,8.03,408.8,100,73,372
1103.89,RACE,837538,17.65,17.74,1,51.17,7.49,383.2,100,72,370
1104.91,RACE,838312,17.65,17.75,1,50.8,6.14,311.91,100,71,370
1105.92,RACE,839087,17.55,17.75,1,51.82,-0.15,-7.88,100,61,368
1106.92,RACE,839861,17.65,17.75,1,51.27,4.53,232.27,100,67,370
1107.93,RACE,840636,17.55,17.75,1,51.38,4.12,211.69,100,64,368
1108.95,RACE,841415,17.74,17.75,1,51.5,4.36,224.4,100,68,372
1109.97,RACE,842194,17.65,17.76,1,51.82,2.25,116.7,100,61,370
1110.98,RACE,842973,17.65,17.76,1,50.99,3.91,199.43,100,69,370
1111.99,RACE,843753,17.84,17.76,1,51.77,0.29,14.81,100,63,374
1113.0,RACE,844533,17.74,17.76,1,51.93,0.93,48.03,100,62,372
1114.02,RACE,845312,17.74,17.76,1,51.68,2.29,118.4,100,65,372
1115.04,RACE,846285,17.65,17.76,1,51.63,1.12,57.56,100,65,370
1116.08,RACE,847064,17.84,17.76,1,50.82,7.19,365.53,100,73,374
1117.12,RACE,847843,17.84,17.77,1,50.85,7.99,406.21,100,71,374
1118.15,RACE,848622,17.65,17.77,1,50.78,9.3,472.02,100,74,370
1119.15,RACE,849401,17.74,17.77,1,51.13,6.91,353.49,100,71,372
1120.17,RACE,850179,17.74,17.77,1,50.31,9.97,501.46,100,74,372
1121.2,RACE,850959,17.65,17.77,1,51.31,2.48,127.3,100,68,370
1122.22,RACE,851738,17.84,17.78,1,51.08,5.52,282.02,100,69,374
1123.25,RACE,852517,17.84,17.78,1,50.73,9.47,480.35,100,73,374
1124.26,RACE,853296,17.74,17.78,1,51.06,9.24,471.98,100,72,372
1125.29,RACE,854074,17.93,17.78,1,50.71,7.5,380.18,100,71,376
1126.31,RACE,854853,17.74,17.79,1,50.55,9.15,462.71,100,75,372
1127.32,RACE,855632,17.74,17.79,1,49.67,14.76,733.39,100,86,372
1128.33,RACE,856412,17.74,17.79,1,51.01,10.47,534.07,100,74,372
1129.35,RACE,857191,17.84,17.79,1,51.03,7.67,391.28,100,71,374
1130.37,RACE,857969,17.74,17.79,1,50.01,12.87,643.5,100,78,372
1131.4,RACE,858748,17.74,17.8,1,50.94,6.19,315.42,100,69,372
1132.43,RACE,859722,17.84,17.79,1,51.27,2.74,140.54,100,66,374
1133.45,RACE,860501,17.84,17.8,1,50.87,7.69,390.94,100,72,374
1134.45,RACE,861280,17.93,17.8,1,50.59,10.36,524.29,100,74,376
1135.45,RACE,862059,18.23,17.8,1,50.61,18.45,933.63,100,82,382
1136.48,RACE,862837,17.55,17.8,1,50.97,6.08,309.83,100,69,368
1137.52,RACE,863615,17.74,17.8,1,50.52,6.97,352.21,100,73,372
1138.52,RACE,864398,18.13,17.81,0,50.76,8.6,436.82,46,74,380
1139.54,RACE,865195,18.33,17.81,0,50.62,10.43,527.85,54,77,384
1140.54,RACE,866005,18.74,17.81,0,50.47,11.84,597.46,65,80,393
1141.57,RACE,866834,19.17,17.81,0,50.76,9.64,489.52,51,78,402
1142.57,RACE,867673,19.17,17.81,0,50.48,6.91,348.74,37,76,402
1143.57,RACE,868520,19.51,17.81,0,50.94,7.43,378.59,43,78,409
1144.58,RACE,869373,19.63,17.81,0,51.29,5.06,259.74,24,75,411
1145.58,RACE,870234,19.98,17.81,0,50.2,9.34,468.73,47,81,419
1146.6,RACE,871105,19.86,17.81,0,51.24,5.62,288.12,20,76,416
1147.64,RACE,871971,19.63,17.81,0,51.8,0.0,0.0,0,0,411
1148.64,RACE,872817,19.29,17.81,0,51.86,0.0,0.0,0,0,404
1149.64,RACE,873652,18.85,17.81,0,51.82,0.0,0.0,0,0,395
1150.67,RACE,874472,18.64,17.81,0,51.84,0.0,0.0,0,0,390
1151.67,RACE,875269,17.84,17.82,0,51.84,0.0,0.0,0,0,374
1152.7,RACE,876047,17.65,17.82,0,51.87,0.0,0.0,0,0,370
1153.7,RACE,876801,17.19,17.82,1,50.06,20.05,1003.57,100,81,360
1154.71,RACE,877576,17.74,17.82,1,51.56,1.42,73.42,100,64,372
1155.71,RACE,878354,17.84,17.83,1,51.03,7.37,375.87,100,70,374
1156.72,RACE,879133,17.55,17.83,1,50.04,10.14,507.44,100,76,368
1157.72,RACE,879911,17.74,17.83,1,50.73,8.28,420.19,100,73,372
1158.72,RACE,880690,17.84,17.83,1,50.89,9.25,470.6,100,71,374
1159.73,RACE,881469,17.84,17.83,1,50.71,8.62,436.93,100,73,374
1160.73,RACE,882249,17.84,17.83,1,51.47,1.16,59.86,100,64,374
1161.75,RACE,883027,17.84,17.84,1,50.1,8.72,436.59,100,82,374
1162.78,RACE,883806,17.65,17.84,1,51.19,4.75,243.29,100,69,370
1163.79,RACE,884585,17.84,17.84,1,51.29,2.74,140.75,100,68,374
1164.79,RACE,885363,17.84,17.84,1,50.54,11.24,567.81,100,75,374
1165.79,RACE,886142,17.74,17.85,1,50.66,9.3,470.88,100,74,372
1166.8,RACE,886921,17.74,17.85,1,50.41,5.95,300.0,100,71,372
1167.8,RACE,887700,17.74,17.85,1,50.62,10.33,522.99,100,75,372
1168.81,RACE,888478,17.74,17.85,1,50.25,13.02,654.26,100,76,372
1169.82,RACE,889257,17.74,17.85,1,51.4,3.31,170.23,100,66,372
1170.82,RACE,890042,17.84,17.86,0,50.45,11.57,583.83,63,76,374
1171.82,RACE,890836,18.33,17.86,0,50.47,10.52,531.04,61,77,384
1172.82,RACE,891643,18.74,17.86,0,50.57,9.82,496.66,54,78,393
1173.83,RACE,892470,19.4,17.86,0,50.48,12.27,619.43,71,81,406
1174.83,RACE,893323,19.75,17.86,0,50.41,12.79,644.67,70,83,414
1175.83,RACE,894194,20.23,17.86,0,50.2,12.0,602.66,65,84,424
1176.86,RACE,895088,20.6,17.86,0,50.38,12.48,628.5,70,87,432
1177.89,RACE,896001,21.26,17.86,0,49.85,15.0,747.54,76,90,446
1178.92,RACE,896943,21.82,17.86,0,49.87,13.54,675.1,76,92,457
1179.93,RACE,897909,22.42,17.86,0,50.04,12.9,645.4,68,93,470
1180.95,RACE,898894,22.41,17.85,1,51.59,-0.27,-13.83,100,79,470
1181.98,RACE,899865,22.26,17.85,0,50.03,18.8,940.32,96,98,467
1183.0,RACE,901053,21.4,17.84,0,51.7,0.0,0.0,0,0,448
1184.02,RACE,901969,20.86,17.84,0,51.75,0.0,0.0,0,0,437
1185.02,RACE,902858,19.98,17.84,0,51.71,0.0,0.0,0,0,419
1186.06,RACE,903714,19.29,17.84,0,51.75,0.0,0.0,0,0,404
1187.06,RACE,904540,18.85,17.84,0,50.06,15.32,767.13,88,83,395
1188.07,RACE,905337,17.65,17.85,1,51.45,3.03,155.74,100,67,370
1189.08,RACE,906116,17.84,17.85,1,51.13,6.19,316.31,100,70,374
1190.09,RACE,906900,18.03,17.85,1,50.97,7.79,397.2,100,71,378
1191.12,RACE,907683,17.93,17.85,1,51.2,5.05,258.58,100,70,376
1192.14,RACE,908467,18.13,17.86,1,51.24,2.04,104.37,100,70,380
1193.18,RACE,909250,18.43,17.86,1,50.04,16.14,807.64,100,85,386
1194.2,RACE,910034,17.84,17.86,1,51.38,3.79,194.78,100,67,374
1195.21,RACE,910817,18.03,17.86,1,50.73,7.66,388.38,100,74,378
1196.24,RACE,911600,17.93,17.86,1,50.59,10.09,510.53,100,75,376
1197.27,RACE,912384,17.84,17.87,1,50.75,8.31,421.5,100,74,374
1198.27,RACE,913167,17.93,17.87,1,50.8,8.2,416.55,100,73,376
1199.28,RACE,913951,18.03,17.87,1,50.68,10.88,551.46,100,75,378
1200.3,RACE,914733,17.74,17.87,1,49.66,15.02,745.73,100,80,372
1201.33,RACE,915518,17.93,17.88,1,51.17,5.18,265.06,100,70,376
1202.33,RACE,916311,18.33,17.88,0,50.01,14.23,711.76,77,80,384
1203.33,RACE,917129,18.85,17.88,0,50.06,15.57,779.3,86,83,395
1204.33,RACE,917973,19.29,17.88,0,50.2,16.76,841.32,91,85,404
1205.34,RACE,918846,20.35,17.88,0,49.81,17.39,866.27,96,90,426
1206.34,RACE,919755,21.26,17.88,0,49.6,17.47,866.61,95,93,446
1207.37,RACE,920696,22.11,17.88,0,49.96,16.43,820.96,93,95,463
1208.39,RACE,921666,22.72,17.87,0,50.04,16.6,830.56,94,96,476
1209.42,RACE,922666,23.2,17.87,0,50.13,15.45,774.47,88,100,486
1210.45,RACE,923949,23.7,17.86,0,51.57,0.0,0.0,0,0,497
1211.47,RACE,924965,23.04,17.86,0,51.64,0.0,0.0,0,0,483
1212.5,RACE,925959,22.72,17.86,1,51.64,0.36,18.7,100,60,476
1213.52,RACE,926936,22.11,17.86,1,51.71,-0.13,-6.88,100,78,463
1214.54,RACE,927879,21.26,17.85,1,51.73,-0.05,-2.79,100,75,446
1215.54,RACE,928784,20.35,17.85,1,51.82,0.09,4.51,100,72,426
1216.55,RACE,929651,19.4,17.85,1,51.73,0.27,14.12,100,69,406
1217.55,RACE,930485,18.85,17.85,1,51.82,0.02,0.98,100,66,395
1218.55,RACE,931292,18.03,17.86,1,51.84,0.44,23.02,100,63,378
1219.58,RACE,932076,17.93,17.86,1,50.85,9.42,479.23,100,74,376
1220.61,RACE,932860,17.84,17.86,1,50.71,6.93,351.63,100,72,374
1221.61,RACE,933643,17.74,17.86,1,51.12,4.22,215.71,100,70,372
1222.64,RACE,934426,17.84,17.86,1,50.82,7.23,367.51,100,72,374
1223.64,RACE,935210,17.93,17.87,1,51.2,5.89,301.54,100,70,376
1224.67,RACE,935993,17.93,17.87,1,50.41,13.08,659.19,100,78,376
1225.67,RACE,936777,18.03,17.87,1,51.1,6.08,310.62,100,71,378
1226.68,RACE,937560,18.03,17.87,1,50.71,7.15,362.43,100,71,378
1227.69,RACE,938343,17.74,17.88,1,50.48,10.63,536.63,100,76,372
1228.69,RACE,939127,17.93,17.88,1,50.8,8.84,449.27,100,72,376
1229.69,RACE,939921,18.33,17.88,0,49.96,14.6,729.39,80,80,384
1230.7,RACE,940732,18.85,17.88,0,50.24,12.71,638.65,71,81,395
1231.71,RACE,941552,18.85,17.88,0,49.85,13.06,650.78,74,81,395
1232.74,RACE,942384,19.17,17.88,0,50.29,13.6,684.18,77,83,402
1233.75,RACE,943229,19.4,17.88,0,49.97,13.1,654.5,73,83,406
1234.75,RACE,944091,19.86,17.88,0,50.68,13.9,704.19,80,85,416
1235.76,RACE,944976,20.6,17.88,0,49.76,14.14,703.42,80,88,432
1236.76,RACE,945887,21.26,17.88,0,50.1,14.35,718.98,78,90,446
1237.76,RACE,946822,21.82,17.88,0,50.13,14.43,723.44,78,92,457
1238.78,RACE,947780,22.12,17.88,0,50.17,14.93,749.18,82,94,463
1239.81,RACE,948764,23.2,17.88,0,50.34,14.33,721.55,80,96,486
1240.82,RACE,949760,22.72,17.87,0,51.63,0.0,0.0,0,0,476
1241.83,RACE,950737,22.11,17.87,0,51.66,0.0,0.0,0,0,463
1242.85,RACE,951693,21.54,17.87,0,51.71,0.0,0.0,0,0,451
1243.87,RACE,952631,21.27,17.87,0,51.73,0.0,0.0,0,0,446
1244.9,RACE,953765,20.23,17.86,0,51.73,0.0,0.0,0,0,424
1245.9,RACE,954636,19.87,17.86,0,51.73,0.0,0.0,0,0,416
1246.9,RACE,955486,19.29,17.86,1,51.59,0.61,31.32,100,53,404
1247.91,RACE,956318,18.64,17.86,1,51.7,0.37,19.33,100,66,390
1248.94,RACE,957123,18.13,17.87,1,51.8,-0.1,-5.02,100,64,380
1249.95,RACE,957908,17.84,17.87,1,50.34,12.16,612.36,100,76,374
1250.96,RACE,958692,17.84,17.87,1,51.1,6.54,333.98,100,69,374
1251.96,RACE,959476,18.13,17.87,1,50.18,10.11,507.16,100,74,380
1252.96,RACE,960259,17.84,17.87,1,51.29,6.93,355.66,100,73,374
1253.96,RACE,961043,18.03,17.88,1,51.1,5.42,277.05,100,70,378
1255.0,RACE,961825,17.93,17.88,1,49.99,14.86,742.75,100,76,376
1256.0,RACE,962610,17.93,17.88,1,51.26,3.76,192.52,100,68,376
1257.04,RACE,963393,17.84,17.88,1,50.97,5.87,299.27,100,72,374
1258.06,RACE,964176,17.93,17.89,1,50.45,13.46,679.03,100,77,376
1259.07,RACE,964960,17.84,17.89,1,51.03,7.68,392.1,100,72,374
1260.08,RACE,965756,18.53,17.89,0,50.47,14.31,722.2,82,81,388
1261.11,RACE,966571,18.85,17.89,0,49.69,15.8,785.32,90,83,395
1262.11,RACE,967404,19.17,17.89,0,50.03,16.16,808.6,92,85,402
1263.12,RACE,968254,19.74,17.89,0,49.87,17.09,852.28,94,87,414
1264.12,RACE,969125,20.1,17.89,0,49.99,16.89,844.23,95,88,421
1265.13,RACE,970019,20.86,17.89,0,49.85,17.45,869.77,98,92,437
1266.13,RACE,970942,21.68,17.89,0,49.76,17.36,863.7,96,94,454
1267.15,RACE,971897,22.26,17.89,0,49.9,16.85,840.7,91,95,467
1268.18,RACE,972878,22.57,17.89,0,49.55,16.76,830.56,93,96,473
1269.2,RACE,973882,23.2,17.88,1,49.81,15.3,762.3,100,100,486
1270.2,RACE,974907,23.7,17.88,0,49.83,13.77,686.34,88,100,497
1271.21,RACE,975955,24.04,17.88,0,50.85,12.08,614.44,85,100,504
1272.23,RACE,977017,24.22,17.87,0,50.55,10.77,544.61,84,100,507
1273.24,RACE,978080,23.86,17.87,0,51.52,0.0,0.0,0,0,500
1274.26,RACE,979126,23.69,17.86,0,51.57,0.0,0.0,0,0,497
1275.27,RACE,980143,22.72,17.86,0,51.64,0.0,0.0,0,0,476
1276.3,RACE,981122,21.82,17.86,0,51.7,0.0,0.0,0,0,457
1277.31,RACE,982059,20.86,17.86,0,51.66,0.0,0.0,0,0,437
1278.34,RACE,982954,19.98,17.86,0,51.7,0.0,0.0,0,0,419
1279.37,RACE,984024,19.4,17.85,0,50.55,12.32,622.61,68,82,406
1280.38,RACE,984875,19.17,17.85,1,51.68,-0.09,-4.7,100,67,402
1281.39,RACE,985698,18.53,17.85,1,51.75,-0.12,-6.11,100,65,388
1282.42,RACE,986495,17.93,17.86,1,51.78,0.22,11.6,100,63,376
1283.41,RACE,987278,17.84,17.86,1,51.26,4.5,230.61,100,68,374
1284.44,RACE,988061,17.84,17.86,1,50.52,11.77,594.45,100,76,374
1285.46,RACE,988845,18.03,17.86,1,51.19,4.74,242.47,100,70,378
1286.49,RACE,989628,17.84,17.87,1,51.03,6.06,309.38,100,70,374
1287.49,RACE,990412,17.74,17.87,1,51.68,1.23,63.57,100,60,372
1288.5,RACE,991195,18.13,17.87,1,50.59,10.0,505.93,100,76,380
1289.52,RACE,991978,17.84,17.87,1,50.96,6.78,345.44,100,71,374
1290.55,RACE,992761,17.74,17.87,1,51.22,5.64,288.84,100,69,372
1291.55,RACE,993544,17.93,17.88,1,50.87,7.07,359.85,100,71,376
1292.56,RACE,994328,17.74,17.88,1,50.96,8.7,443.23,100,74,372
1293.59,RACE,995112,17.84,17.88,1,51.29,4.73,242.46,100,66,374
1294.61,RACE,995895,18.03,17.88,1,50.76,7.73,392.15,100,74,378
1295.63,RACE,996680,18.13,17.89,0,50.34,14.24,717.07,80,79,380
1296.65,RACE,997484,18.64,17.89,0,50.4,13.34,672.07,76,81,390
1297.67,RACE,998318,19.4,17.89,0,50.69,13.61,690.05,76,83,406
1298.68,RACE,999163,19.86,17.89,0,49.36,17.27,852.4,82,91,416
1299.68,RACE,1000000,19.07,17.89,1,52.08,-2.78,-144.79,100,63,399
1300.69,RACE,1000831,19.29,17.89,0,50.38,12.15,612.28,66,81,404
1301.7,RACE,1001686,19.75,17.89,0,50.18,14.03,704.03,77,85,414
1302.7,RACE,1002557,19.63,17.89,1,51.66,0.26,13.54,100,38,411
1303.71,RACE,1003417,19.51,17.89,1,51.82,0.0,0.0,100,69,409
1304.72,RACE,1004256,19.06,17.89,1,51.8,-0.04,-2.12,100,67,399
1305.72,RACE,1005081,18.64,17.9,1,51.89,-0.04,-1.92,100,66,390
1306.73,RACE,1005889,18.13,17.9,1,51.68,0.03,1.76,100,64,380
1307.76,RACE,1006677,17.93,17.9,1,50.97,7.17,365.49,100,72,376
1308.78,RACE,1007461,17.74,17.9,1,51.49,5.46,280.85,100,70,372
1309.78,RACE,1008244,17.74,17.9,1,51.27,2.84,145.36,100,68,372
1310.8,RACE,1009029,17.84,17.91,1,51.89,0.31,15.88,100,60,374
1311.82,RACE,1009812,17.74,17.91,1,51.38,4.88,250.94,100,70,372
1312.85,RACE,1010791,17.93,17.91,1,49.81,17.05,849.08,100,80,376
1313.88,RACE,1011575,17.93,17.91,1,50.48,12.63,637.75,100,77,376
1314.92,RACE,1012359,18.03,17.91,1,50.99,9.54,486.63,100,74,378
1315.92,RACE,1013142,17.84,17.92,1,50.17,10.07,505.17,100,76,374
1316.93,RACE,1013927,17.93,17.92,1,51.54,3.07,158.32,100,65,376
1317.94,RACE,1014710,17.65,17.92,1,50.71,9.67,490.48,100,71,370
1318.95,RACE,1015495,17.93,17.92,1,51.19,10.08,515.9,100,75,376
1319.96,RACE,1016278,18.03,17.93,1,50.57,6.66,336.6,100,73,378
1320.98,RACE,1017062,17.93,17.93,1,51.26,3.65,187.34,100,67,376
1322.01,RACE,1017849,18.33,17.93,0,49.9,17.42,869.39,97,83,384
1323.02,RACE,1018662,18.85,17.93,0,49.97,16.76,837.7,93,84,395
1324.04,RACE,1019498,19.29,17.93,0,50.4,15.98,805.26,90,85,404
1325.05,RACE,1020344,19.17,17.94,1,51.64,-0.05,-2.38,100,67,402
1326.08,RACE,1021164,18.33,17.94,1,51.56,0.07,3.45,100,64,384
1327.08,RACE,1021954,17.84,17.94,1,51.03,8.52,434.55,100,73,374
1328.09,RACE,1022737,17.84,17.94,1,50.99,6.01,306.62,100,70,374
1329.11,RACE,1023534,18.64,17.94,0,50.17,15.61,783.24,86,82,390
1330.12,RACE,1024363,19.29,17.95,0,50.27,13.64,685.46,74,83,404
1331.14,RACE,1025217,19.75,17.95,0,50.08,13.82,692.08,76,85,414
1332.14,RACE,1026098,20.48,17.95,1,49.59,18.09,897.06,100,91,429
1333.15,RACE,1026980,19.86,17.95,1,51.66,-0.02,-1.03,100,70,416
1334.17,RACE,1027844,19.63,17.95,1,51.64,0.06,3.1,100,69,411
1335.18,RACE,1028693,18.96,17.95,1,51.77,0.03,1.45,100,67,397
1336.18,RACE,1029529,18.96,17.95,1,51.82,0.14,7.41,100,67,397
1337.19,RACE,1030348,18.74,17.95,1,51.78,-0.36,-18.75,100,65,393
1338.2,RACE,1031153,18.23,17.95,1,51.75,-0.07,-3.73,100,64,382
1339.21,RACE,1031942,17.93,17.95,1,51.8,1.23,63.82,100,63,376
1340.22,RACE,1032730,17.84,17.96,1,50.83,8.44,429.24,100,73,374
1341.25,RACE,1033518,18.13,17.96,1,50.96,5.88,299.53,100,71,380
1342.27,RACE,1034306,17.93,17.96,1,50.96,6.06,308.91,100,71,376
1343.29,RACE,1035094,18.03,17.96,1,50.29,10.08,506.96,100,75,378
1344.31,RACE,1035883,17.74,17.97,1,51.73,1.49,77.03,100,65,372
1345.32,RACE,1036671,18.13,17.97,1,50.64,10.43,528.24,100,76,380
1346.33,RACE,1037459,17.93,17.97,1,51.12,6.84,349.53,100,70,376
1347.33,RACE,1038247,17.93,17.97,1,51.26,5.95,304.72,100,70,376
1348.34,RACE,1039035,18.23,17.98,1,51.1,6.44,329.07,100,72,382
1349.34,RACE,1039822,18.03,17.98,1,50.76,6.57,333.32,100,72,378
1350.35,RACE,1040611,18.03,17.98,1,51.29,7.64,391.97,100,73,378
1351.35,RACE,1041399,17.93,17.98,1,51.01,9.45,482.1,100,73,376
1352.35,RACE,1042187,17.55,17.99,1,51.27,4.82,246.88,100,66,368
1353.36,RACE,1042975,17.93,17.99,1,50.29,9.2,462.81,100,73,376
1354.37,RACE,1043763,17.93,17.99,1,50.96,9.46,481.86,100,75,376
1355.38,RACE,1044551,17.93,17.99,1,50.71,8.66,439.26,100,74,376
1356.38,RACE,1045339,17.93,18.0,1,50.52,11.55,583.48,100,76,376
1357.39,RACE,1046127,18.03,18.0,1,50.55,9.04,457.15,100,75,378
1358.41,RACE,1046915,17.93,18.0,1,50.68,8.02,406.62,100,74,376
1359.42,RACE,1047703,18.03,18.0,1,50.55,9.09,459.27,100,74,378
1360.43,RACE,1048491,18.23,18.01,1,50.89,6.96,354.12,100,69,382
1361.44,RACE,1049279,17.93,18.01,1,51.17,4.6,235.28,100,69,376
1362.45,RACE,1050067,18.03,18.01,1,50.99,6.25,318.55,100,72,378
1363.47,RACE,1050855,17.84,18.01,1,51.57,-0.09,-4.9,100,63,374
1364.48,RACE,1051642,17.84,18.02,1,50.94,4.28,218.23,100,71,374
1365.48,RACE,1052431,17.93,18.02,1,51.36,2.44,125.12,100,67,376
1366.49,RACE,1053219,18.03,18.02,1,51.01,4.06,207.25,100,68,378
1367.5,RACE,1054007,18.23,18.03,1,51.24,4.8,245.79,100,69,382
1368.52,RACE,1055011,18.96,18.02,0,50.06,15.54,777.7,86,83,397
1369.53,RACE,1055857,19.86,18.02,0,50.08,15.3,766.44,87,86,416
1370.54,RACE,1056712,19.86,18.02,1,51.61,-0.28,-14.3,100,69,416
1371.56,RACE,1057546,18.64,18.03,1,51.71,0.63,32.32,100,67,390
1372.59,RACE,1058366,18.53,18.03,1,51.8,-0.08,-4.3,100,65,388
1373.6,RACE,1059168,17.93,18.03,1,51.75,0.43,22.41,100,64,376
1374.63,RACE,1059956,18.23,18.03,1,50.8,6.48,329.33,100,74,382
1375.63,RACE,1060743,18.03,18.04,1,50.41,12.03,606.56,100,77,378
1376.64,RACE,1061532,18.43,18.04,1,50.38,9.23,464.88,100,78,386
1377.66,RACE,1062320,18.03,18.04,1,51.87,-0.24,-12.19,100,63,378
1378.67,RACE,1063108,17.84,18.04,1,51.13,5.0,255.47,100,71,374
1379.68,RACE,1063896,18.03,18.05,1,50.99,11.59,591.06,100,76,378
1380.69,RACE,1064684,18.03,18.05,1,50.73,11.16,566.08,100,75,378
1381.69,RACE,1065476,18.13,18.05,1,51.33,4.4,225.68,100,68,380
1382.69,RACE,1066269,18.53,18.05,1,48.48,21.02,1019.13,100,86,388
1383.7,RACE,1067061,18.13,18.06,1,51.26,4.84,248.03,100,70,380
1384.7,RACE,1067853,18.23,18.06,1,50.48,9.25,467.12,100,74,382
1385.72,RACE,1068646,18.03,18.06,1,50.85,12.64,642.92,100,77,378
1386.73,RACE,1069438,18.23,18.06,1,50.57,3.77,190.5,100,76,382
1387.73,RACE,1070231,18.03,18.07,1,51.31,6.32,324.22,100,71,378
1388.74,RACE,1071023,18.03,18.07,1,51.03,6.76,345.1,100,72,378
1389.75,RACE,1071815,18.03,18.07,1,50.64,9.64,488.38,100,74,378
1390.75,RACE,1072608,18.03,18.07,1,50.89,6.97,354.73,100,73,378
1391.77,RACE,1073400,18.23,18.08,1,50.31,9.41,473.24,100,74,382
1392.8,RACE,1074198,18.23,18.08,0,50.54,11.8,596.57,60,76,382
1393.8,RACE,1075011,18.74,18.08,0,50.34,13.43,676.14,74,81,393
1394.82,RACE,1075844,19.29,18.08,1,49.66,19.36,961.34,100,88,404
1395.83,RACE,1076712,20.23,18.08,1,49.9,18.04,900.03,100,90,424
1396.84,RACE,1077618,21.13,18.08,0,50.04,17.44,872.95,96,92,443
1397.84,RACE,1078554,21.68,18.08,0,49.6,17.08,847.42,94,94,454
1398.85,RACE,1079508,21.4,18.08,1,51.59,0.33,17.03,100,76,448
1399.85,RACE,1080440,21.13,18.08,1,51.68,-0.08,-4.03,100,74,443
1400.86,RACE,1081357,20.73,18.08,1,51.75,-0.1,-5.07,100,73,434
1401.88,RACE,1082260,20.35,18.08,1,51.66,0.19,9.97,100,72,426
1402.88,RACE,1083150,20.1,18.08,1,51.71,0.25,13.03,100,71,421
1403.89,RACE,1084015,19.51,18.08,1,51.73,0.09,4.91,100,69,409
1404.9,RACE,1084863,19.17,18.08,1,51.78,-0.01,-0.52,100,67,402
1405.9,RACE,1085691,18.64,18.08,1,51.75,0.19,9.99,100,66,390
1406.91,RACE,1086492,18.13,18.08,1,51.71,0.96,49.54,100,64,380
1407.92,RACE,1087284,18.33,18.08,1,50.15,15.09,756.58,100,76,384
1408.93,RACE,1088076,18.33,18.09,1,51.13,6.64,339.48,100,74,384
1409.94,RACE,1088869,18.03,18.09,1,51.7,1.47,75.84,100,64,378
1410.96,RACE,1089662,17.65,18.09,1,51.68,2.07,107.13,100,64,370
1411.98,RACE,1090454,18.13,18.1,1,50.83,9.62,488.92,100,74,380
1412.98,RACE,1091246,18.13,18.1,1,50.71,9.49,481.35,100,76,380
1413.98,RACE,1092038,17.93,18.1,1,50.89,6.75,343.28,100,72,376
1414.99,RACE,1092831,18.13,18.1,1,51.17,5.57,285.06,100,71,380
1416.02,RACE,1093623,18.03,18.11,1,51.7,2.47,127.53,100,65,378
1417.03,RACE,1094415,18.03,18.11,1,50.29,12.13,609.75,100,78,378
1418.03,RACE,1095208,18.13,18.11,1,50.9,11.72,596.56,100,77,380
1419.05,RACE,1096000,17.55,18.12,1,51.27,2.68,137.57,100,70,368
1420.05,RACE,1096792,18.23,18.12,1,50.59,10.18,514.99,100,75,382
1421.06,RACE,1097585,17.93,18.12,1,51.08,6.32,323.09,100,71,376
1422.07,RACE,1098378,18.33,18.12,0,50.29,13.54,681.06,78,79,384
1423.09,RACE,1099185,18.85,18.13,0,50.11,15.01,752.1,84,82,395
1424.1,RACE,1100011,18.96,18.13,0,50.47,11.5,580.5,63,80,397
1425.1,RACE,1100833,18.74,18.13,0,51.05,8.97,457.63,12,72,393
1426.11,RACE,1101635,18.13,18.13,0,51.7,0.0,0.0,0,0,380
1427.11,RACE,1102427,18.03,18.14,1,51.13,8.62,440.52,100,74,378
1428.12,RACE,1103220,18.23,18.14,1,51.29,3.93,201.37,100,69,382
1429.13,RACE,1104011,18.03,18.14,1,51.31,3.37,172.86,100,69,378
1430.15,RACE,1104803,18.13,18.14,1,50.94,7.51,382.66,100,70,380
1431.16,RACE,1105597,18.13,18.15,0,50.75,18.75,951.4,83,80,380
1432.17,RACE,1106396,18.64,18.15,0,49.92,13.3,663.79,73,80,390
1433.19,RACE,1107226,19.4,18.15,0,50.11,13.06,654.33,72,83,406
1434.2,RACE,1108087,20.1,18.15,0,50.38,11.73,591.07,66,83,421
1435.21,RACE,1108968,20.35,18.15,0,49.96,12.64,631.23,68,86,426
1436.23,RACE,1109855,19.98,18.15,1,51.68,0.06,3.05,100,71,419
1437.24,RACE,1110723,19.75,18.15,1,51.71,-0.11,-5.84,100,69,414
1438.25,RACE,1111572,19.4,18.16,1,51.66,0.11,5.73,100,68,406
1439.26,RACE,1112396,18.53,18.16,1,51.84,-0.0,-0.05,100,65,388
1440.27,RACE,1113195,18.33,18.16,1,50.48,10.69,539.71,100,77,384
1441.28,RACE,1113992,18.13,18.16,1,51.05,5.55,283.31,100,71,380
1442.28,RACE,1114789,18.23,18.17,1,51.05,2.89,147.52,100,71,382
1443.29,RACE,1115586,18.33,18.17,1,51.19,5.68,290.53,100,71,384
1444.3,RACE,1116383,18.33,18.17,1,50.69,11.33,574.16,100,76,384
1445.31,RACE,1117179,18.03,18.17,1,50.76,7.69,390.43,100,74,378
1446.32,RACE,1117976,18.43,18.18,1,50.5,6.71,338.91,100,77,386
1447.33,RACE,1118773,18.13,18.18,1,51.12,6.71,343.19,100,73,380
1448.34,RACE,1119570,18.03,18.18,1,51.08,7.76,396.39,100,75,378
1449.35,RACE,1120366,18.33,18.19,1,50.18,9.67,485.28,100,82,384
1450.36,RACE,1121164,18.85,18.19,1,50.59,10.38,525.26,100,74,395
1451.36,RACE,1121960,18.23,18.19,1,50.64,6.14,310.83,100,73,382
1452.37,RACE,1122757,18.03,18.19,1,51.36,3.17,162.77,100,68,378
1453.38,RACE,1123553,18.23,18.2,1,50.54,10.11,511.01,100,76,382
1454.39,RACE,1124350,18.13,18.2,1,51.33,2.22,114.2,100,67,380
1455.42,RACE,1125345,18.23,18.2,1,50.57,6.87,347.52,100,73,382
1456.45,RACE,1126142,18.13,18.2,1,50.89,6.48,329.6,100,73,380
1457.48,RACE,1126939,18.33,18.2,1,50.18,8.77,440.36,100,74,384
1458.48,RACE,1127735,18.13,18.21,1,51.17,4.84,247.76,100,70,380
1459.48,RACE,1128532,18.64,18.21,1,50.75,9.92,503.61,100,74,390
1460.49,RACE,1129328,18.13,18.21,1,50.99,5.01,255.53,100,70,380
1461.49,RACE,1130125,18.13,18.22,1,51.29,4.07,208.81,100,68,380
1462.5,RACE,1130921,18.13,18.22,1,50.87,6.86,349.22,100,74,380
1463.52,RACE,1131718,18.23,18.22,1,51.45,1.49,76.76,100,69,382
1464.53,RACE,1132515,18.23,18.23,1,50.99,4.3,219.52,100,70,382
1465.53,RACE,1133312,18.13,18.23,1,51.52,1.02,52.55,100,67,380
1466.55,RACE,1134110,18.13,18.23,1,51.33,3.23,165.68,100,69,380
1467.56,RACE,1134907,18.33,18.23,1,51.56,2.33,120.13,100,66,384
1468.58,RACE,1135704,18.33,18.24,1,50.75,6.26,317.52,100,74,384
1469.59,RACE,1136501,18.03,18.24,1,51.27,4.1,210.43,100,70,378
1470.6,RACE,1137298,18.13,18.24,1,51.38,4.1,210.45,100,70,380
1471.61,RACE,1138094,18.03,18.25,1,50.87,4.55,231.26,100,72,378
1472.62,RACE,1138891,18.23,18.25,1,50.87,8.16,414.9,100,73,382
1473.63,RACE,1139692,18.33,18.25,1,50.66,8.56,433.84,100,75,384
1474.66,RACE,1140493,18.23,18.26,1,50.61,9.8,496.14,100,76,382
1475.67,RACE,1141294,18.43,18.26,1,50.25,11.25,565.51,100,78,386
1476.68,RACE,1142096,18.23,18.26,1,51.08,7.38,377.18,100,73,382
1477.68,RACE,1142897,18.13,18.27,1,50.71,9.91,502.55,100,76,380
1478.69,RACE,1143698,18.33,18.27,1,50.76,13.04,661.96,100,79,384
1479.7,RACE,1144499,18.03,18.27,1,50.9,5.94,302.58,100,74,378
1480.7,RACE,1145300,18.33,18.27,1,51.15,5.41,276.93,100,70,384
1481.72,RACE,1146101,18.23,18.28,1,50.57,8.93,451.55,100,79,382
1482.73,RACE,1146902,18.23,18.28,1,50.06,14.01,701.45,100,79,382
1483.74,RACE,1147704,18.43,18.28,1,49.97,16.83,840.9,100,79,386
1484.76,RACE,1148506,18.13,18.29,1,49.97,9.88,493.83,100,76,380
1485.79,RACE,1149307,18.23,18.29,1,51.01,10.15,517.75,100,76,382
1486.81,RACE,1150108,18.33,18.29,1,50.68,8.3,420.56,100,75,384
1487.83,RACE,1150909,18.13,18.3,1,51.01,4.75,242.3,100,72,380
1488.83,RACE,1151710,18.53,18.3,1,50.27,10.37,521.07,100,76,388
1489.84,RACE,1152511,18.13,18.3,1,50.25,15.47,777.53,100,83,380
1490.85,RACE,1153313,18.23,18.31,1,50.99,6.04,308.15,100,72,382
1491.86,RACE,1154114,18.33,18.31,1,51.57,3.23,166.84,100,65,384
1492.87,RACE,1154914,18.43,18.31,1,50.34,11.03,555.27,100,77,386
1493.88,RACE,1155717,18.43,18.32,0,50.11,15.15,759.01,80,81,386
1494.9,RACE,1156543,19.4,18.32,0,50.47,14.2,716.6,78,83,406
1495.91,RACE,1157401,19.98,18.32,0,50.11,14.88,745.63,82,86,419
1496.92,RACE,1158288,20.6,18.32,0,50.4,14.84,747.86,81,89,432
1497.94,RACE,1159202,21.26,18.32,0,50.01,15.0,750.02,78,91,446
1498.95,RACE,1160131,21.82,18.32,0,51.57,0.0,0.0,12,2,457
1499.96,RACE,1161068,21.68,18.32,1,49.34,17.34,855.34,100,95,454
1500.97,RACE,1162004,21.26,18.32,1,51.66,0.06,3.36,100,75,446
1501.99,RACE,1162920,20.73,18.32,1,51.61,0.09,4.9,100,73,434
1503.0,RACE,1164038,20.23,18.31,1,51.68,0.13,6.72,100,71,424
1504.04,RACE,1164906,19.51,18.31,1,51.78,0.0,0.21,100,69,409
1505.05,RACE,1165738,18.74,18.31,1,51.7,0.27,13.96,100,66,393
1506.06,RACE,1166545,18.33,18.32,1,50.68,10.38,525.92,100,77,384
1507.06,RACE,1167346,18.23,18.32,1,50.8,6.93,352.19,100,73,382
1508.07,RACE,1168149,18.33,18.32,0,49.59,18.91,937.67,98,84,384
1509.09,RACE,1168969,18.96,18.33,0,49.88,16.41,818.61,90,85,397
1510.1,RACE,1169813,19.75,18.33,0,50.54,16.13,815.23,90,87,414
1511.12,RACE,1170675,19.98,18.33,1,49.53,18.82,932.26,100,90,419
1512.13,RACE,1171550,19.86,18.33,1,51.66,0.18,9.14,100,70,416
1513.15,RACE,1172399,19.17,18.33,1,51.7,-0.06,-2.84,100,67,402
1514.17,RACE,1173220,18.53,18.33,1,51.27,3.6,184.54,100,70,388
1515.18,RACE,1174021,18.33,18.34,1,51.19,3.44,175.98,100,71,384
1516.19,RACE,1174823,18.33,18.34,0,50.1,14.38,720.28,81,81,384
1517.21,RACE,1175643,18.96,18.34,0,49.81,14.9,742.48,84,83,397
1518.21,RACE,1176480,19.4,18.35,0,49.52,15.53,768.77,84,85,406
1519.22,RACE,1177336,19.4,18.35,0,49.85,15.76,785.52,82,86,406
1520.23,RACE,1178207,20.23,18.35,0,50.11,13.79,690.96,78,86,424
1521.24,RACE,1179087,20.23,18.35,0,50.4,14.52,731.99,80,87,424
1522.25,RACE,1179976,20.48,18.35,0,50.11,14.78,740.82,82,88,429
1523.27,RACE,1180877,20.73,18.35,0,49.85,15.05,750.43,82,89,434
1524.3,RACE,1181793,21.13,18.35,0,50.24,14.25,715.76,81,90,443
1525.3,RACE,1182731,21.68,18.35,0,49.99,15.38,768.6,84,93,454
1526.31,RACE,1183695,22.26,18.34,0,49.97,14.69,734.0,82,94,467
1527.33,RACE,1184679,22.72,18.34,0,49.73,15.08,749.62,84,96,476
1528.36,RACE,1185683,23.2,18.34,0,50.1,14.7,736.61,82,97,486
1529.36,RACE,1186709,23.69,18.33,0,50.2,13.1,657.58,86,100,497
1530.36,RACE,1187734,23.2,18.33,1,51.57,-0.16,-8.25,100,82,486
1531.39,RACE,1188742,22.88,18.33,1,51.56,-0.23,-12.06,100,81,479
1532.42,RACE,1189729,22.42,18.32,1,51.64,0.03,1.55,100,79,470
1533.43,RACE,1190694,21.68,18.32,1,51.73,0.08,4.09,100,77,454
1534.43,RACE,1191628,21.0,18.32,1,51.64,-0.01,-0.52,100,74,440
1535.44,RACE,1192530,20.23,18.32,1,51.68,0.4,20.41,100,71,424
1536.45,RACE,1193391,19.29,18.32,1,51.84,-0.08,-4.25,100,67,404
1537.46,RACE,1194205,18.53,18.32,1,50.68,8.04,407.38,100,73,388
1538.47,RACE,1195005,18.33,18.33,1,50.41,9.68,488.09,100,76,384
1539.49,RACE,1195807,18.33,18.33,1,51.01,6.98,355.9,100,72,384
1540.49,RACE,1196607,18.85,18.33,1,49.67,18.91,939.29,100,88,395
1541.5,RACE,1197408,18.23,18.34,1,50.9,6.71,341.57,100,72,382
1542.51,RACE,1198209,18.43,18.34,1,50.45,12.0,605.17,100,78,386
1543.53,RACE,1199010,18.13,18.34,1,51.01,4.7,239.8,100,70,380
1544.54,RACE,1199811,18.33,18.35,1,50.48,10.94,552.28,100,77,384
1545.56,RACE,1200612,18.23,18.35,1,50.31,12.07,607.26,100,78,382
1546.57,RACE,1201634,19.07,18.35,1,51.08,10.16,518.83,100,69,399
1547.58,RACE,1202449,18.23,18.35,1,51.42,3.02,155.43,100,67,382
1548.61,RACE,1203255,18.64,18.35,1,51.12,8.03,410.67,100,75,390
1549.64,RACE,1204060,18.33,18.36,1,50.31,11.06,556.5,100,78,384
1550.64,RACE,1204866,18.43,18.36,1,50.82,7.37,374.32,100,73,386
1551.65,RACE,1205671,18.53,18.36,1,50.57,9.45,478.0,100,75,388
1552.66,RACE,1206476,18.33,18.37,1,50.29,9.02,453.61,100,77,384
1553.65,RACE,1207283,18.33,18.37,1,50.89,6.67,339.52,100,73,384
1554.65,RACE,1208088,18.33,18.37,1,51.57,-0.06,-2.84,100,64,384
1555.66,RACE,1208896,18.85,18.38,0,50.17,15.95,800.2,93,83,395
1556.67,RACE,1209735,19.63,18.38,0,49.99,17.06,852.78,96,87,411
1557.68,RACE,1210610,20.73,18.38,1,49.97,17.25,861.88,100,91,434
1558.7,RACE,1211523,21.13,18.38,0,50.03,16.74,837.57,92,92,443
1559.71,RACE,1212467,22.26,18.38,0,50.1,15.6,781.25,90,95,467
1560.74,RACE,1213446,23.04,18.38,0,49.76,15.59,775.58,85,96,483
1561.74,RACE,1214447,22.88,18.37,1,51.57,-0.03,-1.6,100,81,479
1562.74,RACE,1215431,22.26,18.37,1,51.57,0.16,8.3,100,79,467
1563.74,RACE,1216395,21.82,18.37,1,51.71,-0.01,-0.72,100,77,457
1564.76,RACE,1217337,21.27,18.36,1,51.68,0.03,1.76,100,75,446
1565.78,RACE,1218247,20.48,18.36,1,51.73,-0.07,-3.67,100,72,429
1566.79,RACE,1219123,19.63,18.36,1,51.7,0.25,12.98,100,69,411
1567.8,RACE,1219961,18.85,18.37,1,51.82,-0.0,-0.1,100,66,395
1568.8,RACE,1220770,18.43,18.37,1,50.31,11.41,574.1,100,79,386
1569.81,RACE,1221576,18.33,18.37,1,50.71,9.7,492.05,100,75,384
1570.8,RACE,1222382,18.53,18.38,1,50.9,8.13,413.65,100,73,388
1571.82,RACE,1223187,18.43,18.38,1,50.69,8.65,438.35,100,76,386
1572.85,RACE,1223993,18.64,18.39,1,50.59,11.0,556.32,100,75,390
1573.87,RACE,1224798,18.23,18.39,1,50.68,9.9,501.95,100,75,382
1574.89,RACE,1225603,18.43,18.39,1,50.17,12.42,622.81,100,79,386
1575.9,RACE,1226409,18.33,18.4,1,51.2,4.34,222.43,100,64,384
1576.92,RACE,1227215,18.64,18.4,1,50.68,9.96,504.78,100,76,390
1577.93,RACE,1228020,18.43,18.4,1,50.4,11.7,589.72,100,79,386
1578.93,RACE,1228826,18.33,18.41,1,50.75,11.32,574.46,100,77,384
1579.94,RACE,1229631,18.43,18.41,1,51.22,4.97,254.31,100,70,386
1580.95,RACE,1230437,18.33,18.42,1,50.66,8.55,433.08,100,75,384
1581.95,RACE,1231243,18.33,18.42,1,50.73,8.18,415.12,100,74,384
1582.95,RACE,1232048,18.43,18.42,1,50.62,7.27,368.03,100,74,386
1583.96,RACE,1232854,18.53,18.43,1,50.32,12.11,609.62,100,78,388
1584.98,RACE,1233660,18.43,18.43,1,49.99,9.97,498.4,100,77,386
1586.0,RACE,1234465,18.23,18.43,1,51.63,-0.04,-1.81,100,65,382
1587.01,RACE,1235271,18.53,18.44,1,51.24,4.72,241.9,100,69,388
1588.03,RACE,1236077,18.43,18.44,1,50.89,8.01,407.4,100,73,386
1589.05,RACE,1236882,18.03,18.45,1,51.47,0.44,22.54,100,65,378
1590.06,RACE,1237688,18.64,18.45,1,50.54,11.09,560.28,100,77,390
1591.08,RACE,1238493,18.43,18.46,1,51.01,5.69,290.14,100,72,386
1592.09,RACE,1239302,18.33,18.46,1,51.29,1.97,100.89,100,70,384
1593.1,RACE,1240117,18.85,18.46,1,51.15,4.22,215.96,100,73,395
1594.11,RACE,1240928,18.64,18.47,1,51.1,5.13,262.08,100,71,390
1595.13,RACE,1241737,18.43,18.47,1,51.68,0.22,11.52,100,65,386
1596.14,RACE,1242548,18.53,18.47,1,51.68,-0.24,-12.3,100,64,388
1597.15,RACE,1243357,18.64,18.48,1,51.27,4.66,238.78,100,69,390
1598.16,RACE,1244167,18.53,18.48,1,49.66,12.58,624.87,100,79,388
1599.18,RACE,1244976,18.43,18.49,1,50.24,11.56,580.93,100,79,386
1600.19,RACE,1245786,18.43,18.49,1,50.99,6.5,331.66,100,72,386
1601.19,RACE,1246595,18.33,18.49,1,50.2,12.33,619.03,100,79,384
1602.21,RACE,1247406,18.43,18.5,1,51.06,4.23,215.95,100,71,386
1603.22,RACE,1248215,18.33,18.5,1,51.13,6.63,338.87,100,68,384
1604.23,RACE,1249025,18.53,18.51,1,50.57,7.28,368.41,100,73,388
1605.26,RACE,1250037,18.33,18.5,1,51.17,4.47,228.67,100,69,384
1606.28,RACE,1250848,18.53,18.51,1,50.41,6.46,325.81,100,73,388
1607.28,RACE,1251657,18.53,18.51,1,51.15,3.85,196.83,100,70,388
1608.3,RACE,1252466,18.43,18.51,1,50.73,12.09,613.47,100,75,386
1609.3,RACE,1253276,18.64,18.52,1,49.85,11.67,581.54,100,79,390
1610.31,RACE,1254086,18.43,18.52,1,50.9,7.11,361.78,100,73,386
1611.32,RACE,1254895,18.33,18.53,1,50.13,12.27,614.91,100,79,384
1612.34,RACE,1255706,18.43,18.53,1,51.03,6.07,310.0,100,72,386
1613.36,RACE,1256516,18.53,18.54,1,50.9,8.54,434.63,100,75,388
1614.38,RACE,1257325,18.53,18.54,1,50.87,5.81,295.66,100,72,388
1615.41,RACE,1258135,18.53,18.54,1,50.48,9.17,462.73,100,76,388
1616.42,RACE,1258945,18.64,18.55,1,50.68,9.58,485.43,100,75,390
1617.43,RACE,1259758,18.64,18.55,1,50.34,8.79,442.3,100,76,390
1618.44,RACE,1260573,19.06,18.56,1,51.26,5.73,293.6,100,70,399
1619.45,RACE,1261386,18.43,18.56,1,50.11,7.96,398.95,100,75,386
1620.45,RACE,1262201,18.53,18.56,1,50.89,6.42,326.59,100,73,388
1621.46,RACE,1263015,18.53,18.57,1,50.9,8.07,410.65,100,74,388
1622.47,RACE,1263829,18.53,18.57,1,51.4,1.93,99.2,100,69,388
1623.47,RACE,1264643,18.64,18.58,1,50.96,5.24,266.92,100,74,390
1624.5,RACE,1265458,18.74,18.58,1,51.56,0.58,29.64,100,67,393
1625.53,RACE,1266272,18.53,18.59,1,51.47,2.14,110.14,100,69,388
1626.53,RACE,1267087,18.74,18.59,1,51.7,0.14,7.34,100,66,393
1627.54,RACE,1267901,18.64,18.59,1,50.27,14.36,721.96,100,82,390
1628.54,RACE,1268715,18.64,18.6,1,50.9,4.84,246.53,100,75,390
1629.57,RACE,1269529,18.53,18.6,1,50.75,7.74,392.88,100,74,388
1630.6,RACE,1270344,18.64,18.61,1,51.03,5.96,304.08,100,72,390
1631.63,RACE,1271158,18.53,18.61,1,51.08,5.66,289.32,100,73,388
1632.64,RACE,1271972,19.18,18.62,1,49.85,16.28,811.64,100,90,402
1633.65,RACE,1272786,18.74,18.62,1,50.8,7.25,368.09,100,75,393
1634.67,RACE,1273600,18.74,18.63,1,50.32,11.74,590.75,100,78,393
1635.69,RACE,1274414,18.64,18.63,1,50.62,9.89,500.71,100,76,390
1636.7,RACE,1275229,18.64,18.63,1,51.01,9.82,500.97,100,77,390
1637.71,RACE,1276043,19.29,18.64,1,50.41,9.86,496.86,100,73,404
1638.73,RACE,1276857,18.74,18.64,1,51.13,4.59,234.76,100,72,393
1639.74,RACE,1277671,18.64,18.65,1,48.92,14.18,693.5,100,93,390
1640.76,RACE,1278485,18.53,18.65,1,49.96,12.98,648.57,100,81,388
1641.77,RACE,1279300,18.85,18.66,1,50.13,12.9,646.74,100,81,395
1642.79,RACE,1280120,18.85,18.66,1,51.45,3.04,156.2,100,68,395
1643.79,RACE,1280939,18.74,18.67,1,50.18,13.76,690.68,100,82,393
1644.8,RACE,1281758,18.74,18.67,1,50.75,7.38,374.61,100,76,393
1645.81,RACE,1282577,18.53,18.67,1,50.38,7.0,352.89,100,75,388
1646.83,RACE,1283600,18.53,18.67,1,50.32,9.26,465.85,100,77,388
1647.84,RACE,1284420,18.74,18.67,1,51.03,5.83,297.39,100,72,393
1648.87,RACE,1285238,18.64,18.68,1,50.64,10.59,536.34,100,77,390
1649.87,RACE,1286057,18.85,18.68,1,50.25,11.07,556.21,100,80,395
1650.88,RACE,1286876,18.74,18.69,1,50.2,12.59,632.08,100,81,393
1651.9,RACE,1287695,18.85,18.69,1,50.83,6.48,329.61,100,75,395
1652.9,RACE,1288514,18.53,18.7,1,51.26,2.61,133.58,100,71,388
1653.91,RACE,1289333,18.85,18.7,1,51.12,4.51,230.58,100,72,395
1654.92,RACE,1290152,18.64,18.7,1,51.36,3.63,186.7,100,70,390
1655.95,RACE,1290975,19.07,18.71,0,50.01,15.24,761.92,84,84,399
1656.96,RACE,1291830,19.74,18.71,0,50.1,13.7,686.57,77,85,414
1657.97,RACE,1292698,19.75,18.71,1,51.61,0.18,9.08,100,69,414
1658.98,RACE,1293552,19.29,18.72,1,51.75,0.12,6.42,100,68,404
1659.99,RACE,1294389,18.85,18.72,1,51.71,0.1,5.17,100,66,395
1661.02,RACE,1295210,18.64,18.73,1,51.59,1.27,65.31,100,68,390
1662.05,RACE,1296029,18.64,18.73,1,51.22,4.34,222.09,100,71,390
1663.08,RACE,1296847,18.64,18.74,1,50.45,9.03,455.39,100,76,390
1664.1,RACE,1297666,18.64,18.74,1,50.8,7.05,358.23,100,74,390
1665.12,RACE,1298485,18.64,18.75,1,50.57,6.66,336.95,100,73,390
1666.13,RACE,1299303,18.74,18.75,1,50.92,5.59,284.65,100,74,393
1667.14,RACE,1300125,18.74,18.76,1,50.55,9.34,471.96,100,78,393
1668.15,RACE,1300948,18.64,18.76,1,50.25,12.37,621.74,100,79,390
1669.16,RACE,1301771,18.74,18.77,1,50.78,9.85,500.1,100,76,393
1670.19,RACE,1302594,18.74,18.77,1,51.03,5.02,256.31,100,72,393
1671.2,RACE,1303416,18.85,18.78,1,49.6,11.88,589.13,100,82,395
1672.22,RACE,1304240,18.85,18.78,1,50.69,4.72,239.07,100,74,395
1673.23,RACE,1305062,18.64,18.79,1,50.29,12.98,652.9,100,81,390
1674.24,RACE,1305893,19.17,18.79,0,49.78,17.36,864.16,95,86,402
1675.26,RACE,1306743,19.63,18.79,1,51.61,0.01,0.57,100,69,411
1676.27,RACE,1307579,18.74,18.8,1,51.26,5.06,259.21,100,72,393
1677.27,RACE,1308401,18.96,18.8,1,50.61,9.06,458.34,100,77,397
1678.29,RACE,1309224,18.64,18.81,1,49.81,15.96,794.83,100,85,390
1679.29,RACE,1310047,18.64,18.81,1,50.13,15.5,777.23,100,86,390
1680.3,RACE,1310872,19.07,18.82,0,49.81,15.12,753.29,83,83,399
1681.31,RACE,1311715,19.51,18.82,0,50.52,14.68,741.45,80,85,409
1682.32,RACE,1312572,19.75,18.82,0,49.62,14.85,736.92,80,86,414
1683.33,RACE,1313449,20.35,18.82,0,50.11,15.31,767.23,82,88,426
1684.34,RACE,1314350,20.86,18.83,0,49.97,14.35,717.21,81,90,437
1685.36,RACE,1315277,21.54,18.83,0,49.92,15.07,752.44,82,92,451
1686.37,RACE,1316472,22.26,18.81,0,49.81,14.25,709.95,81,94,467
1687.4,RACE,1317456,22.88,18.81,0,50.25,14.63,735.07,81,96,479
1688.41,RACE,1318448,22.57,18.81,1,51.71,-0.25,-12.67,100,79,473
1689.44,RACE,1319425,22.26,18.8,1,51.56,0.22,11.08,100,79,467
1690.45,RACE,1320383,21.68,18.8,1,51.7,-0.01,-0.67,100,76,454
1691.46,RACE,1321319,21.4,18.8,1,51.75,-0.02,-0.98,100,75,448
1692.47,RACE,1322235,20.48,18.8,1,51.71,0.14,7.29,100,73,429
1693.48,RACE,1323119,19.74,18.8,1,51.84,-0.08,-3.99,100,70,414
1694.5,RACE,1323975,19.17,18.81,1,51.8,0.2,10.15,100,68,402
1695.51,RACE,1324802,18.64,18.81,1,50.82,9.52,483.68,100,77,390
1696.53,RACE,1325625,18.74,18.82,1,51.8,0.05,2.54,100,65,393
1697.54,RACE,1326447,18.85,18.82,1,50.62,10.32,522.23,100,78,395
1698.54,RACE,1327269,18.74,18.83,1,50.18,10.51,527.58,100,78,393
1699.54,RACE,1328092,18.64,18.83,1,50.57,10.72,542.07,100,78,390
1700.55,RACE,1328915,18.74,18.84,1,51.15,4.84,247.52,100,72,393
1701.57,RACE,1329738,18.74,18.84,1,51.03,6.91,352.55,100,73,393
1702.59,RACE,1330561,18.96,18.85,1,50.66,8.6,435.57,100,77,397
1703.61,RACE,1331388,19.07,18.85,1,50.45,14.3,721.61,100,82,399
1704.62,RACE,1332216,19.4,18.86,1,49.83,10.27,511.97,100,81,406
1705.64,RACE,1333045,18.96,18.86,1,50.82,7.03,357.09,100,76,397
1706.66,RACE,1333872,19.29,18.87,1,50.11,12.69,635.88,100,81,404
1707.68,RACE,1334714,19.17,18.87,1,51.66,-0.09,-4.39,100,68,402
1708.69,RACE,1335543,18.74,18.88,1,50.57,10.02,506.92,100,77,393
1709.7,RACE,1336371,18.85,18.88,1,50.69,9.56,484.48,100,78,395
1710.7,RACE,1337199,18.96,18.89,1,51.08,6.62,338.11,100,72,397
1711.71,RACE,1338026,18.85,18.89,1,51.13,2.32,118.48,100,72,395
1712.74,RACE,1338853,18.85,18.9,1,50.75,8.33,422.62,100,76,395
1713.74,RACE,1339681,18.74,18.9,1,51.52,3.57,183.67,100,67,393
1714.76,RACE,1340508,18.64,18.91,1,51.75,1.65,85.59,100,66,390
1715.76,RACE,1341336,18.96,18.91,1,51.03,7.09,362.04,100,75,397
1716.78,RACE,1342164,18.74,18.92,1,51.59,-0.03,-1.44,100,68,393
1717.79,RACE,1342991,18.96,18.93,1,51.33,4.84,248.68,100,71,397
1718.82,RACE,1343818,18.96,18.93,1,51.33,4.08,209.36,100,68,397
1719.83,RACE,1344647,18.96,18.94,1,51.27,3.68,188.48,100,71,397
1720.84,RACE,1345475,18.96,18.94,1,51.36,4.67,239.6,100,70,397
1721.85,RACE,1346302,19.06,18.95,1,50.54,9.2,464.92,100,76,399
1722.86,RACE,1347130,18.85,18.95,1,51.64,0.33,16.99,100,67,395
1723.88,RACE,1347957,18.74,18.96,1,51.49,4.44,228.49,100,69,393
1724.89,RACE,1348788,18.96,18.96,1,51.45,3.64,187.28,100,69,397
1725.92,RACE,1349826,18.96,18.96,1,50.69,7.27,368.44,100,76,397
1726.94,RACE,1350657,19.4,18.97,1,49.27,12.49,615.42,100,88,406
1727.94,RACE,1351489,19.18,18.97,1,50.66,5.64,285.46,100,78,402
1728.95,RACE,1352321,18.96,18.98,1,51.17,4.46,228.26,100,72,397
1729.96,RACE,1353152,19.17,18.98,1,50.4,8.23,414.95,100,79,402
1730.97,RACE,1353983,18.85,18.99,1,50.25,12.43,624.86,100,81,395
1731.98,RACE,1354815,18.96,18.99,1,50.76,7.67,389.31,100,76,397
1732.98,RACE,1355646,19.17,19.0,1,50.01,11.5,575.04,100,84,402
1734.0,RACE,1356478,18.74,19.0,1,50.96,6.96,354.41,100,76,393
1735.02,RACE,1357309,19.07,19.01,1,49.94,14.04,701.32,100,84,399
1736.03,RACE,1358141,18.85,19.01,1,50.57,7.13,360.67,100,87,395
1737.03,RACE,1358972,18.96,19.02,1,50.31,11.38,572.49,100,80,397
1738.07,RACE,1359804,19.07,19.03,1,50.22,12.91,648.13,100,81,399
1739.07,RACE,1360635,19.18,19.03,1,50.57,7.66,387.58,100,78,402
1740.08,RACE,1361467,19.17,19.04,1,50.25,12.64,635.06,100,83,402
1741.09,RACE,1362300,19.29,19.04,0,50.34,16.69,840.31,93,86,404
1742.1,RACE,1363147,19.4,19.05,0,49.99,16.44,821.94,90,86,406
1743.11,RACE,1364009,19.86,19.05,0,49.43,15.77,779.36,86,87,416
1744.12,RACE,1364888,20.1,19.05,0,49.92,15.93,795.13,86,88,421
1745.13,RACE,1365784,20.73,19.06,0,49.73,16.5,820.48,86,90,434
1746.14,RACE,1366700,21.13,19.06,0,49.67,15.52,770.94,85,92,443
1747.17,RACE,1367643,21.83,19.06,0,49.29,15.67,772.08,86,94,457
1748.18,RACE,1368610,21.97,19.06,0,50.15,16.14,809.34,86,94,460
1749.19,RACE,1369603,22.88,19.05,0,49.97,14.95,746.85,83,96,479
1750.22,RACE,1370599,22.72,19.05,1,51.42,0.37,19.18,100,61,476
1751.22,RACE,1371585,22.41,19.05,1,51.63,-0.07,-3.51,100,79,470
1752.25,RACE,1372556,22.12,19.05,1,51.61,0.16,8.21,100,78,463
1753.27,RACE,1373508,21.82,19.04,1,51.54,-0.02,-0.88,100,76,457
1754.28,RACE,1374442,21.4,19.04,1,51.56,-0.2,-10.31,100,74,448
1755.28,RACE,1375354,20.6,19.04,1,49.76,11.17,555.78,100,97,432
1756.31,RACE,1376255,20.6,19.05,0,50.17,15.79,792.22,85,90,432
1757.33,RACE,1377140,19.75,19.05,0,51.59,0.0,0.0,0,0,414
1758.33,RACE,1377987,18.96,19.06,0,51.64,0.0,0.0,0,0,397
1759.35,RACE,1378814,18.74,19.06,0,51.66,0.0,0.0,0,0,393
1760.36,RACE,1379621,18.13,19.07,0,51.61,0.47,24.15,73,56,380
1761.37,RACE,1380439,18.85,19.08,1,49.71,20.4,1014.21,100,87,395
1762.38,RACE,1381275,19.18,19.08,1,50.32,11.5,578.78,100,81,402
1763.38,RACE,1382111,19.06,19.09,1,50.66,8.46,428.78,100,76,399
1764.4,RACE,1382948,19.51,19.09,1,48.86,17.36,848.47,100,90,409
1765.41,RACE,1383784,19.07,19.1,1,50.97,4.15,211.29,100,72,399
1766.43,RACE,1384619,18.96,19.11,1,50.24,12.78,642.12,100,83,397
1767.46,RACE,1385456,18.96,19.11,1,50.13,10.7,536.65,100,79,397
1768.47,RACE,1386292,18.96,19.12,1,50.87,5.5,279.79,100,74,397
1769.48,RACE,1387128,18.96,19.13,1,50.66,9.77,494.99,100,77,397
1770.49,RACE,1388173,19.17,19.12,1,50.97,6.08,310.13,100,75,402
1771.5,RACE,1389009,19.07,19.13,1,50.73,8.19,415.22,100,76,399
1772.53,RACE,1389845,19.17,19.13,1,50.03,16.52,826.26,100,84,402
1773.54,RACE,1390682,19.17,19.14,1,50.55,9.03,456.59,100,78,402
1774.54,RACE,1391518,19.18,19.15,1,50.55,8.81,445.22,100,78,402
1775.54,RACE,1392354,18.85,19.15,1,51.1,1.98,101.02,100,72,395
1776.56,RACE,1393195,19.29,19.16,1,49.15,14.45,710.11,100,85,404
1777.6,RACE,1394036,19.29,19.17,1,51.4,4.65,238.89,100,71,404
1778.6,RACE,1394876,19.17,19.17,1,51.59,1.7,87.45,100,68,402
1779.62,RACE,1395721,19.75,19.18,0,50.57,15.19,768.38,84,86,414
1780.64,RACE,1396593,20.35,19.18,0,50.04,15.68,784.42,88,89,426
1781.65,RACE,1397498,21.0,19.19,0,50.01,15.11,755.77,80,90,440
1782.66,RACE,1398415,21.0,19.19,1,51.5,0.39,20.24,100,52,440
1783.68,RACE,1399323,20.73,19.19,1,51.59,0.06,2.99,100,73,434
1784.69,RACE,1400216,20.23,19.19,0,51.61,0.0,0.0,0,0,424
1785.7,RACE,1401089,19.86,19.2,0,51.64,0.0,0.0,0,0,416
1786.71,RACE,1401945,19.4,19.2,0,51.68,0.0,0.0,0,0,406
1787.71,RACE,1402776,18.64,19.21,0,51.71,0.0,0.0,0,0,390
1788.71,RACE,1403577,18.43,19.22,0,50.43,16.3,822.21,95,83,386
1789.73,RACE,1404396,19.17,19.23,1,50.25,19.79,994.58,100,88,402
1790.73,RACE,1405237,19.07,19.23,1,51.47,3.18,163.87,100,67,399
1791.73,RACE,1406077,19.17,19.24,1,51.13,3.57,182.5,100,74,402
1792.75,RACE,1406918,19.29,19.24,1,50.71,8.93,452.85,100,79,404
1793.75,RACE,1407761,19.4,19.25,1,50.11,13.96,699.68,100,84,406
1794.76,RACE,1408606,19.51,19.26,1,50.87,5.81,295.76,100,75,409
1795.79,RACE,1409450,19.17,19.27,1,50.45,6.05,305.16,100,77,402
1796.79,RACE,1410295,19.07,19.27,1,50.97,4.68,238.31,100,75,399
1797.81,RACE,1411139,19.4,19.28,1,49.6,18.26,905.8,100,87,406
1798.81,RACE,1411985,19.29,19.28,1,49.88,18.99,947.07,100,86,404
1799.82,RACE,1412830,19.29,19.29,1,50.68,8.33,422.03,100,78,404
1800.83,RACE,1413675,19.29,19.3,1,50.83,11.36,577.68,100,80,404
1801.84,RACE,1414519,19.29,19.3,1,50.54,9.49,479.38,100,79,404
1802.87,RACE,1415364,19.17,19.31,1,50.61,7.15,361.73,100,79,402
1803.89,RACE,1416208,19.18,19.32,1,50.59,9.08,459.44,100,78,402
1804.91,RACE,1417053,19.17,19.33,1,50.75,7.15,362.79,100,77,402
1805.92,RACE,1417897,19.29,19.34,1,50.22,12.24,614.73,100,83,404
1806.93,RACE,1418742,19.4,19.34,1,50.48,8.31,419.51,100,79,406
1807.95,RACE,1419587,19.29,19.35,1,51.13,6.09,311.46,100,74,404
1808.95,RACE,1420433,19.4,19.36,1,50.47,7.92,399.78,100,77,406
1809.97,RACE,1421277,19.4,19.37,1,50.62,8.19,414.75,100,80,406
1810.98,RACE,1422126,19.51,19.37,1,51.49,0.18,9.16,100,69,409
1812.0,RACE,1422975,19.51,19.38,1,51.33,3.69,189.6,100,74,409
1813.02,RACE,1423824,19.4,19.39,1,50.75,11.01,558.57,100,82,406
1814.03,RACE,1424675,19.86,19.39,1,50.17,10.62,532.56,100,83,416
1815.04,RACE,1425526,19.51,19.4,1,50.36,19.33,973.31,100,89,409
1816.06,RACE,1426410,20.6,19.41,0,49.92,14.09,703.32,73,88,432
1817.07,RACE,1427510,19.98,19.4,0,51.57,0.0,0.0,0,0,419
1818.1,RACE,1428368,19.29,19.4,0,51.66,0.0,0.0,0,0,404
1819.11,RACE,1429212,19.4,19.41,1,50.2,20.13,1010.35,100,89,406
1820.12,RACE,1430061,19.4,19.42,1,50.45,8.99,453.38,100,78,406
1821.15,RACE,1430910,19.51,19.43,1,50.66,8.4,425.33,100,79,409
1822.16,RACE,1431760,19.4,19.44,1,50.99,4.15,211.82,100,75,406
1823.16,RACE,1432609,19.4,19.44,1,50.52,9.73,491.44,100,81,406
1824.17,RACE,1433458,19.51,19.45,1,50.17,13.38,670.97,100,83,409
1825.18,RACE,1434312,19.4,19.46,1,50.61,14.56,737.03,100,84,406
1826.2,RACE,1435166,19.63,19.46,1,50.2,8.38,420.68,100,80,411
1827.22,RACE,1436019,19.75,19.47,1,50.9,7.37,374.97,100,78,414
1828.23,RACE,1436872,19.4,19.48,1,50.27,11.93,599.8,100,82,406
1829.24,RACE,1437726,19.63,19.49,1,50.31,10.55,530.94,100,80,411
1830.26,RACE,1438580,19.4,19.5,1,50.48,10.47,528.41,100,80,406
1831.27,RACE,1439434,19.86,19.5,1,50.54,9.7,490.39,100,82,416
1832.28,RACE,1440287,19.63,19.51,1,50.61,9.06,458.34,100,79,411
1833.29,RACE,1441141,19.29,19.52,1,51.42,0.63,32.19,100,68,404
1834.3,RACE,1441995,19.51,19.53,1,50.34,10.39,523.0,100,82,409
1835.33,RACE,1442848,19.29,19.54,1,49.88,12.22,609.35,100,82,404
1836.34,RACE,1443702,19.63,19.54,1,50.25,12.1,607.87,100,83,411
1837.37,RACE,1444556,19.51,19.55,1,50.66,9.24,467.89,100,78,409
1838.38,RACE,1445415,19.63,19.56,0,50.59,13.88,702.06,74,85,411
1839.4,RACE,1446287,19.75,19.57,0,51.43,0.61,31.17,62,68,414
1840.41,RACE,1447183,20.99,19.57,0,49.46,17.42,861.73,97,93,440
1841.43,RACE,1448111,21.54,19.58,0,49.11,17.89,878.55,98,95,451
1842.44,RACE,1449070,21.97,19.58,0,50.38,16.92,852.13,95,96,460
1843.46,RACE,1450056,23.2,19.58,0,50.04,15.8,790.93,95,100,486
1844.46,RACE,1451062,23.2,19.57,0,50.52,15.52,784.09,90,99,486
1845.48,RACE,1452057,22.57,19.57,1,51.5,0.16,8.39,100,80,473
1846.5,RACE,1453028,21.97,19.57,1,51.54,-0.05,-2.68,100,77,460
1847.53,RACE,1453972,21.26,19.57,1,51.43,0.19,9.77,100,75,446
1848.55,RACE,1455115,20.6,19.56,1,51.7,-0.04,-2.07,100,72,432
1849.57,RACE,1455994,19.87,19.56,1,51.57,-0.2,-10.57,100,69,416
1850.57,RACE,1456852,19.75,19.57,1,50.52,12.81,647.24,100,81,414
1851.58,RACE,1457710,19.86,19.58,1,50.62,5.24,265.32,100,80,416
1852.6,RACE,1458568,19.51,19.59,1,50.8,7.07,358.89,100,77,409
1853.6,RACE,1459426,19.51,19.59,1,50.75,12.58,638.25,100,82,409
1854.61,RACE,1460284,19.4,19.6,1,50.55,7.43,375.71,100,86,406
1855.63,RACE,1461142,19.63,19.61,1,50.71,8.69,440.68,100,79,411
1856.64,RACE,1462000,19.63,19.62,1,50.68,7.55,382.76,100,80,411
1857.67,RACE,1462858,19.63,19.63,1,50.99,7.04,358.84,100,79,411
1858.69,RACE,1463717,19.98,19.64,1,51.13,8.08,413.16,100,73,419
1859.71,RACE,1464574,19.63,19.65,1,50.4,11.44,576.67,100,82,411
1860.72,RACE,1465436,19.75,19.66,1,50.32,12.21,614.56,100,83,414
1861.73,RACE,1466299,19.63,19.67,1,50.34,7.6,382.4,100,78,411
1862.76,RACE,1467161,19.74,19.68,1,50.27,9.56,480.5,100,81,414
1863.76,RACE,1468024,19.75,19.69,1,50.68,9.57,484.82,100,79,414
1864.77,RACE,1468886,19.63,19.69,1,50.18,11.31,567.58,100,81,411
1865.78,RACE,1469751,19.86,19.7,0,50.27,16.16,812.6,87,87,416
1866.79,RACE,1470630,20.35,19.71,0,50.01,15.81,790.78,87,89,426
1867.8,RACE,1471531,20.73,19.72,0,50.45,15.7,792.29,86,90,434
1868.83,RACE,1472458,21.68,19.72,0,50.41,16.32,822.88,88,94,454
1869.84,RACE,1473412,22.26,19.72,0,49.71,15.35,762.88,86,95,467
1870.85,RACE,1474389,22.72,19.72,0,49.85,15.52,773.61,86,96,476
1871.87,RACE,1475386,22.88,19.72,0,49.22,16.09,791.84,88,99,479
1872.87,RACE,1476403,23.36,19.71,0,50.45,14.17,714.7,80,100,490
1873.88,RACE,1477425,23.04,19.71,1,51.36,-0.09,-4.73,100,82,483
1874.9,RACE,1478428,22.72,19.71,1,51.54,-0.03,-1.6,100,80,476
1875.92,RACE,1479411,22.57,19.7,0,49.59,14.59,723.51,80,95,473
1876.92,RACE,1480381,22.11,19.7,0,51.54,0.0,0.0,0,0,463
1877.94,RACE,1481325,21.4,19.71,0,51.59,0.0,0.0,0,0,448
1878.95,RACE,1482239,20.35,19.71,0,51.64,0.0,0.0,0,0,426
1879.96,RACE,1483103,19.17,19.72,0,51.61,0.0,0.0,0,0,402
1880.97,RACE,1483916,18.64,19.73,0,50.24,13.52,679.19,75,80,390
1881.98,RACE,1484725,18.64,19.75,0,50.55,14.93,754.55,82,82,390
1883.0,RACE,1485547,19.18,19.76,0,49.92,14.11,704.27,82,83,402
1884.02,RACE,1486388,19.51,19.78,0,50.01,14.62,731.12,84,85,409
1885.04,RACE,1487250,20.1,19.79,0,50.48,14.58,736.04,82,87,421
1886.05,RACE,1488130,20.35,19.8,0,50.25,14.7,738.93,84,88,426
1887.07,RACE,1489257,20.73,19.78,0,49.96,12.8,639.37,72,87,434
1888.09,RACE,1490159,20.6,19.79,0,49.64,14.25,707.39,80,89,432
1889.11,RACE,1491047,19.86,19.8,1,51.52,0.01,0.67,100,70,416
1890.13,RACE,1491913,19.74,19.81,1,50.54,9.2,464.67,100,80,414
1891.14,RACE,1492780,19.98,19.82,1,50.73,7.01,355.46,100,78,419
1892.15,RACE,1493647,19.74,19.83,1,50.38,14.37,724.07,100,86,414
1893.17,RACE,1494514,19.86,19.84,1,50.47,11.75,593.06,100,82,416
1894.18,RACE,1495380,19.74,19.85,1,50.48,7.93,400.48,100,80,414
1895.18,RACE,1496251,19.98,19.86,1,50.61,8.93,451.71,100,79,419
1896.2,RACE,1497122,19.86,19.87,1,50.24,13.21,663.82,100,85,416
1897.2,RACE,1497992,19.98,19.88,1,50.52,6.81,344.03,100,79,419
1898.22,RACE,1498863,19.98,19.89,1,50.85,4.02,204.27,100,77,419
1899.24,RACE,1499734,19.86,19.9,1,50.43,9.83,495.58,100,83,416
1900.25,RACE,1500614,20.48,19.91,0,49.73,14.91,741.46,80,88,429
1901.26,RACE,1501519,20.86,19.92,0,49.94,14.9,744.01,83,90,437
1902.28,RACE,1502456,21.82,19.92,0,50.03,15.25,762.98,84,94,457
1903.29,RACE,1503413,21.68,19.93,1,51.5,0.08,4.02,100,77,454
1904.31,RACE,1504358,21.27,19.93,1,51.42,0.19,9.82,100,75,446
1905.31,RACE,1505277,20.86,19.93,1,51.87,-0.27,-13.85,100,73,437
1906.33,RACE,1506179,20.35,19.94,1,51.49,0.21,10.61,100,72,426
1907.34,RACE,1507057,20.1,19.95,1,50.38,12.08,608.45,100,84,421
1908.34,RACE,1507932,19.98,19.96,1,50.54,9.33,471.49,100,82,419
1909.37,RACE,1508808,19.86,19.98,1,51.1,5.19,264.99,100,76,416
1910.39,RACE,1509682,20.1,19.99,1,49.71,18.96,942.68,100,90,421
1911.4,RACE,1510558,19.98,20.0,1,50.1,12.6,631.06,100,84,419
1912.41,RACE,1511434,19.86,20.01,1,50.5,10.93,551.81,100,83,416
1913.42,RACE,1512309,19.98,20.02,1,50.17,14.33,718.93,100,86,419
1914.43,RACE,1513184,19.86,20.03,1,50.68,6.55,331.88,100,78,416
1915.45,RACE,1514066,20.48,20.04,0,49.32,17.77,876.6,98,90,429
1916.46,RACE,1514974,20.86,20.05,0,49.71,13.99,695.48,72,88,437
1917.47,RACE,1515862,19.86,20.06,0,51.47,0.0,0.0,0,0,416
1918.48,RACE,1516719,19.74,20.08,0,49.99,14.14,707.06,80,85,414
1919.51,RACE,1517584,19.63,20.09,0,50.52,13.8,697.3,76,85,411
1920.53,RACE,1518455,19.98,20.11,0,49.99,13.97,698.51,75,86,419
1921.54,RACE,1519337,20.35,20.12,0,50.24,12.45,625.64,72,87,426
1922.56,RACE,1520222,20.23,20.13,0,50.52,8.95,452.19,47,82,424
1923.57,RACE,1521084,19.29,20.15,0,51.47,0.0,0.0,0,0,404
1924.6,RACE,1522116,18.53,20.14,0,51.57,0.0,0.0,0,0,388
1925.6,RACE,1522926,18.96,20.16,0,49.36,15.27,753.48,86,84,397
1926.62,RACE,1523765,19.51,20.18,0,50.04,14.98,749.39,83,85,409
1927.65,RACE,1524629,20.1,20.2,0,49.74,14.95,743.52,82,88,421
1928.66,RACE,1525522,20.6,20.21,0,49.73,14.99,745.24,81,89,432
1929.68,RACE,1526439,21.27,20.22,0,49.99,14.52,725.75,81,91,446
1930.69,RACE,1527378,21.54,20.22,0,51.47,0.0,0.0,0,0,451
1931.69,RACE,1528301,20.6,20.23,0,51.52,0.0,0.0,0,0,432
1932.7,RACE,1529213,20.6,20.24,0,51.54,0.0,0.0,0,0,432
1933.72,RACE,1530111,20.73,20.25,0,51.56,0.0,0.0,0,0,434
1934.73,RACE,1530992,19.86,20.27,0,51.64,0.0,0.0,0,0,416
1935.74,RACE,1531856,19.63,20.28,0,51.59,0.0,0.0,0,0,411
1936.74,RACE,1532703,19.07,20.3,0,51.64,0.0,0.0,0,0,399
1937.75,RACE,1533522,18.23,20.32,0,51.66,0.0,0.0,0,0,382
1938.76,RACE,1534308,17.65,20.35,0,51.64,0.0,0.0,0,0,370
1939.78,RACE,1535069,17.55,20.38,0,50.18,14.4,722.4,82,78,368
1940.79,RACE,1535848,18.23,20.41,0,50.03,15.99,799.9,90,81,382
1941.81,RACE,1536663,19.06,20.43,0,50.24,13.94,700.49,78,83,399
1942.82,RACE,1537499,19.29,20.46,0,50.13,14.73,738.48,82,84,404
1943.84,RACE,1538348,19.51,20.48,0,50.45,15.21,767.26,83,85,409
1944.85,RACE,1539207,20.1,20.5,0,49.71,14.66,728.78,85,87,421
1945.86,RACE,1540088,20.48,20.51,0,50.03,14.6,730.52,82,88,429
1946.87,RACE,1540985,20.73,20.53,0,49.78,14.87,740.16,82,89,434
1947.88,RACE,1541893,20.73,20.54,0,50.31,13.71,689.56,76,89,434
1948.9,RACE,1542800,20.73,20.55,0,51.45,0.0,0.0,0,0,434
1949.91,RACE,1543677,19.63,20.57,0,51.5,0.0,0.0,0,0,411
1950.92,RACE,1544523,19.4,20.59,0,50.52,9.54,481.74,52,79,406
1951.93,RACE,1545370,19.29,20.62,0,49.67,11.96,594.0,66,82,404
1952.94,RACE,1546227,19.63,20.64,0,50.04,14.91,746.34,83,85,411
1953.95,RACE,1547095,19.98,20.66,0,50.1,13.41,671.89,76,86,419
1954.97,RACE,1547970,20.1,20.68,0,50.13,13.79,691.26,77,86,421
1955.98,RACE,1548854,20.1,20.7,0,50.1,13.96,699.24,76,86,421
1957.0,RACE,1549751,20.48,20.71,0,49.59,14.34,710.86,77,88,429
1958.01,RACE,1550666,21.26,20.73,0,50.47,14.08,710.6,78,90,446
1959.02,RACE,1551605,21.54,20.74,0,50.13,13.27,665.39,74,91,451
1960.02,RACE,1552565,22.26,20.75,0,49.71,13.63,677.33,74,94,467
1961.03,RACE,1553544,22.41,20.75,0,49.99,12.66,632.97,68,94,470
1962.05,RACE,1554538,22.88,20.75,0,50.55,8.04,406.19,40,91,479
1963.06,RACE,1555780,22.72,20.72,0,51.43,0.0,0.0,0,0,476
1964.08,RACE,1556758,21.82,20.73,0,51.38,0.0,0.0,0,0,457
1965.09,RACE,1557709,21.68,20.74,0,51.5,0.0,0.0,0,0,454
1966.1,RACE,1558638,21.0,20.75,0,51.52,0.0,0.0,0,0,440
1967.1,RACE,1559542,20.35,20.77,0,51.56,0.0,0.0,0,0,426
1968.13,RACE,1560412,19.51,20.79,0,51.56,0.0,0.0,0,0,409
1969.14,RACE,1561248,18.74,20.82,0,51.56,0.0,0.0,0,0,393
1970.16,RACE,1562053,18.13,20.86,0,51.57,0.0,0.0,0,0,380
1971.17,RACE,1562835,17.55,20.89,0,51.61,0.0,0.0,0,0,368
1972.18,RACE,1563590,16.92,20.94,0,51.59,0.0,0.0,0,0,355
1973.2,RACE,1564344,17.65,20.98,1,49.71,19.86,987.22,100,83,370
1974.22,RACE,1565133,18.43,21.02,1,49.97,19.63,980.97,100,85,386
1975.24,RACE,1565963,19.29,21.06,1,49.5,19.85,982.63,100,89,404
1976.26,RACE,1566826,20.1,21.09,1,50.1,20.12,1007.73,100,92,421
1977.27,RACE,1567718,20.73,21.11,1,49.34,19.2,947.11,100,93,434
1978.3,RACE,1568628,20.99,21.13,0,49.73,16.02,796.76,87,92,440
1979.31,RACE,1569554,21.4,21.15,0,49.74,16.01,796.3,90,92,448
1980.34,RACE,1570492,21.54,21.17,0,50.03,12.54,627.26,72,91,451
1981.36,RACE,1571429,21.27,21.19,0,51.4,0.0,0.0,0,0,446
1982.36,RACE,1572332,20.35,21.21,0,51.38,0.49,25.23,3,59,426
1983.37,RACE,1573197,19.29,21.24,0,51.5,0.0,0.0,0,0,404
1984.38,RACE,1574026,18.96,21.28,0,49.76,13.33,663.51,71,82,397
1985.39,RACE,1574860,19.18,21.32,0,50.11,12.22,612.53,66,81,402
1986.4,RACE,1575712,19.98,21.35,0,50.2,18.08,907.63,98,89,419
1987.42,RACE,1576598,20.73,21.39,0,49.29,17.54,864.54,98,92,434
1988.43,RACE,1577521,21.68,21.41,0,49.64,17.23,855.41,94,95,454
1989.45,RACE,1578473,21.97,21.43,0,49.22,16.78,825.8,92,96,460
1990.46,RACE,1579451,22.57,21.44,0,50.43,14.68,740.16,81,96,473
1991.47,RACE,1580430,21.97,21.45,0,51.4,0.0,0.0,0,0,460
1992.47,RACE,1581393,21.97,21.47,0,51.42,0.0,0.0,0,0,460
1993.48,RACE,1582575,21.4,21.44,0,51.5,0.0,0.0,0,0,448
1994.49,RACE,1583499,21.0,21.47,0,51.54,0.0,0.0,0,0,440
1995.5,RACE,1584402,20.6,21.5,0,51.54,0.0,0.0,0,0,432
1996.51,RACE,1585289,19.98,21.53,0,51.59,0.0,0.0,0,0,419
1997.52,RACE,1586150,19.4,21.57,0,51.59,0.0,0.0,0,0,406
1998.52,RACE,1586983,18.85,21.61,0,51.63,0.0,0.0,0,0,395
1999.56,RACE,1587782,18.03,21.67,0,51.64,0.0,0.0,0,0,378
2000.57,RACE,1588552,17.37,21.73,0,51.64,0.0,0.0,0,0,364
2001.59,RACE,1589313,17.84,21.8,1,49.62,19.83,984.18,100,83,374
2002.6,RACE,1590107,18.33,21.85,1,49.6,18.6,922.57,100,84,384
2003.62,RACE,1590929,19.63,21.91,1,49.27,17.24,849.35,100,88,411
2004.63,RACE,1591781,19.86,21.96,1,49.13,18.29,898.65,100,89,416
2005.65,RACE,1592662,20.35,22.0,0,49.48,17.42,861.84,95,91,426
2006.67,RACE,1593564,20.73,22.04,0,49.85,17.61,878.04,96,92,434
2007.67,RACE,1594478,20.86,22.08,0,51.42,0.0,0.0,0,0,437
2008.68,RACE,1595369,20.35,22.12,0,50.03,14.21,710.76,81,87,426
2009.71,RACE,1596265,20.73,22.16,0,49.85,15.14,754.91,83,89,434
2010.73,RACE,1597169,21.0,22.21,0,49.71,14.2,705.67,81,90,440
2011.74,RACE,1598081,20.73,22.25,0,51.4,0.0,0.0,0,0,434
2012.75,RACE,1598965,19.98,22.3,0,51.52,0.0,0.0,0,0,419
2013.76,RACE,1599812,18.85,22.36,0,51.54,0.0,0.0,0,0,395
2014.77,RACE,1600625,18.33,22.42,0,51.59,0.0,0.0,0,0,384
2015.79,RACE,1601431,18.53,22.5,0,50.25,12.96,651.49,72,80,388
2016.81,RACE,1602257,18.96,22.57,0,50.11,13.53,678.18,74,82,397
2017.83,RACE,1603108,19.86,22.64,0,50.03,14.08,704.4,80,85,416
2018.86,RACE,1603988,20.35,22.7,0,50.13,14.55,729.61,80,87,426
2019.88,RACE,1604893,20.99,22.75,0,50.34,14.44,726.69,76,90,440
2020.89,RACE,1605816,20.73,22.8,0,51.47,0.0,0.0,0,0,434
2021.89,RACE,1606947,20.35,22.8,0,51.5,0.0,0.0,0,0,426
2022.91,RACE,1607837,20.35,22.86,0,51.5,0.0,0.0,0,0,426
2023.92,RACE,1608712,20.1,22.92,0,51.54,0.0,0.0,0,0,421
2024.93,RACE,1609573,19.4,23.0,0,51.57,0.0,0.0,0,0,406
2025.95,RACE,1610414,19.07,23.08,0,51.56,0.0,0.0,0,0,399
2026.96,RACE,1611240,18.74,23.17,0,51.61,0.0,0.0,0,0,393
2027.98,RACE,1612045,18.03,23.26,0,51.59,0.0,0.0,0,0,378
2029.0,RACE,1612821,17.46,23.37,0,51.66,0.0,0.0,0,0,366
2030.03,RACE,1613588,17.74,23.49,0,50.1,14.26,714.52,80,78,372
2031.03,RACE,1614376,18.23,23.59,0,49.92,14.25,711.21,78,80,382
2032.05,RACE,1615188,18.85,23.7,0,49.45,14.08,695.94,80,82,395
2033.07,RACE,1616021,19.29,23.8,0,50.24,13.98,702.15,77,83,404
2034.09,RACE,1616864,19.4,23.91,0,49.43,14.5,716.69,78,84,406
2035.11,RACE,1617720,19.75,24.01,0,50.01,14.14,706.96,80,85,414
2036.13,RACE,1618593,20.23,24.11,0,50.03,14.12,706.3,78,87,424
2037.15,RACE,1619483,20.48,24.21,0,50.03,14.78,739.27,80,89,429
2038.17,RACE,1620385,20.73,24.31,0,50.06,13.21,661.31,75,88,434
2039.19,RACE,1621268,19.86,24.42,0,51.45,0.0,0.0,0,0,416
2040.22,RACE,1622115,19.07,24.54,0,51.5,0.0,0.0,0,0,399
2041.22,RACE,1622932,18.53,24.68,0,49.74,10.18,506.34,54,81,388
2042.25,RACE,1623733,18.33,24.83,0,49.83,13.87,690.97,76,80,384
2043.27,RACE,1624745,18.43,24.91,0,50.27,12.83,644.89,72,80,386
2044.31,RACE,1625565,18.96,25.07,0,50.62,13.16,666.0,71,81,397
2045.34,RACE,1626391,18.74,25.23,0,51.47,0.0,0.0,0,0,393
2046.36,RACE,1627209,18.74,25.39,0,49.96,15.19,758.67,82,83,393
2047.39,RACE,1628045,19.18,25.56,0,49.97,14.78,738.55,80,84,402
2048.42,RACE,1628902,19.86,25.73,0,50.34,14.35,722.56,82,86,416
2049.44,RACE,1629782,20.48,25.89,0,49.88,14.44,720.49,78,88,429
2050.46,RACE,1630683,20.48,26.04,0,51.12,3.11,159.18,11,76,429
2051.47,RACE,1631576,20.48,26.21,0,51.36,1.16,59.79,17,73,429
2052.5,RACE,1632455,19.86,26.39,0,51.52,0.0,0.0,0,0,416
2053.52,RACE,1633317,19.63,26.59,0,51.54,0.0,0.0,0,0,411
2054.54,RACE,1634163,19.51,26.8,0,51.57,0.0,0.0,0,0,409
2055.57,RACE,1634996,19.07,27.03,0,51.61,0.0,0.0,0,0,399
2056.6,RACE,1636044,19.63,27.18,0,49.73,13.66,679.36,74,85,411
2057.62,RACE,1636914,19.98,27.41,0,51.27,3.5,179.25,10,73,419
2058.65,RACE,1637777,19.63,27.66,0,50.55,13.2,667.2,72,84,411
2059.68,RACE,1638641,19.87,27.92,0,50.18,12.59,631.92,70,84,416
2060.71,RACE,1639517,20.1,28.19,0,50.08,13.81,691.68,75,85,421
2061.74,RACE,1640397,20.23,28.48,0,50.15,12.08,605.89,67,85,424
2062.76,RACE,1641273,19.98,28.78,0,50.66,8.99,455.58,50,81,419
2063.79,RACE,1642145,19.98,29.09,0,50.01,11.15,557.49,62,83,419
2064.81,RACE,1643013,19.86,29.43,0,50.24,12.58,632.17,68,85,416
2065.84,RACE,1643884,19.98,29.79,0,50.41,13.87,699.16,76,86,419
2066.87,RACE,1644770,20.48,30.16,0,49.74,14.16,704.52,78,88,429
2067.9,RACE,1645674,20.99,30.54,0,50.04,14.21,711.06,78,90,440
2068.9,RACE,1646592,21.13,30.92,0,49.97,13.97,698.27,78,91,443
2069.92,RACE,1647748,21.13,31.18,0,50.01,13.18,659.26,72,90,443
2070.95,RACE,1648680,21.27,31.62,0,50.38,13.11,660.39,68,90,446
2071.95,RACE,1649616,21.54,32.06,0,50.54,11.27,569.53,64,89,451
2072.99,RACE,1650552,21.4,32.57,0,50.32,11.27,567.25,62,88,448
2074.01,RACE,1651478,21.13,33.12,0,50.18,8.31,417.08,48,85,443
2075.04,RACE,1652384,20.48,33.73,0,51.1,2.37,121.2,18,76,429
2076.06,RACE,1653268,20.23,34.41,0,50.57,13.25,669.81,74,86,424
2077.09,RACE,1654154,20.35,35.15,0,50.55,12.5,631.66,71,86,426
2078.11,RACE,1655048,20.6,35.96,0,49.2,15.56,765.78,71,89,432
2079.14,RACE,1655960,21.27,36.82,0,50.06,12.85,643.08,73,90,446
2080.16,RACE,1656890,21.4,37.75,0,50.04,13.66,683.69,74,91,448
2081.19,RACE,1657838,21.83,38.77,0,50.17,13.76,690.38,75,93,457
2082.19,RACE,1658804,22.41,39.83,0,49.94,12.04,601.39,64,93,470
2083.22,RACE,1659786,22.57,41.05,0,50.38,9.65,486.04,51,92,473
2084.24,RACE,1660768,22.11,42.43,0,51.43,0.0,0.0,0,0,463
2085.26,RACE,1661735,21.82,44.02,0,51.5,0.0,0.0,0,0,457
2086.28,RACE,1662914,21.54,45.51,0,51.47,0.0,0.0,0,0,451
2087.3,RACE,1663832,20.86,47.68,0,51.49,0.0,0.0,0,0,437
2088.33,RACE,1664671,17.74,50.39,0,51.52,0.0,0.0,0,0,372
2089.36,RACE,1665360,14.24,53.92,0,51.52,0.0,0.0,0,0,298
2090.38,RACE,1665912,11.17,58.49,0,51.52,0.0,0.0,0,0,234
2091.41,RACE,1666335,8.27,64.46,0,51.57,0.0,0.0,0,0,173
2092.42,RACE,1666629,5.36,72.25,0,51.56,0.0,0.0,0,0,112
2093.44,RACE,1666793,2.65,83.01,0,51.59,0.0,0.0,0,0,55
2094.47,RACE,1666833,1.31,98.21,0,51.59,0.0,0.0,0,0,27
2095.49,RACE,1666835,0.0,120.47,0,51.57,0.0,0.0,0,0,0
2096.52,RACE,1666835,0.0,156.07,0,51.64,0.0,0.0,0,0,0
