Time,State,Ticks,Speed,Target,SmartCruise,Volts,Amps,PowerInst,Throttle,Duty,RPM
1.01,COMP,3,0.00,16.34,0,53.12,0.00,0.00,0,0,0
2.02,COMP,304,17.70,16.34,0,47.35,13.03,616.97,87,26,371
3.03,COMP,624,3.90,16.35,1,49.06,11.75,576.46,100,30,81
4.04,COMP,836,5.90,16.35,1,48.16,12.08,581.77,100,36,123
5.05,COMP,1121,7.50,16.36,1,49.32,11.97,590.36,100,40,157
6.06,COMP,1470,9.00,16.36,1,49.39,11.75,580.33,100,44,188
7.08,COMP,1875,10.20,16.37,1,49.13,11.95,587.10,100,48,213
8.10,COMP,2330,11.40,16.37,1,49.51,11.86,587.19,100,52,239
9.12,COMP,2829,12.30,16.37,1,49.27,11.99,590.75,100,54,258
10.14,COMP,3370,13.30,16.37,1,49.87,11.86,591.46,100,57,279
11.17,COMP,4097,14.40,16.37,1,49.55,11.62,575.77,100,61,302
12.17,COMP,4719,15.10,16.38,1,49.92,12.03,600.54,100,64,316
13.20,COMP,5373,16.00,16.38,1,49.88,11.80,588.58,100,66,335
14.23,COMP,6058,16.60,16.38,1,50.38,11.82,595.49,100,68,348
15.26,COMP,6770,17.30,16.38,1,50.25,11.75,590.44,100,70,362
16.28,COMP,7506,17.40,16.38,1,51.66,2.79,144.13,100,60,365
17.30,COMP,8245,17.60,16.38,1,51.33,5.22,267.94,100,64,369
18.33,COMP,8985,17.60,16.38,1,51.43,5.15,264.86,100,63,369
19.35,COMP,9725,17.60,16.38,1,51.57,4.85,250.11,100,63,369
20.37,COMP,10464,17.60,16.38,1,50.97,7.35,374.63,100,65,369
21.39,COMP,11204,17.60,16.38,1,50.97,7.52,383.29,100,66,369
22.42,COMP,11944,17.50,16.38,1,51.08,6.95,355.01,100,65,367
23.44,COMP,12685,17.60,16.38,1,51.57,5.39,277.96,100,62,369
24.46,COMP,13425,17.60,16.38,1,52.33,2.77,144.95,100,60,369
25.48,COMP,14165,17.60,16.38,1,52.35,2.89,151.29,100,59,369
26.50,COMP,15089,17.70,16.38,1,49.06,10.24,502.37,100,75,371
27.52,COMP,15830,17.60,16.38,1,51.15,6.72,343.73,100,65,369
28.55,COMP,16570,17.60,16.38,1,52.01,2.36,122.74,100,61,369
29.58,COMP,17310,17.60,16.38,1,51.66,4.22,218.01,100,62,369
30.60,COMP,18051,17.60,16.38,1,51.35,5.59,287.05,100,64,369
31.62,COMP,18791,17.50,16.38,1,51.45,5.49,282.46,100,63,367
32.65,COMP,19531,17.50,16.38,1,51.29,5.74,294.40,100,64,367
33.68,COMP,20271,17.60,16.38,1,50.97,4.93,251.28,100,63,369
34.70,COMP,21010,17.60,16.38,1,51.33,4.89,251.00,100,63,369
35.72,COMP,21750,17.60,16.39,1,52.26,1.64,85.71,100,57,369
36.74,COMP,22490,17.60,16.39,1,51.56,4.30,221.71,100,62,369
37.76,COMP,23230,17.50,16.39,1,51.19,6.28,321.47,100,65,367
38.78,COMP,23970,17.70,16.39,1,51.13,6.63,338.99,100,65,371
39.80,COMP,24710,17.60,16.39,1,50.92,6.90,351.35,100,66,369
40.82,COMP,25450,17.50,16.39,1,51.57,5.04,259.91,100,62,367
41.84,COMP,26190,17.60,16.39,1,51.84,5.26,272.68,100,62,369
42.84,COMP,26929,17.70,16.39,1,51.63,3.96,204.45,100,61,371
43.86,COMP,27669,17.60,16.39,1,51.66,3.49,180.29,100,61,369
44.88,COMP,28594,17.50,16.39,1,51.92,3.27,169.78,100,60,367
45.90,COMP,29334,17.60,16.39,1,51.19,5.86,299.97,100,64,369
46.93,COMP,30074,17.60,16.39,1,51.89,3.34,173.31,100,61,369
47.95,COMP,30814,17.60,16.39,1,51.45,5.10,262.39,100,63,369
48.97,COMP,31554,17.60,16.39,1,51.24,6.18,316.66,100,64,369
49.99,COMP,32293,17.50,16.39,1,51.40,5.05,259.57,100,62,367
51.01,COMP,33033,17.60,16.39,1,51.01,7.06,360.13,100,66,369
52.03,COMP,33773,17.50,16.39,1,51.84,3.40,176.26,100,61,367
53.04,COMP,34513,17.60,16.39,1,51.47,4.89,251.69,100,63,369
54.07,COMP,35253,17.60,16.39,1,51.01,6.86,349.93,100,66,369
55.09,COMP,35993,17.60,16.39,1,51.43,5.39,277.21,100,63,369
56.11,COMP,36733,17.50,16.39,1,51.80,4.16,215.49,100,61,367
57.13,COMP,37473,17.60,16.39,1,51.54,4.41,227.29,100,63,369
58.15,COMP,38212,17.60,16.39,1,51.29,4.99,255.94,100,63,369
59.17,COMP,38952,17.60,16.39,1,51.38,4.76,244.57,100,63,369
60.19,COMP,39692,17.50,16.39,1,51.36,5.57,286.08,100,63,367
61.22,COMP,40433,17.60,16.39,1,51.59,4.81,248.15,100,62,369
62.24,COMP,41358,17.60,16.39,1,51.56,6.16,317.61,100,65,369
63.25,COMP,42098,17.60,16.39,1,51.52,4.77,245.75,100,63,369
64.27,COMP,42837,17.50,16.39,1,50.87,6.23,316.92,100,65,367
65.29,COMP,43577,17.60,16.39,1,51.49,4.99,256.94,100,63,369
66.32,COMP,44317,17.70,16.39,1,51.43,5.26,270.52,100,63,371
67.34,COMP,45057,17.70,16.39,1,50.97,6.64,338.44,100,65,371
68.37,COMP,45797,17.60,16.39,1,51.31,6.09,312.48,100,64,369
69.39,COMP,46537,17.40,16.39,1,51.63,4.16,214.78,100,62,365
70.41,COMP,47277,17.60,16.39,1,51.40,5.43,279.10,100,62,369
71.43,COMP,48017,17.70,16.39,1,51.05,6.72,343.06,100,66,371
72.46,COMP,48757,17.60,16.39,1,51.27,5.86,300.44,100,64,369
73.48,COMP,49497,17.50,16.40,1,51.68,6.44,332.82,100,64,367
74.50,COMP,50236,17.50,16.40,1,51.68,4.47,231.01,100,61,367
75.52,COMP,50976,17.40,16.40,1,51.33,5.47,280.78,100,63,365
76.54,COMP,51716,17.70,16.40,1,51.45,5.25,270.11,100,63,371
77.57,COMP,52456,17.60,16.40,1,51.54,4.38,225.75,100,62,369
78.59,COMP,53195,17.60,16.40,1,51.03,5.95,303.63,100,64,369
79.61,COMP,53935,17.60,16.40,1,51.10,6.01,307.11,100,65,369
80.63,COMP,54860,17.60,16.40,1,51.27,5.30,271.73,100,63,369
81.65,COMP,55600,17.60,16.40,1,51.17,6.59,337.21,100,65,369
82.68,COMP,56340,17.70,16.40,1,50.94,6.50,331.11,100,66,371
83.71,COMP,57080,17.60,16.40,1,51.27,5.82,298.39,100,64,369
84.73,COMP,57820,17.60,16.40,1,51.35,5.74,294.75,100,63,369
85.75,COMP,58560,17.40,16.40,1,51.98,3.61,187.65,100,60,365
86.77,COMP,59300,17.60,16.40,1,51.68,3.99,206.20,100,61,369
87.80,COMP,60039,17.70,16.40,1,51.29,5.19,266.20,100,63,371
88.82,COMP,60779,17.50,16.40,1,51.36,6.29,323.05,100,64,367
89.84,COMP,61519,17.60,16.40,1,51.38,5.29,271.80,100,63,369
90.86,COMP,62260,17.50,16.40,1,51.33,5.35,274.62,100,63,367
91.88,COMP,63000,17.60,16.40,1,51.19,5.63,288.20,100,64,369
92.91,COMP,63740,17.70,16.40,1,51.91,3.16,164.04,100,60,371
93.91,COMP,64480,17.70,16.40,1,51.71,3.58,185.12,100,62,371
94.93,COMP,65219,17.60,16.40,1,51.15,5.71,292.07,100,64,369
95.95,COMP,65959,17.70,16.40,1,51.42,4.60,236.53,100,62,371
96.97,COMP,66699,17.70,16.40,1,51.06,6.55,334.44,100,66,371
97.99,COMP,67624,17.70,16.40,1,51.54,4.32,222.65,100,62,371
99.02,COMP,68364,17.50,16.40,1,51.49,4.88,251.27,100,63,367
100.04,COMP,69104,17.60,16.40,1,50.94,7.30,371.86,100,66,369
101.06,COMP,69844,17.70,16.40,1,51.13,6.19,316.49,100,64,371
102.09,COMP,70584,17.60,16.40,1,51.22,5.60,286.83,100,64,369
103.11,COMP,71324,17.50,16.40,1,51.80,2.88,149.18,100,60,367
104.11,COMP,72064,17.50,16.40,1,51.59,3.96,204.30,100,61,367
105.14,COMP,72804,17.60,16.40,1,51.31,4.84,248.34,100,62,369
106.16,COMP,73544,17.60,16.40,1,51.66,3.32,171.51,100,61,369
107.18,COMP,74285,17.60,16.40,1,51.38,3.76,193.19,100,62,369
108.20,COMP,75025,17.60,16.41,1,51.40,4.96,254.94,100,63,369
109.22,COMP,75765,17.60,16.41,1,51.82,3.55,183.96,100,60,369
110.24,COMP,76505,17.60,16.41,1,51.59,4.33,223.38,100,62,369
111.26,COMP,77245,17.60,16.41,1,51.40,5.15,264.71,100,63,369
112.29,COMP,77986,17.70,16.41,1,51.87,2.51,130.19,100,60,371
113.31,COMP,78726,17.70,16.41,1,51.66,4.00,206.64,100,61,371
114.31,COMP,79466,17.60,16.41,1,51.19,5.38,275.40,100,64,369
115.33,COMP,80207,17.60,16.41,1,50.94,5.57,283.74,100,63,369
116.36,COMP,80947,17.60,16.41,1,51.96,2.78,144.45,100,61,369
117.38,COMP,81872,17.70,16.41,1,51.87,2.96,153.54,100,61,371
118.40,COMP,82612,17.60,16.41,1,51.94,2.91,151.15,100,60,369
119.43,COMP,83352,17.60,16.41,1,52.14,2.05,106.89,100,58,369
120.46,COMP,84093,17.50,16.41,1,52.21,1.89,98.68,100,58,367
121.48,COMP,84833,17.60,16.41,1,52.59,0.87,45.75,100,56,369
122.51,COMP,85573,17.70,16.41,1,52.70,0.32,16.86,100,55,371
123.53,COMP,86314,17.60,16.41,1,51.66,6.04,312.03,100,64,369
124.54,COMP,87054,17.60,16.41,1,51.64,3.77,194.68,100,61,369
125.57,COMP,87794,17.50,16.41,1,52.01,2.74,142.51,100,59,367
126.59,COMP,88534,17.60,16.41,1,50.80,6.75,342.90,100,65,369
127.61,COMP,89274,17.70,16.41,1,51.66,3.80,196.31,100,61,371
128.63,COMP,90014,17.70,16.41,1,51.01,5.92,301.98,100,65,371
129.66,COMP,90755,17.60,16.41,1,50.83,8.38,425.96,100,67,369
130.68,COMP,91495,17.60,16.41,1,51.43,4.58,235.55,100,63,369
131.70,COMP,92235,17.50,16.41,1,50.83,7.39,375.63,100,66,367
132.73,COMP,92975,17.70,16.41,1,50.68,7.43,376.55,100,66,371
133.73,COMP,93716,17.70,16.41,1,51.26,5.85,299.87,100,64,371
134.73,COMP,94456,17.60,16.41,1,51.61,3.71,191.47,100,61,369
135.75,COMP,95196,17.60,16.41,1,51.10,5.75,293.82,100,64,369
136.77,COMP,96121,17.50,16.41,1,51.22,5.59,286.32,100,64,367
137.80,COMP,96861,17.60,16.41,1,51.87,3.40,176.36,100,60,369
138.82,COMP,97601,17.70,16.41,1,51.89,2.50,129.73,100,61,371
139.85,COMP,98342,17.60,16.41,1,51.80,3.34,173.01,100,61,369
140.87,COMP,99082,17.60,16.41,1,51.85,3.08,159.70,100,60,369
141.89,COMP,99822,17.50,16.41,1,51.77,3.41,176.54,100,60,367
142.91,COMP,100562,17.70,16.41,1,51.12,6.80,347.62,100,64,371
143.94,COMP,101302,17.60,16.42,1,51.71,4.05,209.43,100,61,369
144.97,COMP,102042,17.60,16.42,1,51.43,4.56,234.52,100,62,369
145.99,COMP,102783,17.50,16.42,1,52.15,1.78,92.83,100,58,367
147.01,COMP,103523,17.50,16.42,1,52.29,1.84,96.21,100,57,367
148.04,COMP,104263,17.60,16.42,1,52.08,2.15,111.97,100,59,369
149.06,COMP,105003,17.50,16.42,1,51.71,3.22,166.51,100,60,367
150.08,COMP,105744,17.60,16.42,1,52.12,2.47,128.74,100,60,369
151.11,COMP,106484,17.60,16.42,1,51.08,5.81,296.77,100,63,369
152.13,COMP,107410,17.50,16.42,1,51.47,4.36,224.41,100,63,367
153.16,COMP,108150,17.70,16.42,1,51.40,4.52,232.33,100,63,371
154.19,COMP,108891,17.70,16.42,1,51.26,4.49,230.16,100,61,371
155.19,COMP,109631,17.60,16.42,1,51.68,3.75,193.80,100,62,369
156.22,COMP,110371,17.70,16.42,1,51.47,5.09,261.98,100,63,371
157.25,COMP,111111,17.50,16.42,1,51.80,3.01,155.92,100,60,367
158.27,COMP,111852,17.70,16.42,1,51.70,5.19,268.32,100,63,371
159.30,COMP,112592,17.70,16.42,1,51.29,5.68,291.33,100,64,371
160.32,COMP,113332,17.60,16.42,1,51.36,4.96,254.75,100,63,369
161.34,COMP,114072,17.50,16.42,1,51.89,2.95,153.08,100,59,367
162.37,COMP,114812,17.60,16.42,1,51.66,4.55,235.05,100,61,369
163.39,COMP,115552,17.60,16.42,1,51.75,3.26,168.70,100,61,369
164.41,COMP,116293,17.70,16.42,1,51.71,3.88,200.63,100,61,371
165.42,COMP,117033,17.60,16.42,1,52.37,1.37,71.75,100,57,369
166.44,COMP,117773,17.60,16.42,1,51.40,4.47,229.76,100,63,369
167.46,COMP,118514,17.60,16.42,1,51.66,3.97,205.09,100,62,369
168.48,COMP,119254,17.50,16.42,1,52.03,2.00,104.06,100,58,367
169.50,COMP,120180,17.60,16.42,1,51.64,4.11,212.24,100,62,369
170.53,COMP,120920,17.60,16.42,1,51.85,3.57,185.10,100,60,369
171.55,COMP,121660,17.50,16.42,1,51.45,4.75,244.39,100,62,367
172.57,COMP,122401,17.60,16.42,1,51.92,4.61,239.35,100,62,369
173.60,COMP,123141,17.50,16.42,1,52.15,1.69,88.13,100,58,367
174.62,COMP,123881,17.60,16.42,1,51.70,3.38,174.75,100,60,369
175.63,COMP,124622,17.60,16.42,1,52.44,0.87,45.62,100,56,369
176.65,COMP,125362,17.60,16.42,1,52.28,1.52,79.47,100,58,369
177.67,COMP,126102,17.60,16.43,1,51.36,4.32,221.88,100,62,369
178.69,COMP,126843,17.60,16.43,1,52.08,2.62,136.45,100,58,369
179.71,COMP,127583,17.60,16.43,1,52.01,2.29,119.10,100,60,369
180.74,COMP,128323,17.60,16.43,1,51.99,2.98,154.93,100,60,369
181.76,COMP,129064,17.60,16.43,1,51.31,5.53,283.74,100,64,369
182.78,COMP,129805,17.60,16.43,1,51.68,4.08,210.85,100,61,369
183.80,COMP,130545,17.60,16.43,1,51.54,4.43,228.32,100,62,369
184.83,COMP,131285,17.60,16.43,1,51.71,3.48,179.95,100,62,369
185.83,COMP,132025,17.60,16.43,1,51.64,3.64,187.97,100,61,369
186.85,COMP,132766,17.50,16.43,1,52.03,2.35,122.27,100,59,367
187.87,COMP,133506,17.60,16.43,1,51.13,6.39,326.72,100,65,369
188.90,COMP,134431,17.70,16.43,1,51.80,3.09,160.06,100,60,371
189.92,COMP,135172,17.60,16.43,1,51.64,4.40,227.22,100,62,369
190.95,COMP,135912,17.60,16.43,1,51.82,3.55,183.96,100,60,369
191.97,COMP,136652,17.50,16.43,1,51.54,3.66,188.64,100,62,367
192.99,COMP,137393,17.60,16.43,1,51.87,3.38,175.32,100,60,369
194.02,COMP,138133,17.50,16.43,1,51.87,2.63,136.42,100,59,367
195.04,COMP,138874,17.50,16.43,1,51.61,3.53,182.18,100,61,367
196.05,COMP,139614,17.70,16.43,1,50.52,8.23,415.78,100,67,371
197.07,COMP,140354,17.60,16.43,1,51.52,3.81,196.29,100,61,369
198.09,COMP,141094,17.60,16.43,1,50.32,8.16,410.61,100,68,369
199.12,COMP,141835,17.60,16.43,1,51.43,5.11,262.81,100,62,369
200.14,COMP,142576,17.50,16.43,1,52.05,2.13,110.87,100,58,367
201.16,COMP,143316,17.70,16.43,1,51.47,4.32,222.35,100,61,371
202.18,COMP,144056,17.50,16.43,1,50.94,5.82,296.47,100,64,367
203.20,COMP,144797,17.60,16.43,1,51.80,3.45,178.71,100,60,369
204.22,COMP,145537,17.60,16.43,1,52.42,0.99,51.90,100,55,369
205.25,COMP,146278,17.70,16.43,1,52.35,1.17,61.25,100,57,371
206.26,COMP,147018,17.60,16.44,1,52.31,1.17,61.20,100,57,369
207.27,COMP,147758,17.60,16.44,1,51.89,3.05,158.26,100,60,369
208.30,COMP,148683,17.60,16.43,1,52.08,2.15,111.97,100,59,369
209.32,COMP,149424,17.60,16.43,1,52.28,1.27,66.40,100,57,369
210.35,COMP,150164,17.60,16.43,1,52.40,1.33,69.69,100,57,369
211.37,COMP,150906,17.60,16.44,1,51.84,3.19,165.37,100,60,369
212.39,COMP,151646,17.60,16.44,1,51.73,4.22,218.30,100,61,369
213.41,COMP,152386,17.60,16.44,1,52.15,2.33,121.51,100,59,369
214.43,COMP,153127,17.70,16.44,1,51.57,3.48,179.46,100,61,371
215.46,COMP,153867,17.80,16.44,1,52.07,2.28,118.72,100,59,373
216.48,COMP,154607,17.60,16.44,1,51.84,3.75,194.40,100,61,369
217.50,COMP,155348,17.60,16.44,1,51.73,3.58,185.19,100,61,369
218.52,COMP,156088,17.60,16.44,1,52.14,2.18,113.67,100,59,369
219.54,COMP,156828,17.60,16.44,1,51.85,2.34,121.33,100,60,369
220.56,COMP,157569,17.60,16.44,1,51.70,3.86,199.56,100,61,369
221.58,COMP,158309,17.60,16.44,1,51.96,2.75,142.89,100,61,369
222.60,COMP,159050,17.60,16.44,1,51.89,3.43,177.98,100,60,369
223.63,COMP,159790,17.60,16.44,1,52.44,0.94,49.29,100,57,369
224.65,COMP,160531,17.60,16.44,1,52.56,0.23,12.09,100,56,369
225.68,COMP,161456,17.70,16.44,1,52.19,2.16,112.73,100,59,371
226.68,COMP,162196,17.60,16.44,1,52.14,1.31,68.30,100,59,369
227.70,COMP,162937,17.50,16.44,1,52.58,0.17,8.94,100,55,367
228.72,COMP,163677,17.50,16.44,1,52.52,1.02,53.57,100,56,367
229.75,COMP,164417,17.60,16.44,1,51.52,3.39,174.65,100,61,369
230.77,COMP,165158,17.60,16.44,1,52.12,2.73,142.29,100,58,369
231.79,COMP,165898,17.70,16.44,1,52.29,1.66,86.80,100,58,371
232.81,COMP,166638,17.70,16.44,1,51.68,3.25,167.96,100,61,371
233.84,COMP,167379,17.50,16.44,1,52.45,1.09,57.17,100,57,367
234.87,COMP,168119,17.40,16.44,1,52.35,0.92,48.16,100,57,365
235.90,COMP,168860,17.60,16.44,1,51.64,4.54,234.45,100,62,369
236.90,COMP,169600,17.70,16.44,1,51.45,4.71,242.33,100,63,371
237.93,COMP,170341,17.60,16.44,1,52.08,1.85,96.35,100,59,369
238.96,COMP,171081,17.60,16.45,1,51.84,3.51,181.96,100,61,369
239.98,COMP,171821,17.60,16.45,1,52.28,1.77,92.54,100,58,369
240.98,COMP,172562,17.60,16.45,1,51.66,4.01,207.16,100,62,369
242.00,COMP,173303,17.60,16.45,1,51.94,3.09,160.49,100,60,369
243.03,COMP,174043,17.50,16.45,1,51.71,3.30,170.64,100,60,367
244.05,COMP,174784,17.50,16.45,1,51.68,3.98,205.69,100,61,367
245.07,COMP,175709,17.50,16.45,1,52.01,2.75,143.03,100,60,367
246.10,COMP,176449,17.50,16.45,1,51.73,4.05,209.51,100,62,367
247.10,COMP,177189,17.70,16.45,1,51.82,3.43,177.74,100,61,371
248.13,COMP,177930,17.60,16.45,1,51.38,3.80,195.24,100,61,369
249.16,COMP,178670,17.60,16.45,1,51.73,3.92,202.78,100,61,369
250.18,COMP,179410,17.60,16.45,1,52.10,2.73,142.23,100,59,369
251.20,COMP,180151,17.70,16.45,1,51.47,4.89,251.69,100,63,371
252.23,COMP,180891,17.60,16.45,1,51.98,2.71,140.87,100,60,369
253.25,COMP,181631,17.60,16.45,1,51.68,3.40,175.71,100,61,369
254.27,COMP,182374,17.70,16.45,1,51.84,3.31,171.59,100,61,371
255.30,COMP,183118,17.80,16.45,1,51.91,2.70,140.16,100,60,373
256.32,COMP,183862,17.70,16.45,1,51.57,3.79,195.45,100,62,371
257.33,COMP,184607,17.70,16.45,1,52.15,2.38,124.12,100,59,371
258.35,COMP,185350,17.60,16.45,1,52.68,0.03,1.58,100,55,369
259.38,COMP,186091,17.70,16.45,1,50.76,7.93,402.53,100,66,371
260.40,COMP,186836,17.70,16.45,1,52.08,2.24,116.66,100,59,371
261.42,COMP,187580,17.80,16.45,1,51.64,3.60,185.90,100,63,373
262.45,COMP,188510,17.70,16.45,1,51.40,5.12,263.17,100,63,371
263.47,COMP,189255,17.70,16.45,1,51.73,6.03,311.93,100,64,371
264.50,COMP,189999,17.70,16.45,1,51.52,4.47,230.29,100,62,371
265.52,COMP,190744,17.50,16.45,1,52.03,2.46,127.99,100,60,367
266.55,COMP,191488,17.70,16.45,1,51.87,2.94,152.50,100,60,371
267.56,COMP,192233,17.70,16.45,1,51.59,4.88,251.76,100,63,371
268.59,COMP,192977,17.70,16.45,1,51.63,4.03,208.07,100,62,371
269.62,COMP,193722,17.80,16.45,1,51.75,3.00,155.25,100,61,373
270.65,COMP,194467,17.70,16.45,1,52.26,1.78,93.02,100,58,371
271.67,COMP,195212,17.70,16.46,1,51.71,3.10,160.30,100,60,371
272.69,COMP,195956,17.80,16.46,1,52.03,2.46,127.99,100,60,373
273.72,COMP,196700,17.70,16.46,1,51.43,4.86,249.95,100,63,371
274.75,COMP,197445,17.60,16.46,1,52.08,2.07,107.81,100,59,369
275.77,COMP,198189,17.80,16.46,1,52.19,1.82,94.99,100,58,373
276.80,COMP,199120,17.70,16.46,1,52.03,2.23,116.03,100,58,371
277.83,COMP,199864,17.70,16.46,1,52.17,1.52,79.30,100,59,371
278.86,COMP,200608,17.60,16.46,1,51.73,3.75,193.99,100,62,369
279.88,COMP,201353,17.70,16.46,1,51.89,3.48,180.58,100,61,371
280.90,COMP,202097,17.70,16.46,1,51.57,4.54,234.13,100,63,371
281.93,COMP,202841,17.50,16.46,1,51.12,5.14,262.76,100,61,367
282.95,COMP,203586,17.70,16.46,1,51.17,6.00,307.02,100,65,371
283.97,COMP,204330,17.70,16.46,1,52.26,1.44,75.25,100,58,371
285.00,COMP,205074,17.70,16.46,1,51.99,2.85,148.17,100,59,371
286.02,COMP,205819,17.60,16.46,1,51.43,5.35,275.15,100,64,369
287.05,COMP,206563,17.70,16.46,1,51.99,2.92,151.81,100,60,371
288.08,COMP,207308,17.60,16.46,1,52.21,1.78,92.93,100,59,369
289.10,COMP,208052,17.70,16.46,1,51.78,3.55,183.82,100,62,371
290.13,COMP,208796,17.80,16.46,1,52.03,1.94,100.94,100,58,373
291.15,COMP,209727,17.70,16.46,1,52.15,1.60,83.44,100,58,371
292.18,COMP,210471,17.60,16.46,1,52.52,0.59,30.99,100,56,369
293.21,COMP,211216,17.80,16.46,1,51.78,3.35,173.46,100,61,373
294.23,COMP,211960,17.80,16.46,1,51.82,3.60,186.55,100,61,373
295.26,COMP,212704,17.70,16.46,1,52.03,1.85,96.26,100,60,371
296.28,COMP,213449,17.80,16.46,1,51.57,4.98,256.82,100,63,373
297.28,COMP,214194,17.70,16.46,1,52.31,1.59,83.17,100,58,371
298.29,COMP,214938,17.70,16.46,1,51.73,3.47,179.50,100,61,371
299.31,COMP,215682,17.70,16.46,1,51.80,3.45,178.71,100,61,371
300.34,COMP,216426,17.80,16.46,1,51.85,2.56,132.74,100,60,373
301.36,COMP,217171,17.90,16.46,1,51.15,5.38,275.19,100,64,375
302.39,COMP,217916,17.80,16.46,1,52.08,2.66,138.53,100,59,373
303.41,COMP,218660,17.70,16.46,1,52.15,1.44,75.10,100,59,371
304.44,COMP,219404,17.70,16.47,1,51.57,4.35,224.33,100,62,371
305.47,COMP,220149,17.70,16.47,1,51.70,3.47,179.40,100,61,371
306.50,COMP,220893,17.60,16.47,1,52.07,2.24,116.64,100,59,369
307.53,COMP,221824,17.70,16.46,1,51.99,2.01,104.50,100,59,371
308.53,COMP,222568,17.70,16.46,1,51.82,2.96,153.39,100,60,371
309.56,COMP,223312,17.60,16.47,1,52.12,2.10,109.45,100,58,369
310.59,COMP,224056,17.60,16.47,1,51.71,4.15,214.60,100,62,369
311.61,COMP,224801,17.80,16.47,1,51.96,2.95,153.28,100,60,373
312.64,COMP,225545,17.60,16.47,1,52.15,2.28,118.90,100,59,369
313.66,COMP,226289,17.80,16.47,1,52.05,3.32,172.81,100,60,373
314.68,COMP,227033,17.70,16.47,1,51.87,2.70,140.05,100,60,371
315.71,COMP,227778,17.70,16.47,1,51.85,2.88,149.33,100,61,371
316.73,COMP,228522,17.80,16.47,1,51.78,2.89,149.64,100,61,373
317.76,COMP,229267,17.70,16.47,1,52.28,1.32,69.01,100,58,371
318.76,COMP,230011,17.70,16.47,1,51.73,4.20,217.27,100,62,371
319.79,COMP,230755,17.70,16.47,1,52.28,1.70,88.88,100,58,371
320.81,COMP,231499,17.70,16.47,1,52.15,1.87,97.52,100,59,371
321.83,COMP,232244,17.80,16.47,1,51.80,3.62,187.52,100,62,373
322.85,COMP,232988,17.80,16.47,1,52.07,2.09,108.83,100,60,373
323.88,COMP,233732,17.80,16.47,1,51.66,3.77,194.76,100,61,373
324.90,COMP,234663,17.80,16.47,1,51.80,3.58,185.44,100,61,373
325.93,COMP,235407,17.70,16.47,1,51.68,4.01,207.24,100,62,371
326.96,COMP,236152,17.70,16.47,1,52.10,2.45,127.64,100,59,371
327.98,COMP,236897,17.70,16.47,1,51.63,4.32,223.04,100,62,371
328.99,COMP,237641,17.60,16.47,1,51.82,3.60,186.55,100,61,369
330.01,COMP,238385,17.80,16.47,1,51.45,5.61,288.63,100,64,373
331.04,COMP,239130,17.70,16.47,1,51.49,4.20,216.26,100,61,371
332.06,COMP,239875,17.60,16.47,1,52.14,2.12,110.54,100,59,369
333.09,COMP,240619,17.60,16.47,1,51.99,2.83,147.13,100,61,369
334.11,COMP,241364,17.70,16.47,1,52.12,2.51,130.82,100,59,371
335.11,COMP,242108,17.70,16.47,1,51.78,3.71,192.10,100,62,371
336.13,COMP,242853,17.60,16.47,1,51.82,2.86,148.21,100,61,369
337.15,COMP,243597,17.70,16.48,1,51.80,2.83,146.59,100,61,371
338.18,COMP,244342,17.70,16.48,1,51.75,3.52,182.16,100,61,371
339.19,COMP,245086,17.80,16.48,1,52.15,1.87,97.52,100,59,373
340.21,COMP,245831,17.70,16.48,1,52.33,1.87,97.86,100,59,371
341.23,COMP,246575,17.70,16.48,1,52.08,2.96,154.16,100,60,371
342.25,COMP,247320,17.60,16.48,1,52.37,0.29,15.19,100,56,369
343.26,COMP,248064,17.70,16.48,1,52.08,2.21,115.10,100,59,371
344.28,COMP,248809,17.70,16.48,1,52.59,-0.02,-1.05,100,55,371
345.30,COMP,249553,17.70,16.48,1,51.43,5.54,284.92,100,64,371
346.32,COMP,250484,17.70,16.48,1,52.15,1.67,87.09,100,58,371
347.34,COMP,251228,17.80,16.48,1,51.78,3.25,168.29,100,61,373
348.37,COMP,251972,17.60,16.48,1,52.40,1.18,61.83,100,57,369
349.40,COMP,252716,17.70,16.48,1,51.43,4.49,230.92,100,63,371
350.42,COMP,253461,17.80,16.48,1,52.01,2.58,134.19,100,60,373
351.44,COMP,254205,17.70,16.48,1,52.29,1.63,85.23,100,58,371
352.46,COMP,254950,17.70,16.48,1,52.12,2.98,155.32,100,60,371
353.49,COMP,255694,17.70,16.48,1,52.01,3.09,160.71,100,60,371
354.51,COMP,256438,17.50,16.48,1,51.94,2.54,131.93,100,61,367
355.53,COMP,257183,17.70,16.48,1,51.66,4.34,224.20,100,62,371
356.55,COMP,257927,17.80,16.48,1,52.05,3.24,168.64,100,60,373
357.58,COMP,258671,17.70,16.48,1,51.91,3.59,186.36,100,62,371
358.61,COMP,259416,17.60,16.48,1,51.64,3.71,191.58,100,62,369
359.64,COMP,260160,17.60,16.48,1,51.49,4.64,238.91,100,63,369
360.66,COMP,261092,17.70,16.48,1,52.03,2.82,146.72,100,60,371
361.69,COMP,261836,17.60,16.48,1,52.14,2.38,124.09,100,59,369
362.72,COMP,262580,17.70,16.48,1,52.10,2.53,131.81,100,59,371
363.74,COMP,263325,17.70,16.48,1,52.03,2.38,123.83,100,59,371
364.77,COMP,264069,17.70,16.48,1,51.84,3.53,183.00,100,61,371
365.79,COMP,264813,17.70,16.48,1,52.10,2.02,105.24,100,59,371
366.82,COMP,265558,17.70,16.48,1,51.91,2.58,133.93,100,61,371
367.84,COMP,266302,17.80,16.48,1,52.07,2.94,153.09,100,60,373
368.86,COMP,267046,17.70,16.48,1,51.59,3.85,198.62,100,62,371
369.87,COMP,267791,17.70,16.49,1,51.82,3.55,183.96,100,61,371
370.89,COMP,268535,17.70,16.49,1,51.31,6.33,324.79,100,65,371
371.92,COMP,269279,17.70,16.49,1,51.96,1.89,98.20,100,59,371
372.94,COMP,270024,17.80,16.49,1,51.85,2.91,150.88,100,61,373
373.96,COMP,270768,17.70,16.49,1,51.89,2.67,138.55,100,60,371
374.99,COMP,271512,17.80,16.49,1,51.78,3.35,173.46,100,61,373
376.02,COMP,272257,17.70,16.49,1,51.92,2.92,151.61,100,60,371
377.04,COMP,273187,17.60,16.49,1,51.82,3.75,194.32,100,61,369
378.07,COMP,273931,17.70,16.49,1,52.59,0.51,26.82,100,56,371
379.10,COMP,274676,17.70,16.49,1,51.87,4.99,258.83,100,64,371
380.11,COMP,275420,17.70,16.49,1,51.96,2.84,147.57,100,60,371
381.13,COMP,276164,17.70,16.49,1,51.96,3.21,166.79,100,60,371
382.16,COMP,276909,17.60,16.49,1,52.24,2.92,152.54,100,61,369
383.18,COMP,277653,17.80,16.49,1,52.24,2.21,115.45,100,58,373
384.20,COMP,278398,17.70,16.49,1,52.24,1.65,86.20,100,58,371
385.22,COMP,279142,17.70,16.49,1,51.91,3.02,156.77,100,61,371
386.25,COMP,279887,17.70,16.49,1,52.31,1.51,78.99,100,58,371
387.28,COMP,280631,17.70,16.49,1,52.15,2.04,106.39,100,60,371
388.30,COMP,281376,17.80,16.49,1,51.66,2.70,139.48,100,60,373
389.33,COMP,282120,17.70,16.49,1,51.80,3.23,167.31,100,61,371
390.34,COMP,282865,17.70,16.49,1,52.07,2.76,143.71,100,60,371
391.36,COMP,283610,17.60,16.49,1,52.26,1.47,76.82,100,59,369
392.38,COMP,284354,17.70,16.49,1,51.80,3.72,192.70,100,61,371
393.41,COMP,285285,17.80,16.49,1,51.89,2.51,130.24,100,61,373
394.43,COMP,286029,17.70,16.49,1,52.08,2.28,118.74,100,60,371
395.46,COMP,286773,17.80,16.49,1,52.21,1.77,92.41,100,58,373
396.48,COMP,287518,17.70,16.49,1,51.57,4.70,242.38,100,63,371
397.51,COMP,288262,17.70,16.49,1,51.84,3.33,172.63,100,61,371
398.53,COMP,289007,17.70,16.49,1,51.82,3.61,187.07,100,61,371
399.56,COMP,289751,17.70,16.49,1,51.40,5.22,268.31,100,64,371
400.57,COMP,290496,17.80,16.50,1,51.59,4.44,229.06,100,62,373
401.60,COMP,291240,17.80,16.50,1,51.08,6.26,319.76,100,65,373
402.62,COMP,291984,17.70,16.50,1,51.12,5.85,299.05,100,64,371
403.64,COMP,292729,17.50,16.50,1,51.57,4.43,228.46,100,62,367
404.67,COMP,293473,17.60,16.50,1,51.78,3.57,184.85,100,61,369
405.69,COMP,294217,17.70,16.50,1,51.45,4.77,245.42,100,63,371
406.71,COMP,294962,17.60,16.50,1,51.85,2.86,148.29,100,60,369
407.74,COMP,295706,17.60,16.50,1,51.36,5.21,267.59,100,64,369
408.76,COMP,296450,17.60,16.50,1,50.96,5.41,275.69,100,63,369
409.79,COMP,297381,17.80,16.50,1,51.40,4.43,227.70,100,63,373
410.83,COMP,298126,17.70,16.50,1,51.68,4.94,255.30,100,63,371
411.86,COMP,298870,17.70,16.50,1,51.24,5.53,283.36,100,64,371
412.88,COMP,299614,17.80,16.50,1,50.94,6.87,349.96,100,65,373
413.91,COMP,300359,17.70,16.50,1,51.49,4.39,226.04,100,62,371
414.93,COMP,301103,17.80,16.50,1,51.40,5.17,265.74,100,64,373
415.95,COMP,301847,17.70,16.50,1,51.57,2.70,139.24,100,62,371
416.97,COMP,302592,17.70,16.50,1,51.70,2.35,121.49,100,59,371
417.99,COMP,303336,17.80,16.50,1,52.12,1.84,95.90,100,58,373
419.01,COMP,304081,17.80,16.50,1,51.43,4.45,228.86,100,62,373
420.04,COMP,304825,17.70,16.50,1,51.87,3.00,155.61,100,60,371
421.07,COMP,305570,17.70,16.50,1,51.71,3.39,175.30,100,61,371
422.09,COMP,306314,17.80,16.50,1,50.89,5.44,276.84,100,64,373
423.11,COMP,307059,17.70,16.50,1,51.96,2.46,127.82,100,60,371
424.14,COMP,307989,17.70,16.50,1,51.31,4.73,242.70,100,63,371
425.16,COMP,308734,17.60,16.50,1,51.96,2.04,106.00,100,59,369
426.18,COMP,309478,17.60,16.50,1,51.45,4.76,244.90,100,62,369
427.21,COMP,310222,17.70,16.50,1,50.83,6.53,331.92,100,65,371
428.24,COMP,310967,17.60,16.50,1,51.19,6.00,307.14,100,65,369
429.26,COMP,311711,17.60,16.50,1,50.87,7.35,373.89,100,66,369
430.28,COMP,312456,17.70,16.51,1,50.61,6.04,305.68,100,64,371
431.31,COMP,313200,17.70,16.51,1,51.03,5.99,305.67,100,65,371
432.33,COMP,313945,17.70,16.51,1,51.84,2.45,127.01,100,60,371
433.36,COMP,314690,17.70,16.51,1,50.52,6.51,328.89,100,66,371
434.38,COMP,315434,17.70,16.51,1,51.26,5.17,265.01,100,64,371
435.40,COMP,316178,17.80,16.51,1,51.47,4.34,223.38,100,62,373
436.42,COMP,316922,17.70,16.51,1,50.99,5.08,259.03,100,64,371
437.45,COMP,317667,17.70,16.51,1,51.05,6.28,320.59,100,65,371
438.47,COMP,318412,17.70,16.51,1,51.66,4.96,256.23,100,63,371
439.49,COMP,319156,17.80,16.51,1,50.94,5.48,279.15,100,64,373
440.52,COMP,320086,17.70,16.51,1,51.31,4.56,233.97,100,64,371
441.52,COMP,320831,17.60,16.51,1,51.54,4.26,219.56,100,62,369
442.54,COMP,321575,17.70,16.51,1,51.12,6.00,306.72,100,64,371
443.57,COMP,322319,17.70,16.51,1,51.01,5.87,299.43,100,65,371
444.60,COMP,323064,17.70,16.51,1,51.01,6.71,342.28,100,65,371
445.62,COMP,323808,17.60,16.51,1,51.15,4.66,238.36,100,63,369
446.64,COMP,324563,18.20,16.51,0,49.44,12.01,593.77,68,74,381
447.64,COMP,325337,18.30,16.51,1,52.24,0.16,8.36,100,58,383
448.66,COMP,326104,18.20,16.51,1,52.52,0.00,0.00,100,57,381
449.69,COMP,326869,18.10,16.51,1,52.38,0.18,9.43,100,57,379
450.72,COMP,327632,18.10,16.51,1,52.37,0.13,6.81,100,57,379
451.72,COMP,328394,18.00,16.51,1,52.51,0.12,6.30,100,57,377
452.75,COMP,329151,17.80,16.51,1,52.56,0.13,6.83,100,56,373
453.77,COMP,329896,17.70,16.51,1,50.52,8.02,405.17,100,67,371
454.79,COMP,330641,17.70,16.51,1,51.13,6.30,322.12,100,64,371
455.81,COMP,331385,17.70,16.51,1,50.90,6.47,329.32,100,65,371
456.83,COMP,332130,17.70,16.51,1,50.82,8.10,411.64,100,67,371
457.85,COMP,332874,17.70,16.51,1,51.08,5.07,258.98,100,63,371
458.88,COMP,333619,17.80,16.51,1,51.15,5.71,292.07,100,64,373
459.91,COMP,334549,17.60,16.51,1,51.59,3.60,185.72,100,62,369
460.92,COMP,335294,17.80,16.51,1,51.52,4.13,212.78,100,62,373
461.93,COMP,336038,17.70,16.51,1,51.56,3.98,205.21,100,62,371
462.96,COMP,336782,17.70,16.51,1,51.20,3.98,203.78,100,62,371
463.99,COMP,337527,17.80,16.52,1,51.78,3.04,157.41,100,60,373
465.01,COMP,338271,17.70,16.52,1,51.68,3.48,179.85,100,61,371
466.03,COMP,339016,17.80,16.52,1,51.33,4.94,253.57,100,63,373
467.05,COMP,339760,17.70,16.52,1,51.45,4.78,245.93,100,62,371
468.08,COMP,340505,17.70,16.52,1,51.27,5.43,278.40,100,64,371
469.10,COMP,341249,17.70,16.52,1,50.76,7.56,383.75,100,67,371
470.12,COMP,341993,17.60,16.52,1,51.15,5.48,280.30,100,64,369
471.15,COMP,342738,17.70,16.52,1,50.53,8.46,427.48,100,67,371
472.16,COMP,343483,17.70,16.52,1,51.15,5.84,298.72,100,64,371
473.18,COMP,344227,17.70,16.52,1,50.38,9.67,487.17,100,69,371
474.20,COMP,344971,17.70,16.52,1,50.80,6.86,348.49,100,65,371
475.22,COMP,345716,17.70,16.52,1,50.85,7.24,368.15,100,65,371
476.24,COMP,346460,17.70,16.52,1,51.22,4.41,225.88,100,62,371
477.26,COMP,347205,17.90,16.52,1,51.12,5.36,274.00,100,63,375
478.28,COMP,347950,17.70,16.52,1,51.38,4.75,244.06,100,63,371
479.30,COMP,348880,17.80,16.52,1,51.98,1.56,81.09,100,60,373
480.33,COMP,349625,17.80,16.52,1,50.99,5.13,261.58,100,63,373
481.36,COMP,350370,17.80,16.52,1,51.49,4.16,214.20,100,62,373
482.38,COMP,351115,17.80,16.52,1,51.26,4.91,251.69,100,64,373
483.41,COMP,351860,17.70,16.52,1,51.43,3.15,162.00,100,61,371
484.43,COMP,352604,17.70,16.52,1,51.73,3.01,155.71,100,60,371
485.45,COMP,353348,17.70,16.52,1,52.10,1.59,82.84,100,58,371
486.48,COMP,354092,17.60,16.52,1,51.06,6.16,314.53,100,65,369
487.50,COMP,354837,17.70,16.52,1,51.68,3.30,170.54,100,61,371
488.52,COMP,355581,17.80,16.53,1,51.66,3.43,177.19,100,61,373
489.55,COMP,356326,17.60,16.53,1,51.56,3.66,188.71,100,62,369
490.57,COMP,357070,17.80,16.53,1,50.94,6.82,347.41,100,66,373
491.60,COMP,357815,17.60,16.53,1,51.68,3.20,165.38,100,61,369
492.62,COMP,358559,17.60,16.53,1,51.61,3.81,196.63,100,62,369
493.64,COMP,359303,17.70,16.53,1,50.94,5.32,271.00,100,64,371
494.67,COMP,360234,17.70,16.53,1,51.43,4.76,244.81,100,63,371
495.71,COMP,360978,17.70,16.53,1,51.85,2.39,123.92,100,59,371
496.73,COMP,361723,17.60,16.53,1,51.82,4.19,217.13,100,61,369
497.75,COMP,362467,17.70,16.53,1,51.19,5.33,272.84,100,65,371
498.78,COMP,363211,17.80,16.53,1,51.06,6.31,322.19,100,65,373
499.80,COMP,363956,17.70,16.53,1,52.03,1.29,67.12,100,59,371
500.83,COMP,364700,17.70,16.53,1,51.85,2.43,126.00,100,60,371
501.86,COMP,365445,17.60,16.53,1,51.50,2.47,127.21,100,60,369
502.86,COMP,366189,17.70,16.53,1,51.59,4.06,209.46,100,61,371
503.88,COMP,366933,17.70,16.53,1,51.94,1.79,92.97,100,59,371
504.90,COMP,367678,17.70,16.53,1,51.43,4.16,213.95,100,63,371
505.93,COMP,368422,17.70,16.53,1,51.57,3.88,200.09,100,62,371
506.95,COMP,369167,17.70,16.53,1,51.19,3.93,201.18,100,62,371
507.98,COMP,369911,17.70,16.53,1,51.36,5.11,262.45,100,63,371
509.00,COMP,370655,17.70,16.53,1,51.64,3.96,204.49,100,62,371
510.02,COMP,371585,17.60,16.53,1,51.71,2.32,119.97,100,61,369
511.05,COMP,372331,17.70,16.53,1,51.13,6.17,315.47,100,65,371
512.08,COMP,373075,17.70,16.53,1,50.80,6.87,349.00,100,66,371
513.09,COMP,373820,17.70,16.53,1,51.47,4.40,226.47,100,62,371
514.11,COMP,374564,17.50,16.53,1,51.05,5.76,294.05,100,65,367
515.13,COMP,375309,17.70,16.53,1,51.49,6.18,318.21,100,65,371
516.13,COMP,376053,17.70,16.53,1,51.75,3.17,164.05,100,59,371
517.16,COMP,376798,17.70,16.54,1,50.27,7.53,378.53,100,67,371
518.18,COMP,377542,17.70,16.54,1,50.66,6.72,340.44,100,65,371
519.20,COMP,378287,17.70,16.54,1,50.89,7.31,372.01,100,66,371
520.23,COMP,379031,17.70,16.54,1,50.47,8.69,438.58,100,68,371
521.25,COMP,379776,17.80,16.54,1,51.05,3.95,201.65,100,62,373
522.28,COMP,380520,17.80,16.54,1,50.94,5.65,287.81,100,65,373
523.28,COMP,381265,17.70,16.54,1,51.08,6.00,306.48,100,64,371
524.31,COMP,382010,17.60,16.54,1,51.57,2.89,149.04,100,61,369
525.34,COMP,382754,17.60,16.54,1,51.13,6.40,327.23,100,65,369
526.36,COMP,383498,17.80,16.54,1,50.69,7.47,378.65,100,67,373
527.38,COMP,384243,17.70,16.54,1,51.29,4.68,240.04,100,63,371
528.41,COMP,385173,17.80,16.54,1,51.19,4.68,239.57,100,63,373
529.43,COMP,385918,17.90,16.54,1,50.94,6.05,308.19,100,65,375
530.47,COMP,386662,17.80,16.54,1,51.33,4.66,239.20,100,62,373
531.49,COMP,387407,17.80,16.54,1,51.12,3.98,203.46,100,62,373
532.52,COMP,388151,17.70,16.54,1,50.90,6.70,341.03,100,66,371
533.54,COMP,388896,17.70,16.54,1,51.85,2.81,145.70,100,59,371
534.56,COMP,389640,17.70,16.54,1,51.13,5.23,267.41,100,64,371
535.59,COMP,390385,17.80,16.54,1,51.22,5.16,264.30,100,63,373
536.61,COMP,391129,17.60,16.54,1,50.66,8.17,413.89,100,67,369
537.63,COMP,391874,17.70,16.54,1,51.29,4.76,244.14,100,63,371
538.65,COMP,392619,17.70,16.54,1,51.85,3.27,169.55,100,60,371
539.67,COMP,393363,17.70,16.55,1,51.68,4.45,229.98,100,63,371
540.70,COMP,394107,17.80,16.55,1,51.43,4.25,218.58,100,61,373
541.72,COMP,394853,17.80,16.55,1,51.26,4.40,225.54,100,64,373
542.75,COMP,395597,17.70,16.55,1,51.01,6.26,319.32,100,65,371
543.75,COMP,396342,17.70,16.55,1,51.05,4.81,245.55,100,63,371
544.78,COMP,397086,17.70,16.55,1,51.40,3.75,192.75,100,62,371
545.80,COMP,398016,17.70,16.55,1,50.96,5.22,266.01,100,63,371
546.82,COMP,398761,17.80,16.55,1,50.92,6.50,330.98,100,65,373
547.85,COMP,399506,17.80,16.55,1,51.56,3.43,176.85,100,60,373
548.87,COMP,400250,17.60,16.55,1,51.27,4.94,253.27,100,62,369
549.89,COMP,400995,17.80,16.55,1,51.01,6.09,310.65,100,65,373
550.91,COMP,401740,17.60,16.55,1,51.31,4.62,237.05,100,62,369
551.94,COMP,402484,17.70,16.55,1,51.01,5.27,268.82,100,65,371
552.97,COMP,403229,17.80,16.55,1,51.78,3.53,182.78,100,61,373
553.99,COMP,403973,17.70,16.55,1,51.15,5.75,294.11,100,64,371
555.02,COMP,404719,17.80,16.55,1,51.03,5.03,256.68,100,64,373
556.04,COMP,405468,17.80,16.55,1,51.24,4.59,235.19,100,63,373
557.06,COMP,406217,17.80,16.55,1,51.31,5.22,267.84,100,63,373
558.08,COMP,406966,17.80,16.55,1,51.33,3.94,202.24,100,63,373
559.10,COMP,407715,17.80,16.55,1,51.12,4.30,219.82,100,64,373
560.12,COMP,408464,17.90,16.55,1,50.68,7.01,355.27,100,66,375
561.14,COMP,409213,17.90,16.55,1,50.27,6.75,339.32,100,68,375
562.17,COMP,410149,17.80,16.55,1,51.33,3.65,187.35,100,62,373
563.21,COMP,410898,17.90,16.55,1,50.97,5.93,302.25,100,64,375
564.20,COMP,411647,17.90,16.55,1,50.97,5.65,287.98,100,65,375
565.23,COMP,412396,17.80,16.55,1,51.43,4.16,213.95,100,61,373
566.25,COMP,413145,17.80,16.55,1,51.36,4.80,246.53,100,62,373
567.27,COMP,413894,17.80,16.55,1,50.75,7.18,364.38,100,67,373
568.30,COMP,414643,17.80,16.55,1,51.45,4.68,240.79,100,62,373
569.32,COMP,415391,17.80,16.56,1,51.42,2.64,135.75,100,61,373
570.34,COMP,416141,18.30,16.56,1,51.17,5.67,290.13,100,64,383
571.37,COMP,416890,17.90,16.56,1,51.03,5.45,278.11,100,65,375
572.39,COMP,417639,17.80,16.56,1,50.82,7.22,366.92,100,65,373
573.42,COMP,418388,17.90,16.56,1,51.13,5.72,292.46,100,64,375
574.42,COMP,419137,17.60,16.56,1,51.87,1.16,60.17,100,59,369
575.45,COMP,419885,17.80,16.56,1,51.19,5.53,283.08,100,64,373
576.47,COMP,420634,17.80,16.56,1,51.29,4.46,228.75,100,63,373
577.49,COMP,421382,17.90,16.56,1,50.89,4.52,230.02,100,63,375
578.52,COMP,422132,17.90,16.56,1,51.17,5.32,272.22,100,64,375
579.55,COMP,423067,17.90,16.56,1,50.96,6.03,307.29,100,65,375
580.57,COMP,423816,17.90,16.56,1,50.59,7.54,381.45,100,67,375
581.59,COMP,424565,17.80,16.56,1,50.87,6.87,349.48,100,66,373
582.62,COMP,425313,17.90,16.56,1,50.89,5.51,280.40,100,64,375
583.64,COMP,426062,17.80,16.56,1,51.27,5.05,258.91,100,63,373
584.65,COMP,426811,17.90,16.56,1,50.43,8.50,428.66,100,67,375
585.68,COMP,427560,17.80,16.56,1,51.31,3.67,188.31,100,63,373
586.70,COMP,428308,17.90,16.56,1,50.66,6.82,345.50,100,66,375
587.72,COMP,429057,17.80,16.56,1,50.97,5.08,258.93,100,64,373
588.74,COMP,429806,17.90,16.56,1,50.87,6.48,329.64,100,66,375
589.77,COMP,430555,17.80,16.56,1,50.11,7.60,380.84,100,68,373
590.80,COMP,431303,17.80,16.56,1,50.40,6.57,331.13,100,66,373
591.82,COMP,432052,17.80,16.56,1,51.13,5.41,276.61,100,64,373
592.84,COMP,432801,17.90,16.56,1,51.12,3.92,200.39,100,65,375
593.87,COMP,433550,17.90,16.57,1,50.48,7.79,393.24,100,67,375
594.87,COMP,434299,17.90,16.57,1,51.19,4.50,230.35,100,63,375
595.90,COMP,435048,17.90,16.57,1,51.13,4.39,224.46,100,63,375
596.92,COMP,435984,17.90,16.56,1,50.24,9.12,458.19,100,69,375
597.94,COMP,436733,17.90,16.56,1,51.19,4.95,253.39,100,63,375
598.97,COMP,437482,17.80,16.57,1,51.13,4.85,247.98,100,64,373
599.99,COMP,438231,17.80,16.57,1,50.75,8.15,413.61,100,67,373
601.02,COMP,438980,17.80,16.57,1,51.13,5.09,260.25,100,64,373
602.03,COMP,439729,17.80,16.57,1,50.80,6.45,327.66,100,66,373
603.05,COMP,440479,17.80,16.57,1,51.57,4.86,250.63,100,63,373
604.07,COMP,441227,17.90,16.57,1,51.22,4.16,213.08,100,63,375
605.07,COMP,441976,17.80,16.57,1,51.03,5.43,277.09,100,65,373
606.10,COMP,442725,17.80,16.57,1,51.10,5.41,276.45,100,64,373
607.12,COMP,443473,17.80,16.57,1,50.40,8.39,422.86,100,67,373
608.14,COMP,444222,17.80,16.57,1,50.92,5.30,269.88,100,64,373
609.17,COMP,444971,17.80,16.57,1,51.24,5.08,260.30,100,64,373
610.19,COMP,445720,17.50,16.57,1,52.10,2.52,131.29,100,56,367
611.21,COMP,446469,17.70,16.57,1,51.70,2.38,123.05,100,61,371
612.24,COMP,447218,17.80,16.57,1,51.26,4.34,222.47,100,63,373
613.26,COMP,447967,17.80,16.57,1,51.20,4.89,250.37,100,63,373
614.28,COMP,448715,17.80,16.57,1,51.10,5.43,277.47,100,64,373
615.30,COMP,449651,17.80,16.57,1,51.24,4.51,231.09,100,64,373
616.33,COMP,450400,18.20,16.57,1,51.29,2.01,103.09,100,64,381
617.37,COMP,451148,17.80,16.57,1,50.76,5.38,273.09,100,64,373
618.39,COMP,451897,17.80,16.57,1,50.99,5.75,293.19,100,64,373
619.41,COMP,452646,17.70,16.57,1,51.47,3.80,195.59,100,62,371
620.44,COMP,453395,17.90,16.57,1,51.01,5.85,298.41,100,65,375
621.46,COMP,454144,17.80,16.57,1,51.24,4.41,225.97,100,63,373
622.48,COMP,454893,17.80,16.57,1,51.08,5.38,274.81,100,64,373
623.51,COMP,455642,17.80,16.58,1,51.19,5.14,263.12,100,64,373
624.51,COMP,456391,17.70,16.58,1,51.43,3.42,175.89,100,62,371
625.54,COMP,457140,17.90,16.58,1,51.33,4.77,244.84,100,62,375
626.56,COMP,457889,17.90,16.58,1,51.19,5.35,273.87,100,64,375
627.58,COMP,458638,17.90,16.58,1,51.27,5.85,299.93,100,65,375
628.60,COMP,459386,17.80,16.58,1,51.05,5.68,289.96,100,64,373
629.63,COMP,460135,17.90,16.58,1,51.03,4.93,251.58,100,65,375
630.66,COMP,460883,17.90,16.58,1,50.76,5.67,287.81,100,65,375
631.68,COMP,461820,17.80,16.58,1,50.68,7.05,357.29,100,66,373
632.70,COMP,462569,17.90,16.58,1,51.50,3.63,186.95,100,62,375
633.73,COMP,463318,17.80,16.58,1,51.17,4.79,245.10,100,64,373
634.76,COMP,464067,17.80,16.58,1,50.27,6.34,318.71,100,66,373
635.77,COMP,464816,17.70,16.58,1,51.03,4.68,238.82,100,63,371
636.80,COMP,465564,17.80,16.58,1,51.38,3.37,173.15,100,62,373
637.82,COMP,466313,17.90,16.58,1,51.29,5.00,256.45,100,63,375
638.85,COMP,467062,17.80,16.58,1,51.64,3.19,164.73,100,61,373
639.87,COMP,467811,17.90,16.58,1,51.10,5.47,279.52,100,65,375
640.90,COMP,468560,17.70,16.58,1,51.24,4.51,231.09,100,63,371
641.93,COMP,469309,17.80,16.58,1,51.78,1.71,88.54,100,59,373
642.95,COMP,470057,17.80,16.58,1,50.76,5.86,297.45,100,65,373
643.97,COMP,470806,17.90,16.58,1,50.76,6.22,315.73,100,65,375
645.00,COMP,471555,17.90,16.58,1,51.54,3.03,156.17,100,61,375
646.00,COMP,472304,17.90,16.59,1,50.94,5.80,295.45,100,65,375
647.03,COMP,473053,17.80,16.59,1,51.47,3.84,197.64,100,61,373
648.05,COMP,473989,17.90,16.58,1,50.83,6.26,318.20,100,65,375
649.07,COMP,474739,17.80,16.58,1,51.77,2.41,124.77,100,59,373
650.10,COMP,475487,17.80,16.58,1,51.40,3.13,160.88,100,61,373
651.13,COMP,476236,17.90,16.59,1,51.08,4.47,228.33,100,63,375
652.15,COMP,476985,17.80,16.59,1,50.89,6.48,329.77,100,66,373
653.17,COMP,477734,17.80,16.59,1,51.19,5.12,262.09,100,64,373
654.20,COMP,478483,17.90,16.59,1,51.13,4.58,234.18,100,64,375
655.23,COMP,479231,17.90,16.59,1,51.22,4.49,229.98,100,64,375
656.23,COMP,479980,17.90,16.59,1,51.38,3.69,189.59,100,62,375
657.26,COMP,480729,17.80,16.59,1,50.85,4.24,215.60,100,63,373
658.28,COMP,481478,17.90,16.59,1,52.12,0.19,9.90,100,56,375
659.30,COMP,482226,17.80,16.59,1,51.64,2.68,138.40,100,61,373
660.33,COMP,482975,17.80,16.59,1,51.85,2.81,145.70,100,61,373
661.35,COMP,483724,17.80,16.59,1,52.10,0.29,15.11,100,58,373
662.38,COMP,484473,17.90,16.59,1,51.75,2.54,131.44,100,60,375
663.40,COMP,485222,17.80,16.59,1,52.01,1.18,61.37,100,59,373
664.43,COMP,486158,17.80,16.59,1,51.80,2.82,146.08,100,60,373
665.45,COMP,486907,18.10,16.59,1,51.73,2.46,127.26,100,60,379
666.48,COMP,487656,17.90,16.59,1,51.54,3.79,195.34,100,61,375
667.50,COMP,488404,17.70,16.59,1,51.78,2.43,125.83,100,60,371
668.52,COMP,489153,17.70,16.59,1,51.66,3.55,183.39,100,62,371
669.55,COMP,489902,17.80,16.59,1,51.35,3.73,191.54,100,62,373
670.57,COMP,490651,17.90,16.59,1,51.01,6.53,333.10,100,65,375
671.60,COMP,491400,17.90,16.59,1,50.75,6.98,354.24,100,66,375
672.62,COMP,492149,17.90,16.59,1,50.99,6.15,313.59,100,65,375
673.65,COMP,492898,17.90,16.60,1,50.73,7.16,363.23,100,67,375
674.67,COMP,493646,17.80,16.60,1,50.96,4.92,250.72,100,64,373
675.70,COMP,494395,17.80,16.60,1,50.75,7.54,382.66,100,66,373
676.72,COMP,495144,17.80,16.60,1,51.03,6.08,310.26,100,65,373
677.74,COMP,495893,17.90,16.60,1,50.85,6.71,341.20,100,67,375
678.76,COMP,496642,17.90,16.60,1,50.94,5.84,297.49,100,65,375
679.78,COMP,497390,17.80,16.60,1,51.24,3.87,198.30,100,62,373
680.80,COMP,498326,17.80,16.60,1,51.27,4.09,209.69,100,63,373
681.83,COMP,499075,17.80,16.60,1,51.19,4.44,227.28,100,63,373
682.85,COMP,499824,17.90,16.60,1,51.52,3.06,157.65,100,61,375
683.87,COMP,500573,17.80,16.60,1,51.38,3.79,194.73,100,63,373
684.90,COMP,501322,17.80,16.60,1,51.43,3.94,202.63,100,62,373
685.92,COMP,502071,17.70,16.60,1,51.89,1.28,66.42,100,59,371
686.95,COMP,502820,17.90,16.60,1,51.89,2.09,108.45,100,59,375
687.97,COMP,503569,17.80,16.60,1,51.40,4.05,208.17,100,63,373
689.00,COMP,504318,17.80,16.60,1,51.06,5.27,269.09,100,64,373
690.02,COMP,505067,17.80,16.60,1,51.96,1.57,81.58,100,59,373
691.05,COMP,505816,17.90,16.60,1,51.59,2.69,138.78,100,61,375
692.07,COMP,506565,17.80,16.60,1,51.17,5.31,271.71,100,64,373
693.09,COMP,507314,17.80,16.60,1,51.47,3.91,201.25,100,62,373
694.12,COMP,508063,17.80,16.60,1,51.50,4.02,207.03,100,62,373
695.14,COMP,508812,17.80,16.61,1,51.80,2.04,105.67,100,59,373
696.17,COMP,509747,17.80,16.60,1,51.64,2.92,150.79,100,61,373
697.20,COMP,510496,17.80,16.60,1,51.59,3.53,182.11,100,61,373
698.23,COMP,511244,17.80,16.60,1,50.99,5.20,265.15,100,64,373
699.25,COMP,511994,17.90,16.60,1,51.61,2.34,120.77,100,60,375
700.27,COMP,512742,17.80,16.61,1,51.05,5.48,279.75,100,64,373
701.30,COMP,513491,17.80,16.61,1,51.27,4.78,245.07,100,64,373
702.32,COMP,514240,17.80,16.61,1,51.31,3.78,193.95,100,62,373
703.35,COMP,514988,17.80,16.61,1,51.05,4.59,234.32,100,63,373
704.37,COMP,515737,17.60,16.61,1,51.52,2.83,145.80,100,62,369
705.40,COMP,516487,17.80,16.61,1,51.57,2.80,144.40,100,60,373
706.43,COMP,517235,17.80,16.61,1,51.57,3.41,175.85,100,61,373
707.43,COMP,517984,17.80,16.61,1,51.29,4.66,239.01,100,63,373
708.46,COMP,518733,17.90,16.61,1,51.03,5.60,285.77,100,65,375
709.49,COMP,519482,17.80,16.61,1,51.43,3.78,194.41,100,62,373
710.52,COMP,520417,17.80,16.61,1,51.40,4.03,207.14,100,62,373
711.54,COMP,521166,17.80,16.61,1,51.43,3.83,196.98,100,62,373
712.57,COMP,521915,17.90,16.61,1,51.73,2.83,146.40,100,61,375
713.59,COMP,522664,17.80,16.61,1,51.26,4.80,246.05,100,64,373
714.61,COMP,523413,17.80,16.61,1,51.38,4.28,219.91,100,63,373
715.64,COMP,524162,17.80,16.61,1,51.43,3.26,167.66,100,62,373
716.66,COMP,524911,17.90,16.61,1,51.33,4.22,216.61,100,63,375
717.67,COMP,525659,17.90,16.61,1,51.27,4.39,225.08,100,62,375
718.69,COMP,526408,17.80,16.61,1,51.52,3.62,186.50,100,62,373
719.71,COMP,527158,17.90,16.61,1,51.52,2.84,146.32,100,61,375
720.71,COMP,527906,17.80,16.61,1,51.38,4.64,238.40,100,63,373
721.73,COMP,528656,17.80,16.62,1,51.56,3.19,164.48,100,61,373
722.76,COMP,529405,17.80,16.62,1,51.78,2.05,106.15,100,60,373
723.78,COMP,530154,17.80,16.62,1,51.40,4.06,208.68,100,62,373
724.80,COMP,530902,17.70,16.62,1,51.56,3.38,174.27,100,60,371
725.83,COMP,531651,17.90,16.62,1,51.08,5.89,300.86,100,63,375
726.85,COMP,532400,17.80,16.62,1,51.87,1.87,97.00,100,60,373
727.86,COMP,533149,17.80,16.62,1,51.57,3.63,187.20,100,62,373
728.89,COMP,533898,17.80,16.62,1,51.47,3.18,163.67,100,62,373
729.91,COMP,534834,17.80,16.62,1,51.26,5.02,257.33,100,63,373
730.94,COMP,535583,17.80,16.62,1,51.10,6.12,312.73,100,65,373
731.97,COMP,536332,17.70,16.62,1,51.17,3.76,192.40,100,63,371
732.99,COMP,537081,17.90,16.62,1,51.66,3.58,184.94,100,61,375
734.01,COMP,537830,17.70,16.62,1,51.84,1.16,60.13,100,58,371
735.04,COMP,538579,17.80,16.62,1,51.13,5.68,290.42,100,65,373
736.06,COMP,539328,17.70,16.62,1,51.57,2.35,121.19,100,61,371
737.09,COMP,540077,17.90,16.62,1,51.08,5.59,285.54,100,64,375
738.09,COMP,540826,17.80,16.62,1,50.71,7.67,388.95,100,66,373
739.12,COMP,541575,17.80,16.62,1,50.73,7.05,357.65,100,66,373
740.15,COMP,542324,17.90,16.62,1,51.06,6.14,313.51,100,65,375
741.17,COMP,543073,17.80,16.62,1,51.26,3.68,188.64,100,63,373
742.20,COMP,543821,17.80,16.63,1,51.17,4.64,237.43,100,63,373
743.23,COMP,544570,17.70,16.63,1,51.03,5.65,288.32,100,64,371
744.25,COMP,545319,17.80,16.63,1,51.47,3.55,182.72,100,62,373
745.28,COMP,546255,17.90,16.62,1,51.43,3.80,195.43,100,62,375
746.30,COMP,547004,17.80,16.62,1,51.96,1.53,79.50,100,59,373
747.34,COMP,547753,17.70,16.63,1,52.01,1.07,55.65,100,59,371
748.36,COMP,548502,17.90,16.63,1,51.85,1.83,94.89,100,59,375
749.38,COMP,549251,17.90,16.63,1,51.50,3.80,195.70,100,62,375
750.40,COMP,550000,18.00,16.63,1,51.40,4.37,224.62,100,63,377
751.42,COMP,550750,17.80,16.63,1,51.80,2.19,113.44,100,59,373
752.45,COMP,551498,17.80,16.63,1,51.80,2.12,109.82,100,60,373
753.47,COMP,552247,17.80,16.63,1,51.57,3.40,175.34,100,62,373
754.50,COMP,552996,17.70,16.63,1,51.89,1.82,94.44,100,59,371
755.52,COMP,553745,17.80,16.63,1,52.38,0.30,15.71,100,56,373
756.54,COMP,554494,17.80,16.63,1,51.87,2.21,114.63,100,60,373
757.56,COMP,555243,17.80,16.63,1,51.42,3.95,203.11,100,62,373
758.59,COMP,555992,17.80,16.63,1,51.98,1.66,86.29,100,59,373
759.61,COMP,556741,17.80,16.63,1,51.78,2.89,149.64,100,60,373
760.64,COMP,557677,17.90,16.63,1,51.56,3.28,169.12,100,61,375
761.66,COMP,558425,17.80,16.63,1,51.31,2.94,150.85,100,61,373
762.69,COMP,559174,17.80,16.63,1,51.75,2.46,127.30,100,60,373
763.71,COMP,559923,17.80,16.63,1,51.50,3.63,186.95,100,62,373
764.74,COMP,560672,17.70,16.63,1,51.77,2.16,111.82,100,60,371
765.76,COMP,561420,17.80,16.63,1,52.07,0.36,18.75,100,57,373
766.78,COMP,562169,17.80,16.64,1,51.52,3.24,166.92,100,61,373
767.81,COMP,562919,17.80,16.64,1,51.92,1.76,91.38,100,59,373
768.84,COMP,563668,17.90,16.64,1,51.47,3.92,201.76,100,63,375
769.87,COMP,564417,17.90,16.64,1,52.21,0.05,2.61,100,56,375
770.89,COMP,565166,17.80,16.64,1,51.87,2.60,134.86,100,61,373
771.92,COMP,565914,17.80,16.64,1,51.43,3.74,192.35,100,62,373
772.94,COMP,566663,17.80,16.64,1,51.85,2.53,131.18,100,60,373
773.96,COMP,567412,17.80,16.64,1,51.52,3.52,181.35,100,62,373
774.98,COMP,568161,17.80,16.64,1,51.42,2.93,150.66,100,60,373
776.01,COMP,569096,17.70,16.64,1,51.57,3.39,174.82,100,62,371
777.05,COMP,569845,17.90,16.64,1,51.50,3.30,169.95,100,62,375
778.08,COMP,570594,17.90,16.64,1,51.66,4.42,228.34,100,62,375
779.08,COMP,571342,17.70,16.64,1,51.61,2.48,127.99,100,61,371
780.11,COMP,572092,17.90,16.64,1,51.52,3.78,194.75,100,61,375
781.14,COMP,572841,17.80,16.64,1,51.38,3.64,187.02,100,62,373
782.16,COMP,573590,17.90,16.64,1,51.45,4.13,212.49,100,62,375
783.18,COMP,574339,17.80,16.64,1,51.52,3.69,190.11,100,62,373
784.20,COMP,575088,17.90,16.64,1,51.38,3.61,185.48,100,63,375
785.22,COMP,575837,17.80,16.64,1,51.05,4.44,226.66,100,63,373
786.25,COMP,576586,17.70,16.65,1,52.14,0.62,32.33,100,57,371
787.27,COMP,577334,17.80,16.65,1,51.13,5.62,287.35,100,65,373
788.27,COMP,578083,17.90,16.65,1,51.27,4.89,250.71,100,64,375
789.27,COMP,578832,17.90,16.65,1,51.20,4.49,229.89,100,64,375
790.29,COMP,579581,17.90,16.65,1,51.85,2.49,129.11,100,60,375
791.31,COMP,580330,17.90,16.65,1,51.13,4.64,237.24,100,65,375
792.34,COMP,581079,17.80,16.65,1,51.50,3.50,180.25,100,62,373
793.36,COMP,581828,17.90,16.65,1,51.73,2.65,137.08,100,60,375
794.38,COMP,582577,17.80,16.65,1,51.59,3.71,191.40,100,61,373
795.40,COMP,583513,17.80,16.65,1,51.45,3.66,188.31,100,63,373
796.42,COMP,584262,17.80,16.65,1,51.10,5.59,285.65,100,64,373
797.45,COMP,585011,17.80,16.65,1,51.91,2.18,113.16,100,59,373
798.48,COMP,585763,17.90,16.65,1,51.56,3.95,203.66,100,62,375
799.48,COMP,586516,17.90,16.65,1,51.50,3.68,189.52,100,62,375
800.50,COMP,587268,17.90,16.65,1,50.82,6.54,332.36,100,66,375
801.53,COMP,588021,18.00,16.65,1,51.42,4.39,225.73,100,63,377
802.55,COMP,588773,17.90,16.65,1,50.99,4.36,222.32,100,64,375
803.58,COMP,589526,18.00,16.65,1,51.26,4.62,236.82,100,64,377
804.59,COMP,590279,17.90,16.65,1,52.03,1.49,77.52,100,59,375
805.62,COMP,591032,18.00,16.65,1,51.59,3.18,164.06,100,61,377
806.64,COMP,591784,17.90,16.65,1,51.42,2.88,148.09,100,63,375
807.66,COMP,592537,18.00,16.65,1,51.40,3.99,205.09,100,63,377
808.69,COMP,593290,17.90,16.66,1,51.92,1.93,100.21,100,59,375
809.70,COMP,594043,18.00,16.66,1,51.19,3.98,203.74,100,63,377
810.73,COMP,594795,17.90,16.66,1,51.85,1.57,81.40,100,60,375
811.75,COMP,595549,18.00,16.66,1,51.57,5.48,282.60,100,63,377
812.77,COMP,596489,17.90,16.65,1,51.71,2.84,146.86,100,62,375
813.79,COMP,597242,17.90,16.66,1,51.98,1.49,77.45,100,60,375
814.83,COMP,597995,18.00,16.66,1,51.66,2.44,126.05,100,62,377
815.85,COMP,598748,17.90,16.66,1,51.87,1.70,88.18,100,59,375
816.88,COMP,599500,17.90,16.66,1,51.80,2.37,122.77,100,60,375
817.90,COMP,600253,17.90,16.66,1,51.54,2.90,149.47,100,62,375
818.90,COMP,601006,18.00,16.66,1,51.50,3.21,165.32,100,62,377
819.92,COMP,601759,17.90,16.66,1,51.61,3.54,182.70,100,61,375
820.94,COMP,602512,18.00,16.66,1,51.13,4.11,210.14,100,63,377
821.97,COMP,603264,18.00,16.66,1,51.40,3.43,176.30,100,63,377
822.99,COMP,604017,18.00,16.66,1,51.33,4.30,220.72,100,63,377
824.01,COMP,604770,17.90,16.66,1,51.68,2.47,127.65,100,61,375
825.03,COMP,605522,17.90,16.66,1,51.38,3.35,172.12,100,62,375
826.06,COMP,606275,18.00,16.66,1,51.61,3.04,156.89,100,62,377
827.08,COMP,607028,18.00,16.66,1,51.99,1.53,79.54,100,59,377
828.10,COMP,607781,17.90,16.66,1,51.71,2.53,130.83,100,61,375
829.10,COMP,608533,18.10,16.66,1,50.89,6.11,310.94,100,65,379
830.13,COMP,609286,17.90,16.67,1,51.45,3.84,197.57,100,63,375
831.16,COMP,610226,17.90,16.66,1,51.29,4.61,236.45,100,64,375
832.19,COMP,610979,18.00,16.66,1,51.40,4.45,228.73,100,64,377
833.21,COMP,611732,17.90,16.66,1,51.54,3.32,171.11,100,62,375
834.23,COMP,612484,18.00,16.66,1,51.70,2.60,134.42,100,61,377
835.26,COMP,613237,17.90,16.67,1,51.56,3.09,159.32,100,62,375
836.28,COMP,613990,17.90,16.67,1,51.66,3.89,200.96,100,63,375
837.30,COMP,614743,18.00,16.67,1,51.70,4.48,231.62,100,63,377
838.32,COMP,615496,17.90,16.67,1,52.07,1.13,58.84,100,58,375
839.35,COMP,616249,18.00,16.67,1,51.71,4.43,229.08,100,63,377
840.35,COMP,617001,17.90,16.67,1,51.66,3.13,161.70,100,61,375
841.38,COMP,617755,18.00,16.67,1,51.31,4.10,210.37,100,64,377
842.40,COMP,618507,17.90,16.67,1,51.87,1.59,82.47,100,58,375
843.43,COMP,619260,17.90,16.67,1,51.22,4.26,218.20,100,64,375
844.45,COMP,620013,18.00,16.67,1,51.35,4.51,231.59,100,63,377
845.48,COMP,620765,17.90,16.67,1,51.75,1.99,102.98,100,61,375
846.50,COMP,621518,17.90,16.67,1,51.54,3.29,169.57,100,63,375
847.53,COMP,622459,18.00,16.67,1,51.57,3.70,190.81,100,61,377
848.56,COMP,623212,17.90,16.67,1,51.50,3.79,195.19,100,62,375
849.59,COMP,623964,17.90,16.67,1,51.54,3.19,164.41,100,62,375
850.59,COMP,624717,18.00,16.67,1,51.15,5.13,262.40,100,64,377
851.62,COMP,625469,18.00,16.67,1,51.12,4.91,251.00,100,63,377
852.64,COMP,626222,17.90,16.67,1,52.21,0.41,21.41,100,57,375
853.67,COMP,626975,17.90,16.67,1,51.92,1.44,74.76,100,60,375
854.69,COMP,627727,17.90,16.67,1,51.27,4.49,230.20,100,64,375
855.72,COMP,628480,17.80,16.68,1,52.17,1.26,65.73,100,58,373
856.74,COMP,629233,18.00,16.68,1,51.31,4.31,221.15,100,64,377
857.76,COMP,629986,17.90,16.68,1,51.96,0.87,45.21,100,59,375
858.79,COMP,630739,17.90,16.68,1,51.49,3.34,171.98,100,62,375
859.82,COMP,631491,18.00,16.68,1,51.29,5.04,258.50,100,64,377
860.82,COMP,632243,17.90,16.68,1,50.83,4.32,219.59,100,64,375
861.85,COMP,632996,18.00,16.68,1,51.87,1.65,85.59,100,59,377
862.87,COMP,633749,17.90,16.68,1,51.08,5.48,279.92,100,66,375
863.90,COMP,634502,17.80,16.68,1,51.54,3.59,185.03,100,62,373
864.92,COMP,635443,18.00,16.68,1,51.57,3.26,168.12,100,61,377
865.95,COMP,636195,18.00,16.68,1,51.47,3.34,171.91,100,62,377
866.98,COMP,636948,18.00,16.68,1,51.38,3.80,195.24,100,62,377
868.00,COMP,637701,17.90,16.68,1,51.42,3.53,181.51,100,62,375
869.02,COMP,638454,18.00,16.68,1,51.35,3.59,184.35,100,63,377
870.05,COMP,639206,18.00,16.68,1,51.47,3.80,195.59,100,62,377
871.07,COMP,639960,18.00,16.68,1,51.49,3.72,191.54,100,62,377
872.09,COMP,640712,17.90,16.68,1,51.68,2.42,125.07,100,61,375
873.11,COMP,641465,18.00,16.68,1,51.73,2.69,139.15,100,62,377
874.14,COMP,642217,17.90,16.68,1,50.96,5.28,269.07,100,65,375
875.16,COMP,642970,17.90,16.69,1,51.78,2.67,138.25,100,60,375
876.19,COMP,643723,18.00,16.69,1,50.96,5.00,254.80,100,64,377
877.22,COMP,644475,17.90,16.69,1,51.82,2.35,121.78,100,60,375
878.25,COMP,645228,18.00,16.69,1,51.59,2.68,138.26,100,61,377
879.28,COMP,646168,17.90,16.69,1,51.71,2.90,149.96,100,61,375
880.28,COMP,646920,17.90,16.69,1,51.40,3.49,179.39,100,62,375
881.29,COMP,647673,18.00,16.69,1,51.80,1.29,66.82,100,61,377
882.32,COMP,648426,17.80,16.69,1,52.22,0.12,6.27,100,57,373
883.35,COMP,649178,18.00,16.69,1,51.33,3.33,170.93,100,61,377
884.38,COMP,649931,18.00,16.69,1,51.49,2.96,152.41,100,63,377
885.40,COMP,650684,17.90,16.69,1,51.98,1.47,76.41,100,60,375
886.42,COMP,651437,18.00,16.69,1,51.26,5.94,304.48,100,64,377
887.45,COMP,652190,17.90,16.69,1,51.96,1.10,57.16,100,59,375
888.47,COMP,652942,18.00,16.69,1,51.59,2.96,152.71,100,62,377
889.49,COMP,653695,18.00,16.69,1,51.73,2.36,122.08,100,60,377
890.52,COMP,654447,17.90,16.69,1,51.33,4.47,229.45,100,64,375
891.55,COMP,655199,17.90,16.69,1,51.73,2.07,107.08,100,60,375
892.57,COMP,655952,17.90,16.69,1,51.24,4.38,224.43,100,64,375
893.59,COMP,656705,17.90,16.70,1,51.75,2.77,143.35,100,61,375
894.61,COMP,657458,17.80,16.70,1,51.66,3.07,158.60,100,61,373
895.64,COMP,658399,18.00,16.69,1,51.61,3.07,158.44,100,61,377
896.66,COMP,659151,17.90,16.69,1,51.75,2.63,136.10,100,61,375
897.69,COMP,659904,17.90,16.69,1,51.64,2.72,140.46,100,61,375
898.71,COMP,660656,17.90,16.70,1,51.03,4.82,245.96,100,64,375
899.73,COMP,661409,17.90,16.70,1,51.54,3.10,159.77,100,63,375
900.73,COMP,662162,17.90,16.70,1,51.26,4.47,229.13,100,64,375
901.76,COMP,662915,18.00,16.70,1,51.38,4.11,211.17,100,63,377
902.79,COMP,663668,17.90,16.70,1,52.07,1.04,54.15,100,58,375
903.81,COMP,664420,17.90,16.70,1,51.43,4.22,217.03,100,62,375
904.84,COMP,665173,17.90,16.70,1,51.98,1.70,88.37,100,59,375
905.86,COMP,665926,17.90,16.70,1,51.78,1.72,89.06,100,59,375
906.89,COMP,666678,18.10,16.70,1,51.13,4.96,253.60,100,64,379
907.91,COMP,667431,18.00,16.70,1,51.78,4.14,214.37,100,63,377
908.94,COMP,668183,18.00,16.70,1,51.24,3.47,177.80,100,62,377
909.96,COMP,668936,17.90,16.70,1,51.10,4.90,250.39,100,64,375
910.98,COMP,669689,17.90,16.70,1,51.31,4.30,220.63,100,63,375
912.00,COMP,670442,17.90,16.70,1,51.42,3.68,189.23,100,63,375
913.02,COMP,671383,17.90,16.70,1,51.80,2.20,113.96,100,60,375
914.04,COMP,672136,17.90,16.70,1,51.13,4.24,216.79,100,63,375
915.06,COMP,672888,17.90,16.70,1,51.59,2.52,130.01,100,61,375
916.06,COMP,673641,17.90,16.70,1,51.29,4.86,249.27,100,63,375
917.09,COMP,674394,17.90,16.70,1,51.61,2.67,137.80,100,61,375
918.12,COMP,675147,17.90,16.71,1,51.73,2.22,114.84,100,60,375
919.15,COMP,675900,17.90,16.71,1,51.78,1.40,72.49,100,60,375
920.17,COMP,676652,18.00,16.71,1,51.75,1.98,102.47,100,60,377
921.20,COMP,677405,17.90,16.71,1,51.85,2.20,114.07,100,60,375
922.20,COMP,678157,17.90,16.71,1,51.71,3.14,162.37,100,60,375
923.23,COMP,678910,17.90,16.71,1,51.80,2.20,113.96,100,60,375
924.25,COMP,679662,17.80,16.71,1,52.21,0.23,12.01,100,57,373
925.27,COMP,680414,17.90,16.71,1,51.29,3.84,196.95,100,62,375
926.30,COMP,681167,17.90,16.71,1,51.56,2.51,129.42,100,62,375
927.32,COMP,681920,17.90,16.71,1,51.94,1.83,95.05,100,60,375
928.35,COMP,682673,18.00,16.71,1,51.91,1.41,73.19,100,59,377
929.37,COMP,683426,17.90,16.71,1,51.92,1.74,90.34,100,59,375
930.40,COMP,684367,17.90,16.71,1,52.15,1.04,54.24,100,58,375
931.42,COMP,685121,17.90,16.71,1,51.98,1.76,91.48,100,60,375
932.43,COMP,685874,17.90,16.71,1,52.12,1.19,62.02,100,58,375
933.46,COMP,686627,18.00,16.71,1,51.56,3.98,205.21,100,62,377
934.49,COMP,687380,17.90,16.71,1,50.82,6.25,317.63,100,65,375
935.51,COMP,688132,17.90,16.71,1,50.89,6.18,314.50,100,65,375
936.53,COMP,688885,17.90,16.72,1,51.43,3.93,202.12,100,62,375
937.56,COMP,689638,17.90,16.72,1,51.15,4.89,250.12,100,64,375
938.58,COMP,690391,17.90,16.72,1,51.08,5.11,261.02,100,64,375
939.60,COMP,691143,17.90,16.72,1,51.13,4.05,207.08,100,65,375
940.63,COMP,691896,17.90,16.72,1,50.69,6.98,353.82,100,67,375
941.65,COMP,692648,17.90,16.72,1,51.20,4.99,255.49,100,63,375
942.67,COMP,693401,18.00,16.72,1,51.03,5.94,303.12,100,65,377
943.69,COMP,694154,17.90,16.72,1,51.03,4.85,247.50,100,65,375
944.72,COMP,694907,18.00,16.72,1,50.80,6.91,351.03,100,66,377
945.75,COMP,695660,17.90,16.72,1,51.01,5.61,286.17,100,65,375
946.77,COMP,696600,17.90,16.72,1,50.82,5.92,300.85,100,66,375
947.80,COMP,697353,17.90,16.72,1,50.85,5.94,302.05,100,66,375
948.83,COMP,698105,18.00,16.72,1,49.88,8.38,417.99,100,69,377
949.86,COMP,698858,17.90,16.72,1,51.43,3.66,188.23,100,62,375
950.89,COMP,699611,18.00,16.72,1,50.69,7.67,388.79,100,67,377
951.89,COMP,700363,17.90,16.72,1,50.92,5.75,292.79,100,65,375
952.91,COMP,701116,18.00,16.72,1,50.71,7.13,361.56,100,66,377
953.94,COMP,701868,17.90,16.72,1,51.08,4.44,226.80,100,63,375
954.96,COMP,702621,18.00,16.73,1,51.15,4.84,247.57,100,64,377
955.99,COMP,703373,18.00,16.73,1,50.73,6.72,340.91,100,66,377
957.01,COMP,704126,17.90,16.73,1,51.59,2.90,149.61,100,61,375
958.03,COMP,704879,17.90,16.73,1,51.75,1.87,96.77,100,60,375
959.05,COMP,705632,18.00,16.73,1,51.26,3.97,203.50,100,63,377
960.08,COMP,706385,18.00,16.73,1,50.78,6.78,344.29,100,67,377
961.11,COMP,707138,17.90,16.73,1,50.89,5.86,298.22,100,65,375
962.14,COMP,708078,17.90,16.73,1,50.48,6.92,349.32,100,68,375
963.17,COMP,708831,18.00,16.73,1,50.41,8.10,408.32,100,68,377
964.20,COMP,709583,17.90,16.73,1,51.56,2.16,111.37,100,60,375
965.22,COMP,710336,17.90,16.73,1,50.38,8.64,435.28,100,69,375
966.25,COMP,711089,17.90,16.73,1,50.43,6.20,312.67,100,66,375
967.27,COMP,711841,18.00,16.73,1,50.48,7.31,369.01,100,68,377
968.30,COMP,712594,18.00,16.73,1,50.40,8.26,416.30,100,68,377
969.32,COMP,713346,17.80,16.73,1,50.73,5.08,257.71,100,65,373
970.34,COMP,714099,17.90,16.73,1,51.31,3.51,180.10,100,62,375
971.37,COMP,714852,18.00,16.74,1,51.42,3.04,156.32,100,62,377
972.39,COMP,715604,17.90,16.74,1,50.10,7.05,353.20,100,68,375
973.40,COMP,716357,18.00,16.74,1,50.97,4.09,208.47,100,63,377
974.42,COMP,717110,18.00,16.74,1,50.82,5.93,301.36,100,66,377
975.44,COMP,717863,17.90,16.74,1,51.35,3.61,185.37,100,63,375
976.47,COMP,718615,17.90,16.74,1,50.53,6.26,316.32,100,66,375
977.49,COMP,719556,17.90,16.74,1,51.59,2.24,115.56,100,60,375
978.51,COMP,720309,18.00,16.74,1,50.96,5.50,280.28,100,65,377
979.54,COMP,721061,17.90,16.74,1,50.73,5.11,259.23,100,65,375
980.57,COMP,721814,17.90,16.74,1,50.97,4.87,248.22,100,64,375
981.59,COMP,722567,18.00,16.74,1,50.13,8.81,441.65,100,70,377
982.62,COMP,723320,17.90,16.74,1,50.29,8.80,442.55,100,69,375
983.62,COMP,724073,18.10,16.74,1,50.68,7.29,369.46,100,66,379
984.65,COMP,724825,17.90,16.74,1,50.53,6.04,305.20,100,66,375
985.68,COMP,725578,17.90,16.74,1,51.12,3.72,190.17,100,63,375
986.70,COMP,726331,18.00,16.74,1,51.27,3.98,204.05,100,63,377
987.73,COMP,727084,18.00,16.74,1,52.01,0.07,3.64,100,57,377
988.75,COMP,727838,17.90,16.75,1,52.35,0.56,29.32,100,54,375
989.77,COMP,728592,18.00,16.75,1,52.14,-0.04,-2.09,100,57,377
990.80,COMP,729347,18.10,16.75,1,51.92,1.49,77.36,100,59,379
991.82,COMP,730101,17.90,16.75,1,51.80,2.11,109.30,100,59,375
992.85,COMP,730853,17.90,16.75,1,50.45,7.70,388.47,100,67,375
993.86,COMP,731606,18.00,16.75,1,50.38,8.44,425.21,100,68,377
994.88,COMP,732547,17.90,16.75,1,51.05,4.27,217.98,100,64,375
995.91,COMP,733300,18.00,16.75,1,50.38,7.78,391.96,100,68,377
996.94,COMP,734055,18.10,16.75,1,50.31,6.78,341.10,100,68,379
997.96,COMP,734813,18.10,16.75,1,50.99,5.23,266.68,100,65,379
998.98,COMP,735568,17.90,16.75,1,50.90,5.54,281.99,100,64,375
1000.01,COMP,736321,18.00,16.75,1,50.96,5.65,287.92,100,65,377
1001.01,COMP,737076,18.10,16.75,1,51.64,1.80,92.95,100,60,379
1002.04,COMP,737834,18.00,16.75,1,51.17,4.56,233.34,100,63,377
1003.07,COMP,738592,18.00,16.75,1,51.70,1.10,56.87,100,60,377
1004.08,COMP,739349,18.00,16.75,1,51.08,4.19,214.03,100,64,377
1005.10,COMP,740107,18.00,16.75,1,51.52,2.55,131.38,100,62,377
1006.13,COMP,740865,18.00,16.75,1,50.83,5.77,293.29,100,66,377
1007.15,COMP,741622,18.00,16.76,1,50.71,5.72,290.06,100,66,377
1008.18,COMP,742380,18.00,16.76,1,50.82,5.41,274.94,100,64,377
1009.20,COMP,743138,18.00,16.76,1,51.01,4.75,242.30,100,64,377
1010.22,COMP,743896,18.00,16.76,1,50.41,8.24,415.38,100,68,377
1011.25,COMP,744843,18.00,16.75,1,50.47,7.65,386.10,100,68,377
1012.28,COMP,745601,18.10,16.76,1,50.36,8.28,416.98,100,69,379
1013.31,COMP,746358,18.00,16.76,1,50.15,8.82,442.32,100,70,377
1014.33,COMP,747116,18.10,16.76,1,50.76,5.97,303.04,100,66,379
1015.36,COMP,747874,18.00,16.76,1,50.92,5.22,265.80,100,65,377
1016.36,COMP,748631,18.10,16.76,1,51.22,3.55,181.83,100,62,379
1017.39,COMP,749389,18.00,16.76,1,51.29,3.39,173.87,100,63,377
1018.42,COMP,750146,18.00,16.76,1,51.29,2.91,149.25,100,62,377
1019.45,COMP,750904,18.00,16.76,1,51.42,2.48,127.52,100,61,377
1020.47,COMP,751662,18.00,16.76,1,51.27,3.09,158.42,100,63,377
1021.50,COMP,752420,18.10,16.76,1,50.69,3.68,186.54,100,65,379
1022.52,COMP,753178,18.10,16.76,1,50.97,5.51,280.84,100,65,379
1023.55,COMP,753935,18.10,16.76,1,50.85,4.17,212.04,100,65,379
1024.58,COMP,754693,18.00,16.77,1,50.62,5.92,299.67,100,66,377
1025.60,COMP,755451,18.10,16.77,1,51.26,3.37,172.75,100,64,379
1026.63,COMP,756398,18.10,16.76,1,51.43,3.02,155.32,100,61,379
1027.65,COMP,757156,18.00,16.76,1,51.03,4.97,253.62,100,65,377
1028.69,COMP,757914,18.00,16.76,1,50.97,5.10,259.95,100,65,377
1029.71,COMP,758672,18.00,16.77,1,51.26,3.85,197.35,100,63,377
1030.73,COMP,759430,18.00,16.77,1,51.12,4.65,237.71,100,63,377
1031.76,COMP,760187,18.00,16.77,1,50.66,6.89,349.05,100,67,377
1032.79,COMP,760945,18.00,16.77,1,51.12,4.60,235.15,100,65,377
1033.81,COMP,761703,18.00,16.77,1,50.85,5.86,297.98,100,66,377
1034.84,COMP,762460,18.00,16.77,1,51.71,1.87,96.70,100,60,377
1035.87,COMP,763218,18.00,16.77,1,51.06,4.44,226.71,100,64,377
1036.90,COMP,763976,18.10,16.77,1,51.19,4.43,226.77,100,63,379
1037.92,COMP,764734,18.00,16.77,1,51.99,0.92,47.83,100,58,377
1038.94,COMP,765492,18.00,16.77,1,51.45,2.83,145.60,100,61,377
1039.97,COMP,766250,18.00,16.77,1,51.52,2.41,124.16,100,61,377
1040.99,COMP,767197,18.00,16.77,1,51.52,4.07,209.69,100,63,377
1042.02,COMP,767954,18.10,16.77,1,51.27,3.69,189.19,100,63,379
1043.05,COMP,768712,18.00,16.77,1,51.08,4.25,217.09,100,63,377
1044.08,COMP,769469,18.10,16.77,1,51.45,2.91,149.72,100,62,379
1045.11,COMP,770227,18.00,16.77,1,51.13,4.43,226.51,100,64,377
1046.13,COMP,770984,18.00,16.77,1,50.61,5.20,263.17,100,65,377
1047.15,COMP,771742,18.00,16.78,1,51.43,2.82,145.03,100,62,377
1048.18,COMP,772500,17.90,16.78,1,51.35,3.00,154.05,100,62,375
1049.22,COMP,773258,18.00,16.78,1,50.85,5.35,272.05,100,66,377
1050.24,COMP,774016,18.00,16.78,1,50.83,5.58,283.63,100,66,377
1051.27,COMP,774774,18.00,16.78,1,51.03,4.03,205.65,100,64,377
1052.30,COMP,775532,18.00,16.78,1,51.12,4.73,241.80,100,63,377
1053.32,COMP,776289,18.00,16.78,1,50.24,7.37,370.27,100,68,377
1054.32,COMP,777047,18.00,16.78,1,50.82,5.80,294.76,100,66,377
1055.32,COMP,777805,18.00,16.78,1,51.17,4.13,211.33,100,63,377
1056.35,COMP,778563,18.10,16.78,1,50.97,7.97,406.23,100,68,379
1057.35,COMP,779320,18.20,16.78,1,50.52,6.51,328.89,100,67,381
1058.37,COMP,780267,18.00,16.78,1,50.53,6.84,345.63,100,68,377
1059.40,COMP,781025,17.90,16.78,1,50.66,6.80,344.49,100,67,375
1060.44,COMP,781783,18.00,16.78,1,51.08,4.60,234.97,100,64,377
1061.46,COMP,782540,18.10,16.78,1,51.03,3.65,186.26,100,63,379
1062.48,COMP,783298,18.00,16.78,1,50.59,6.71,339.46,100,67,377
1063.51,COMP,784055,17.90,16.78,1,50.55,6.23,314.93,100,66,375
1064.53,COMP,784813,18.10,16.79,1,50.99,4.88,248.83,100,65,379
1065.55,COMP,785571,18.20,16.79,1,50.68,6.77,343.10,100,67,381
1066.57,COMP,786328,18.00,16.79,1,50.85,4.39,223.23,100,65,377
1067.60,COMP,787086,18.10,16.79,1,50.61,5.80,293.54,100,66,379
1068.62,COMP,787844,18.10,16.79,1,50.38,7.74,389.94,100,68,379
1069.65,COMP,788602,18.00,16.79,1,50.45,7.22,364.25,100,67,377
1070.67,COMP,789360,18.00,16.79,1,50.76,7.39,375.12,100,67,377
1071.70,COMP,790118,18.20,16.79,1,50.75,6.13,311.10,100,65,381
1072.73,COMP,790876,18.10,16.79,1,50.52,5.84,295.04,100,66,379
1073.75,COMP,791822,17.90,16.79,1,51.71,1.46,75.50,100,58,375
1074.75,COMP,792580,18.00,16.79,1,51.10,5.34,272.87,100,65,377
1075.76,COMP,793337,18.00,16.79,1,50.47,7.89,398.21,100,67,377
1076.79,COMP,794095,18.10,16.79,1,50.59,5.77,291.90,100,67,379
1077.82,COMP,794852,18.00,16.79,1,50.83,4.45,226.19,100,63,377
1078.85,COMP,795610,18.10,16.79,1,51.20,2.89,147.97,100,63,379
1079.87,COMP,796368,18.00,16.79,1,50.76,5.01,254.31,100,65,377
1080.87,COMP,797126,18.10,16.79,1,50.55,6.96,351.83,100,67,379
1081.90,COMP,797883,18.00,16.79,1,49.87,8.14,405.94,100,69,377
1082.93,COMP,798641,18.10,16.80,1,50.99,4.40,224.36,100,64,379
1083.95,COMP,799399,18.10,16.80,1,51.26,3.73,191.20,100,62,379
1084.95,COMP,800157,17.90,16.80,1,50.89,4.16,211.70,100,64,375
1085.95,COMP,800915,18.10,16.80,1,50.55,6.80,343.74,100,67,379
1086.98,COMP,801673,18.00,16.80,1,50.89,5.03,255.98,100,65,377
1088.00,COMP,802430,18.10,16.80,1,50.62,6.13,310.30,100,66,379
1089.03,COMP,803188,18.00,16.80,1,51.31,3.45,177.02,100,62,377
1090.06,COMP,803945,18.00,16.80,1,50.47,5.27,265.98,100,65,377
1091.08,COMP,804703,18.00,16.80,1,50.45,6.87,346.59,100,67,377
1092.11,COMP,805461,18.00,16.80,1,50.45,6.90,348.11,100,67,377
1093.14,COMP,806219,18.10,16.80,1,50.75,5.77,292.83,100,66,379
1094.16,COMP,807166,18.10,16.80,1,50.75,5.79,293.84,100,66,379
1095.19,COMP,807924,18.00,16.80,1,50.71,5.41,274.34,100,66,377
1096.22,COMP,808682,17.90,16.80,1,51.13,4.40,224.97,100,63,375
1097.24,COMP,809439,18.10,16.80,1,50.69,5.90,299.07,100,66,379
1098.27,COMP,810197,18.10,16.80,1,50.53,6.89,348.15,100,67,379
1099.30,COMP,810955,18.10,16.81,1,50.59,6.78,343.00,100,67,379
1100.32,COMP,811713,18.10,16.81,1,50.83,5.16,262.28,100,65,379
1101.35,COMP,812470,18.10,16.81,1,50.68,5.89,298.51,100,66,379
1102.37,COMP,813228,18.10,16.81,1,51.17,3.96,202.63,100,62,379
1103.40,COMP,813986,18.10,16.81,1,50.62,5.77,292.08,100,67,379
1104.43,COMP,814744,18.10,16.81,1,51.22,5.11,261.73,100,64,379
1105.43,COMP,815501,18.10,16.81,1,50.80,5.70,289.56,100,66,379
1106.46,COMP,816259,18.00,16.81,1,50.71,6.24,316.43,100,66,377
1107.49,COMP,817016,18.10,16.81,1,50.73,6.15,311.99,100,65,379
1108.51,COMP,817774,18.00,16.81,1,50.68,6.04,306.11,100,66,377
1109.53,COMP,818721,18.10,16.81,1,50.76,5.72,290.35,100,66,379
1110.56,COMP,819479,17.90,16.81,1,51.17,5.32,272.22,100,65,375
1111.59,COMP,820237,18.10,16.81,1,50.62,6.53,330.55,100,66,379
1112.62,COMP,820995,17.90,16.81,1,50.94,4.16,211.91,100,65,375
1113.64,COMP,821753,18.10,16.81,1,50.25,6.83,343.21,100,66,379
1114.66,COMP,822510,18.00,16.81,1,50.41,6.82,343.80,100,68,377
1115.67,COMP,823267,17.90,16.82,1,50.73,4.61,233.87,100,65,375
1116.67,COMP,824025,18.00,16.82,1,50.62,5.82,294.61,100,66,377
1117.70,COMP,824783,18.10,16.82,1,50.47,7.27,366.92,100,68,379
1118.73,COMP,825540,17.90,16.82,1,51.19,2.37,121.32,100,62,375
1119.76,COMP,826298,18.00,16.82,1,50.99,4.58,233.53,100,64,377
1120.79,COMP,827056,18.10,16.82,1,50.73,5.57,282.57,100,65,379
1121.81,COMP,827813,18.00,16.82,1,50.20,6.74,338.35,100,67,377
1122.84,COMP,828571,18.10,16.82,1,51.15,3.96,202.55,100,63,379
1123.86,COMP,829329,18.00,16.82,1,50.83,5.48,278.55,100,65,377
1124.88,COMP,830087,18.10,16.82,1,50.97,4.35,221.72,100,64,379
1125.91,COMP,831033,18.10,16.82,1,50.69,4.82,244.33,100,65,379
1126.91,COMP,831791,18.00,16.82,1,50.90,4.12,209.71,100,64,377
1127.93,COMP,832549,18.10,16.82,1,50.90,4.89,248.90,100,64,379
1128.97,COMP,833307,18.10,16.82,1,50.94,4.63,235.85,100,64,379
1129.99,COMP,834064,18.10,16.82,1,50.80,5.08,258.06,100,65,379
1131.01,COMP,834822,18.00,16.82,1,50.78,5.14,261.01,100,65,377
1132.04,COMP,835580,18.10,16.83,1,50.94,4.99,254.19,100,64,379
1133.06,COMP,836338,18.00,16.83,1,50.50,6.80,343.40,100,67,377
1134.09,COMP,837095,18.00,16.83,1,50.25,7.77,390.44,100,68,377
1135.12,COMP,837853,18.00,16.83,1,50.59,6.31,319.22,100,66,377
1136.14,COMP,838611,18.10,16.83,1,50.83,5.05,256.69,100,65,379
1137.15,COMP,839369,18.20,16.83,1,50.82,8.18,415.71,100,67,381
1138.18,COMP,840126,18.20,16.83,1,50.52,5.82,294.03,100,65,381
1139.20,COMP,840884,18.20,16.83,1,50.18,7.39,370.83,100,70,381
1140.22,COMP,841642,18.00,16.83,1,51.19,3.61,184.80,100,63,377
1141.25,COMP,842401,18.00,16.83,1,50.76,4.89,248.22,100,66,377
1142.27,COMP,843158,18.00,16.83,1,50.73,4.14,210.02,100,64,377
1143.30,COMP,844106,18.10,16.83,1,50.27,6.02,302.63,100,66,379
1144.32,COMP,844863,17.90,16.83,1,50.55,6.05,305.83,100,67,375
1145.35,COMP,845621,18.10,16.83,1,50.45,6.35,320.36,100,67,379
1146.38,COMP,846379,18.00,16.83,1,50.83,5.38,273.47,100,65,377
1147.40,COMP,847137,18.10,16.84,1,50.55,5.35,270.44,100,66,379
1148.42,COMP,847895,18.00,16.84,1,50.96,4.38,223.20,100,64,377
1149.45,COMP,848653,18.00,16.84,1,51.36,3.61,185.41,100,62,377
1150.45,COMP,849410,18.00,16.84,1,51.17,3.02,154.53,100,62,377
1151.48,COMP,850168,18.00,16.84,1,51.10,4.02,205.42,100,63,377
1152.50,COMP,850926,18.00,16.84,1,51.12,3.84,196.30,100,61,377
1153.50,COMP,851684,18.00,16.84,1,50.55,5.17,261.34,100,65,377
1154.53,COMP,852441,18.00,16.84,1,50.90,4.26,216.83,100,64,377
1155.56,COMP,853199,18.10,16.84,1,50.99,4.38,223.34,100,64,379
1156.58,COMP,853957,18.00,16.84,1,51.01,4.19,213.73,100,63,377
1157.61,COMP,854714,18.10,16.84,1,50.87,4.24,215.69,100,63,379
1158.63,COMP,855472,18.20,16.85,1,50.87,4.64,236.04,100,64,381
1159.66,COMP,856230,18.10,16.85,1,50.75,4.92,249.69,100,65,379
1160.68,COMP,857177,18.00,16.84,1,50.61,6.45,326.43,100,67,377
1161.70,COMP,857935,18.10,16.84,1,50.38,5.92,298.25,100,66,379
1162.73,COMP,858692,18.00,16.85,1,51.12,4.19,214.19,100,63,377
1163.76,COMP,859450,18.00,16.85,1,51.15,3.53,180.56,100,63,377
1164.78,COMP,860208,18.10,16.85,1,50.71,5.38,272.82,100,65,379
1165.80,COMP,860966,18.10,16.85,1,50.85,5.24,266.45,100,64,379
1166.83,COMP,861724,18.00,16.85,1,50.45,9.27,467.67,100,65,377
1167.86,COMP,862481,18.20,16.85,1,50.92,4.77,242.89,100,65,381
1168.89,COMP,863241,18.10,16.85,1,50.83,4.86,247.03,100,65,379
1169.91,COMP,864002,18.10,16.85,1,50.38,5.15,259.46,100,66,379
1170.94,COMP,864764,18.20,16.85,1,50.59,5.97,302.02,100,67,381
1171.96,COMP,865526,18.20,16.85,1,50.52,6.33,319.79,100,66,381
1172.99,COMP,866288,18.10,16.85,1,50.75,5.49,278.62,100,65,379
1174.01,COMP,867050,18.10,16.86,1,51.01,3.71,189.25,100,64,379
1175.03,COMP,867812,18.20,16.86,1,50.75,5.32,269.99,100,65,381
1176.05,COMP,868764,18.10,16.85,1,50.52,6.42,324.34,100,67,379
1177.08,COMP,869526,18.10,16.85,1,51.01,3.45,175.98,100,63,379
1178.12,COMP,870287,18.00,16.86,1,50.62,4.57,231.33,100,65,377
1179.14,COMP,871049,18.20,16.86,1,50.57,5.64,285.21,100,66,381
1180.16,COMP,871811,18.20,16.86,1,50.80,4.99,253.49,100,66,381
1181.18,COMP,872573,18.20,16.86,1,50.71,5.33,270.28,100,66,381
1182.21,COMP,873335,18.20,16.86,1,50.97,6.26,319.07,100,67,381
1183.23,COMP,874096,18.20,16.86,1,51.08,4.27,218.11,100,64,381
1184.25,COMP,874858,18.00,16.86,1,50.94,4.19,213.44,100,65,377
1185.28,COMP,875620,18.20,16.86,1,51.26,2.87,147.12,100,62,381
1186.30,COMP,876381,18.10,16.86,1,50.71,5.68,288.03,100,65,379
1187.32,COMP,877143,18.20,16.86,1,50.83,5.13,260.76,100,65,381
1188.32,COMP,877904,18.10,16.86,1,50.08,6.10,305.49,100,67,379
1189.35,COMP,878666,18.10,16.86,1,51.36,2.58,132.51,100,61,379
1190.37,COMP,879428,18.10,16.87,1,51.05,4.56,232.79,100,63,379
1191.40,COMP,880190,18.00,16.87,1,51.56,1.46,75.28,100,60,377
1192.42,COMP,880951,18.10,16.87,1,50.80,4.84,245.87,100,65,379
1193.44,COMP,881903,18.10,16.86,1,51.31,3.27,167.78,100,62,379
1194.47,COMP,882665,18.20,16.87,1,50.90,4.35,221.42,100,65,381
1195.49,COMP,883427,18.20,16.87,1,50.75,5.56,282.17,100,66,381
1196.51,COMP,884188,18.00,16.87,1,51.43,1.50,77.15,100,61,377
1197.54,COMP,884950,18.10,16.87,1,51.47,1.95,100.37,100,61,379
1198.55,COMP,885712,18.00,16.87,1,51.31,2.78,142.64,100,61,377
1199.57,COMP,886474,18.10,16.87,1,51.68,0.37,19.12,100,59,379
1200.57,COMP,887236,18.10,16.87,1,51.75,0.17,8.80,100,58,379
1201.60,COMP,887998,18.10,16.87,1,51.54,1.49,76.79,100,60,379
1202.62,COMP,888760,18.20,16.87,1,51.22,2.42,123.95,100,62,381
1203.64,COMP,889521,18.20,16.87,1,50.94,4.52,230.25,100,64,381
1204.66,COMP,890283,18.20,16.87,1,50.78,5.01,254.41,100,66,381
1205.67,COMP,891045,18.10,16.87,1,50.85,5.08,258.32,100,64,379
1206.70,COMP,891807,18.10,16.88,1,50.90,6.22,316.60,100,67,379
1207.73,COMP,892568,18.00,16.88,1,50.20,6.29,315.76,100,67,377
1208.74,COMP,893330,18.10,16.88,1,50.03,8.89,444.77,100,70,379
1209.76,COMP,894092,18.20,16.88,1,50.59,6.07,307.08,100,67,381
1210.78,COMP,894853,18.10,16.88,1,50.08,6.20,310.50,100,68,379
1211.80,COMP,895615,18.20,16.88,1,50.80,4.90,248.92,100,65,381
1212.83,COMP,896377,18.10,16.88,1,50.83,4.43,225.18,100,64,379
1213.85,COMP,897329,18.20,16.88,1,50.97,4.51,229.87,100,64,381
1214.88,COMP,898090,18.20,16.88,1,50.50,4.66,235.33,100,66,381
1215.91,COMP,898852,18.20,16.88,1,50.62,5.86,296.63,100,66,381
1216.91,COMP,899614,18.20,16.88,1,50.47,6.63,334.62,100,68,381
1217.94,COMP,900376,18.10,16.88,1,51.57,1.13,58.27,100,60,379
1218.96,COMP,901137,18.20,16.88,1,51.03,3.69,188.30,100,62,381
1219.99,COMP,901899,18.20,16.88,1,50.87,4.27,217.21,100,64,381
1221.01,COMP,902661,18.20,16.88,1,50.61,6.22,314.79,100,67,381
1222.04,COMP,903422,18.20,16.89,1,50.43,5.39,271.82,100,67,381
1223.06,COMP,904184,18.10,16.89,1,51.52,1.26,64.92,100,59,379
1224.08,COMP,904946,18.20,16.89,1,51.19,3.27,167.39,100,63,381
1225.11,COMP,905708,18.10,16.89,1,51.47,1.56,80.29,100,60,379
1226.13,COMP,906470,18.10,16.89,1,50.80,4.38,222.50,100,64,379
1227.16,COMP,907231,18.20,16.89,1,51.01,3.50,178.53,100,64,381
1228.18,COMP,907993,18.10,16.89,1,50.57,6.76,341.85,100,67,379
1229.21,COMP,908754,18.10,16.89,1,50.97,3.97,202.35,100,63,379
1230.23,COMP,909706,18.10,16.89,1,51.54,1.62,83.49,100,60,379
1231.26,COMP,910469,18.10,16.89,1,50.99,4.35,221.81,100,64,379
1232.29,COMP,911231,18.10,16.89,1,50.83,3.95,200.78,100,63,379
1233.31,COMP,911992,18.10,16.89,1,51.19,3.08,157.67,100,63,379
1234.34,COMP,912754,18.20,16.89,1,51.08,3.79,193.59,100,63,381
1235.37,COMP,913516,18.10,16.89,1,51.10,3.98,203.38,100,63,379
1236.39,COMP,914277,18.00,16.90,1,51.05,3.30,168.46,100,64,377
1237.42,COMP,915039,18.10,16.90,1,51.36,2.28,117.10,100,62,379
1238.45,COMP,915801,18.20,16.90,1,50.57,4.84,244.76,100,66,381
1239.48,COMP,916563,18.20,16.90,1,50.80,5.43,275.84,100,65,381
1240.50,COMP,917324,18.20,16.90,1,50.32,5.44,273.74,100,67,381
1241.53,COMP,918086,18.10,16.90,1,50.89,4.34,220.86,100,65,379
1242.55,COMP,918848,18.20,16.90,1,50.97,3.67,187.06,100,64,381
1243.58,COMP,919610,18.10,16.90,1,51.08,3.36,171.63,100,63,379
1244.60,COMP,920562,18.20,16.90,1,51.12,3.02,154.38,100,63,381
1245.62,COMP,921323,18.20,16.90,1,50.27,4.70,236.27,100,66,381
1246.66,COMP,922085,18.10,16.90,1,50.99,4.51,229.96,100,64,379
1247.68,COMP,922847,18.20,16.90,1,51.17,3.14,160.67,100,63,381
1248.71,COMP,923609,18.10,16.90,1,51.56,1.63,84.04,100,61,379
1249.74,COMP,924370,18.10,16.90,1,50.45,5.18,261.33,100,66,379
1250.77,COMP,925132,18.20,16.91,1,51.05,4.22,215.43,100,64,381
1251.79,COMP,925894,18.00,16.91,1,51.59,1.30,67.07,100,60,377
1252.81,COMP,926655,18.10,16.91,1,51.26,3.21,164.54,100,63,379
1253.83,COMP,927417,18.00,16.91,1,51.66,1.57,81.11,100,61,377
1254.86,COMP,928179,18.10,16.91,1,51.42,1.52,78.16,100,61,379
1255.88,COMP,928940,18.20,16.91,1,50.61,5.93,300.12,100,67,381
1256.90,COMP,929702,18.20,16.91,1,51.19,2.88,147.43,100,63,381
1257.93,COMP,930463,18.10,16.91,1,50.97,3.97,202.35,100,64,379
1258.96,COMP,931415,18.00,16.91,1,51.26,3.55,181.97,100,63,377
1259.96,COMP,932177,18.10,16.91,1,51.20,3.20,163.84,100,63,379
1260.99,COMP,932939,18.20,16.91,1,50.99,3.06,156.03,100,63,381
1262.02,COMP,933701,18.20,16.91,1,50.76,5.80,294.41,100,66,381
1263.05,COMP,934463,18.10,16.91,1,50.59,4.32,218.55,100,65,379
1264.07,COMP,935224,18.20,16.91,1,51.03,3.65,186.26,100,64,381
1265.09,COMP,935986,18.10,16.92,1,51.17,3.05,156.07,100,62,379
1266.12,COMP,936747,18.20,16.92,1,50.80,4.58,232.66,100,65,381
1267.14,COMP,937509,18.10,16.92,1,50.75,5.66,287.25,100,65,379
1268.17,COMP,938271,18.20,16.92,1,51.20,3.01,154.11,100,62,381
1269.19,COMP,939033,18.20,16.92,1,50.52,6.40,323.33,100,67,381
1270.20,COMP,939795,18.10,16.92,1,51.29,3.94,202.08,100,64,379
1271.23,COMP,940556,18.00,16.92,1,50.48,6.66,336.20,100,67,377
1272.25,COMP,941318,18.10,16.92,1,50.52,6.01,303.63,100,67,379
1273.28,COMP,942079,18.20,16.92,1,50.32,8.01,403.06,100,68,381
1274.31,COMP,942841,18.00,16.93,1,50.55,6.19,312.90,100,66,377
1275.33,COMP,943792,18.10,16.92,1,50.68,5.12,259.48,100,65,379
1276.36,COMP,944554,18.20,16.92,1,50.62,5.64,285.50,100,66,381
1277.39,COMP,945316,18.10,16.92,1,51.12,2.58,131.89,100,63,379
1278.42,COMP,946078,18.10,16.93,1,50.97,4.22,215.09,100,63,379
1279.42,COMP,946839,18.20,16.93,1,50.87,4.06,206.53,100,63,381
1280.44,COMP,947611,18.80,16.93,0,49.04,13.53,663.51,76,78,394
1281.48,COMP,948421,19.70,16.93,0,49.27,12.86,633.61,72,80,413
1282.50,COMP,949266,20.50,16.93,0,49.27,12.20,601.09,67,82,430
1283.52,COMP,950142,21.20,16.92,0,48.72,11.20,545.66,62,83,444
1284.53,COMP,951043,21.70,16.92,0,49.20,13.32,655.34,75,87,455
1285.55,COMP,951977,22.50,16.92,0,48.65,15.34,746.29,84,92,471
1286.56,COMP,952945,23.10,16.91,0,48.88,12.24,598.29,70,95,484
1287.58,COMP,953916,22.80,16.91,1,51.70,-0.01,-0.52,100,73,478
1288.60,COMP,954873,22.40,16.90,1,51.80,0.09,4.66,100,72,469
1289.61,COMP,955812,22.10,16.90,1,51.73,0.05,2.59,100,71,463
1290.63,COMP,956735,21.70,16.90,1,51.59,0.07,3.61,100,70,455
1291.66,COMP,957655,21.80,16.89,1,51.80,0.02,1.04,100,70,457
1292.67,COMP,958564,21.40,16.89,1,51.68,-0.02,-1.03,100,69,448
1293.69,COMP,959456,21.00,16.89,1,51.71,0.14,7.24,100,67,440
1294.70,COMP,960331,20.70,16.89,1,51.84,0.10,5.18,100,66,434
1295.72,COMP,961193,20.30,16.88,1,51.70,0.06,3.10,100,65,425
1296.74,COMP,962043,20.20,16.88,1,34.56,0.17,5.88,100,100,423
1297.75,COMP,963092,19.90,16.88,1,34.28,0.18,6.17,100,99,417
1298.78,COMP,963921,19.70,16.88,0,34.04,0.15,5.11,95,100,413
1299.82,COMP,964741,19.30,16.88,0,33.38,0.18,6.01,86,100,404
1300.85,COMP,965552,19.30,16.88,0,33.03,0.18,5.95,78,100,404
1301.88,COMP,966351,18.80,16.88,0,32.47,0.17,5.52,76,100,394
1302.88,COMP,967139,18.60,16.88,0,50.80,5.42,275.34,33,68,390
1303.90,COMP,967947,19.60,16.88,0,49.73,10.33,513.71,58,77,411
1304.93,COMP,968779,19.90,16.87,0,50.18,7.04,353.27,40,74,417
1305.94,COMP,969625,20.20,16.87,0,50.04,7.63,381.81,42,75,423
1306.96,COMP,970476,20.20,16.87,0,50.97,4.19,213.56,23,71,423
1307.97,COMP,971319,19.90,16.87,0,51.75,0.00,0.00,0,0,417
1309.00,COMP,972146,19.60,16.87,0,51.75,0.00,0.00,0,0,411
1310.03,COMP,972973,19.60,16.87,0,50.32,8.55,430.24,47,75,411
1311.06,COMP,973822,19.70,16.87,0,49.83,10.40,518.23,60,77,413
1312.08,COMP,974877,20.40,16.86,0,50.71,5.47,277.38,27,72,427
1313.10,COMP,975746,20.90,16.86,0,49.43,12.86,635.67,71,84,438
1314.11,COMP,976640,21.60,16.86,0,48.58,12.50,607.25,67,85,453
1315.13,COMP,977558,22.00,16.85,0,50.03,9.54,477.29,52,83,461
1316.15,COMP,978489,22.30,16.85,0,50.03,8.43,421.75,45,83,467
1317.16,COMP,979433,22.80,16.84,0,49.11,13.50,662.99,76,91,478
1318.18,COMP,980393,22.80,16.84,0,51.54,0.00,0.00,0,0,478
1319.20,COMP,981348,22.50,16.84,1,51.03,5.19,264.85,100,68,471
1320.22,COMP,982293,22.40,16.83,1,51.59,0.02,1.03,100,72,469
1321.25,COMP,983253,23.10,16.83,0,48.64,13.17,640.59,74,92,484
1322.27,COMP,984239,23.80,16.82,1,51.42,5.86,301.32,100,74,499
1323.29,COMP,985222,23.10,16.82,1,51.75,-0.04,-2.07,100,74,484
1324.31,COMP,986186,22.70,16.81,1,51.68,0.01,0.52,100,73,476
1325.33,COMP,987134,22.70,16.81,0,48.44,15.19,735.80,84,92,476
1326.35,COMP,988102,23.00,16.80,1,51.70,0.08,4.14,100,74,482
1327.36,COMP,989058,22.50,16.80,1,51.71,0.08,4.14,100,72,471
1328.38,COMP,989995,22.10,16.79,1,51.59,0.07,3.61,100,71,463
1329.39,COMP,990914,21.60,16.79,1,51.66,0.12,6.20,100,69,453
1330.42,COMP,991813,21.20,16.79,1,51.78,-0.01,-0.52,100,68,444
1331.45,COMP,992694,20.80,16.79,1,51.84,0.05,2.59,100,67,436
1332.46,COMP,993558,20.20,16.78,1,51.71,0.04,2.07,100,65,423
1333.48,COMP,994403,19.90,16.78,1,51.71,0.15,7.76,100,64,417
1334.51,COMP,995436,19.50,16.78,1,51.89,-0.01,-0.52,100,62,409
1335.55,COMP,996263,19.60,16.78,1,51.85,-0.04,-2.07,100,63,411
1336.57,COMP,997080,19.30,16.77,1,51.82,-0.04,-2.07,100,62,404
1337.60,COMP,997882,18.80,16.77,1,51.82,-0.00,-0.00,100,60,394
1338.60,COMP,998688,19.60,16.77,1,48.78,19.12,932.67,100,86,411
1339.63,COMP,999519,19.90,16.77,1,48.11,19.23,925.16,100,87,417
1340.65,COMP,1000373,20.30,16.77,1,51.78,-0.12,-6.21,100,65,425
1341.65,COMP,1001221,20.10,16.77,1,51.73,-0.01,-0.52,100,64,421
1342.67,COMP,1002085,21.00,16.77,1,48.06,19.31,928.04,100,92,440
1343.68,COMP,1002993,21.80,16.76,1,51.70,-0.05,-2.59,100,70,457
1344.70,COMP,1003901,21.40,16.76,1,51.66,0.14,7.23,100,69,448
1345.71,COMP,1004794,21.00,16.76,1,51.75,0.03,1.55,100,67,440
1346.73,COMP,1005670,20.70,16.76,1,51.66,0.07,3.62,100,66,434
1347.75,COMP,1006531,20.20,16.75,1,51.73,0.15,7.76,100,65,423
1348.77,COMP,1007389,20.40,16.75,1,51.61,0.16,8.26,100,66,427
1349.79,COMP,1008245,20.20,16.75,1,51.80,0.03,1.55,100,64,423
1350.81,COMP,1009127,21.40,16.75,1,48.25,18.75,904.69,100,92,448
1351.83,COMP,1010055,22.70,16.74,1,46.72,19.76,923.19,100,96,476
1352.84,COMP,1010994,22.50,16.74,1,47.93,19.52,935.59,100,96,471
1353.86,COMP,1011959,23.00,16.73,1,51.50,0.03,1.55,100,74,482
1354.87,COMP,1012919,22.50,16.73,1,51.73,-0.02,-1.03,100,73,471
1355.89,COMP,1013862,22.10,16.72,1,51.71,0.02,1.03,100,71,463
1356.92,COMP,1015018,21.70,16.71,1,51.59,0.11,5.67,100,70,455
1357.94,COMP,1015924,21.40,16.71,1,51.80,0.00,0.00,100,69,448
1358.95,COMP,1016815,21.00,16.71,1,51.75,0.02,1.04,100,67,440
1359.98,COMP,1017690,20.70,16.71,1,51.82,0.21,10.88,100,66,434
1361.00,COMP,1018548,20.20,16.70,1,51.87,-0.03,-1.56,100,65,423
1362.03,COMP,1019390,19.80,16.70,1,51.80,0.02,1.04,100,63,415
1363.05,COMP,1020217,19.40,16.70,1,51.56,0.07,3.61,100,62,406
1364.07,COMP,1021028,19.10,16.70,1,51.85,0.09,4.67,100,61,400
1365.10,COMP,1021824,18.60,16.70,1,51.87,0.07,3.63,100,60,390
1366.10,COMP,1022605,18.40,16.70,1,51.63,0.13,6.71,100,59,385
1367.13,COMP,1023369,17.90,16.70,1,51.87,0.06,3.11,100,57,375
1368.16,COMP,1024122,17.90,16.70,1,50.66,4.47,226.45,100,66,375
1369.18,COMP,1024876,17.90,16.70,1,50.92,3.89,198.08,100,63,375
1370.21,COMP,1025630,17.90,16.71,1,50.94,3.73,190.01,100,63,375
1371.24,COMP,1026383,17.90,16.71,1,51.52,1.60,82.43,100,59,375
1372.26,COMP,1027137,17.90,16.71,1,51.05,3.63,185.31,100,62,375
1373.29,COMP,1027891,17.80,16.71,1,51.35,1.12,57.51,100,58,373
1374.31,COMP,1028832,17.90,16.70,1,51.36,2.35,120.70,100,61,375
1375.34,COMP,1029586,18.00,16.71,1,51.27,1.63,83.57,100,61,377
1376.37,COMP,1030339,17.90,16.71,1,50.97,3.58,182.47,100,63,375
1377.39,COMP,1031093,17.80,16.71,1,51.59,0.91,46.95,100,59,373
1378.42,COMP,1031846,17.90,16.71,1,51.42,2.23,114.67,100,60,375
1379.44,COMP,1032600,17.90,16.71,1,51.24,2.39,122.46,100,61,375
1380.47,COMP,1033353,17.90,16.71,1,51.31,2.32,119.04,100,61,375
1381.50,COMP,1034108,17.90,16.71,1,51.22,3.35,171.59,100,62,375
1382.50,COMP,1034862,18.00,16.71,1,50.69,4.47,226.58,100,63,377
1383.53,COMP,1035615,17.90,16.72,1,51.10,3.34,170.67,100,63,375
1384.55,COMP,1036369,18.00,16.72,1,50.57,5.88,297.35,100,66,377
1385.58,COMP,1037123,17.90,16.72,1,51.40,2.55,131.07,100,61,375
1386.60,COMP,1037876,17.90,16.72,1,51.13,3.52,179.98,100,62,375
1387.63,COMP,1038629,17.90,16.72,1,50.82,3.85,195.66,100,63,375
1388.65,COMP,1039383,18.00,16.72,1,50.53,6.29,317.83,100,66,377
1389.67,COMP,1040137,17.90,16.72,1,50.66,3.70,187.44,100,63,375
1390.70,COMP,1041078,17.90,16.72,1,51.38,2.25,115.61,100,61,375
1391.73,COMP,1041832,17.70,16.72,1,50.69,3.41,172.85,100,62,371
1392.73,COMP,1042585,17.90,16.72,1,51.47,1.64,84.41,100,60,375
1393.76,COMP,1043338,17.90,16.72,1,51.24,2.67,136.81,100,61,375
1394.78,COMP,1044092,17.90,16.72,1,51.38,2.12,108.93,100,60,375
1395.80,COMP,1044845,17.90,16.72,1,51.08,3.05,155.79,100,63,375
1396.83,COMP,1045599,17.90,16.73,1,51.10,4.63,236.59,100,64,375
1397.85,COMP,1046352,17.90,16.73,1,51.15,3.55,181.58,100,62,375
1398.87,COMP,1047105,17.90,16.73,1,51.54,0.62,31.95,100,58,375
1399.89,COMP,1047859,17.90,16.73,1,51.13,2.46,125.78,100,62,375
1400.92,COMP,1048613,18.00,16.73,1,51.08,2.47,126.17,100,63,377
1401.95,COMP,1049367,17.90,16.73,1,51.64,0.39,20.14,100,58,375
1402.96,COMP,1050120,18.00,16.73,1,51.50,1.57,80.86,100,61,377
1403.98,COMP,1050874,17.90,16.73,1,51.70,0.85,43.95,100,58,375
1405.01,COMP,1051628,17.90,16.74,1,51.57,1.20,61.88,100,58,375
1406.03,COMP,1052382,17.90,16.74,1,51.82,0.17,8.81,100,56,375
1407.06,COMP,1053135,18.00,16.74,1,51.38,2.67,137.18,100,61,377
1408.08,COMP,1053889,17.90,16.74,1,50.96,2.46,125.36,100,61,375
1409.10,COMP,1054830,17.90,16.73,1,50.99,3.40,173.37,100,63,375
1410.13,COMP,1055583,17.90,16.74,1,50.64,4.12,208.64,100,64,375
1411.15,COMP,1056338,18.00,16.74,1,50.75,4.31,218.73,100,65,377
1412.18,COMP,1057091,17.90,16.74,1,50.96,3.83,195.18,100,63,375
1413.19,COMP,1057845,17.80,16.74,1,51.26,2.50,128.15,100,62,373
1414.22,COMP,1058598,17.90,16.74,1,51.71,0.15,7.76,100,57,375
1415.24,COMP,1059352,17.90,16.74,1,51.03,3.60,183.71,100,63,375
1416.26,COMP,1060105,17.90,16.74,1,51.17,3.12,159.65,100,62,375
1417.28,COMP,1060859,17.90,16.74,1,51.40,1.85,95.09,100,61,375
1418.30,COMP,1061613,17.90,16.75,1,50.68,5.52,279.75,100,65,375
1419.33,COMP,1062366,17.90,16.75,1,50.48,5.93,299.35,100,66,375
1420.35,COMP,1063120,18.00,16.75,1,50.99,3.76,191.72,100,63,377
1421.37,COMP,1063874,18.00,16.75,1,51.17,4.12,210.82,100,64,377
1422.40,COMP,1064627,17.90,16.75,1,50.87,4.64,236.04,100,64,375
1423.42,COMP,1065381,18.00,16.75,1,50.71,4.06,205.88,100,63,377
1424.44,COMP,1066136,18.10,16.75,1,51.08,2.53,129.23,100,62,379
1425.47,COMP,1066895,18.00,16.76,1,51.24,1.97,100.94,100,61,377
1426.50,COMP,1067842,18.20,16.75,1,50.68,5.93,300.53,100,65,381
1427.53,COMP,1068600,17.80,16.75,1,51.66,0.75,38.74,100,58,373
1428.55,COMP,1069359,18.10,16.75,1,50.99,3.04,155.01,100,62,379
1429.58,COMP,1070117,18.10,16.75,1,51.01,2.99,152.52,100,63,379
1430.60,COMP,1070875,18.10,16.76,1,50.71,4.48,227.18,100,65,379
1431.63,COMP,1071633,18.00,16.76,1,51.27,2.55,130.74,100,61,377
1432.66,COMP,1072391,18.00,16.76,1,51.10,3.62,184.98,100,63,377
1433.66,COMP,1073149,18.00,16.76,1,51.42,0.93,47.82,100,60,377
1434.69,COMP,1073907,18.10,16.76,1,50.59,4.85,245.36,100,64,379
1435.71,COMP,1074666,18.00,16.76,1,51.36,2.07,106.32,100,61,377
1436.73,COMP,1075424,18.10,16.76,1,50.94,4.19,213.44,100,64,379
1437.76,COMP,1076183,18.10,16.76,1,51.13,2.85,145.72,100,62,379
1438.78,COMP,1076941,18.10,16.77,1,50.89,3.90,198.47,100,63,379
1439.80,COMP,1077699,18.10,16.77,1,51.17,2.81,143.79,100,62,379
1440.81,COMP,1078457,18.00,16.77,1,51.49,0.78,40.16,100,59,377
1441.83,COMP,1079216,18.00,16.77,1,51.71,0.77,39.82,100,57,377
1442.84,COMP,1079974,18.00,16.77,1,51.66,1.09,56.31,100,59,377
1443.84,COMP,1080732,18.10,16.77,1,51.91,-0.00,-0.00,100,58,379
1444.86,COMP,1081490,18.00,16.77,1,51.08,3.84,196.15,100,63,377
1445.89,COMP,1082437,18.00,16.77,1,51.05,3.04,155.19,100,62,377
1446.92,COMP,1083196,18.10,16.77,1,51.40,2.46,126.44,100,61,379
1447.95,COMP,1083955,18.10,16.77,1,51.05,2.80,142.94,100,63,379
1448.97,COMP,1084713,18.10,16.77,1,51.85,0.33,17.11,100,58,379
1450.00,COMP,1085471,18.10,16.77,1,51.24,2.04,104.53,100,63,379
1451.03,COMP,1086229,18.00,16.77,1,50.85,3.91,198.82,100,64,377
1452.05,COMP,1086987,18.10,16.77,1,50.52,4.24,214.20,100,65,379
1453.08,COMP,1087745,18.10,16.78,1,51.12,3.12,159.49,100,62,379
1454.08,COMP,1088503,18.00,16.78,1,50.90,2.95,150.16,100,63,377
1455.11,COMP,1089262,18.00,16.78,1,51.22,2.47,126.51,100,62,377
1456.13,COMP,1090020,18.00,16.78,1,50.83,4.33,220.09,100,65,377
1457.16,COMP,1090778,18.00,16.78,1,50.25,6.05,304.01,100,67,377
1458.18,COMP,1091537,18.00,16.78,1,50.41,5.32,268.18,100,65,377
1459.20,COMP,1092295,18.00,16.78,1,50.68,5.98,303.07,100,66,377
1460.23,COMP,1093053,18.00,16.78,1,50.82,4.71,239.36,100,64,377
1461.25,COMP,1093811,17.90,16.79,1,50.66,5.52,279.64,100,65,375
1462.28,COMP,1094759,18.10,16.78,1,50.27,6.89,346.36,100,68,379
1463.31,COMP,1095517,17.90,16.78,1,50.50,5.12,258.56,100,65,375
1464.31,COMP,1096276,18.10,16.78,1,50.48,5.65,285.21,100,66,379
1465.34,COMP,1097034,17.90,16.78,1,50.61,5.44,275.32,100,66,375
1466.37,COMP,1097793,18.10,16.79,1,50.18,7.51,376.85,100,68,379
1467.39,COMP,1098551,17.90,16.79,1,50.76,3.45,175.12,100,63,375
1468.42,COMP,1099309,18.10,16.79,1,50.38,6.16,310.34,100,66,379
1469.44,COMP,1100067,17.90,16.79,1,50.73,4.47,226.76,100,64,375
1470.47,COMP,1100825,18.10,16.79,1,50.45,5.26,265.37,100,66,379
1471.50,COMP,1101585,18.10,16.79,1,50.76,5.87,297.96,100,66,379
1472.52,COMP,1102343,18.10,16.79,1,50.61,4.98,252.04,100,65,379
1473.52,COMP,1103101,17.90,16.80,1,51.01,3.18,162.21,100,62,375
1474.54,COMP,1103859,18.10,16.80,1,50.36,5.89,296.62,100,67,379
1475.57,COMP,1104618,18.10,16.80,1,51.01,3.45,175.98,100,62,379
1476.59,COMP,1105376,18.10,16.80,1,50.75,4.80,243.60,100,64,379
1477.62,COMP,1106134,18.10,16.80,1,50.96,3.49,177.85,100,63,379
1478.65,COMP,1106892,18.00,16.80,1,50.90,4.03,205.13,100,64,377
1479.67,COMP,1107840,18.00,16.80,1,51.05,2.81,143.45,100,63,377
1480.70,COMP,1108598,18.10,16.80,1,51.01,3.63,185.17,100,63,379
1481.73,COMP,1109356,18.00,16.80,1,50.73,4.92,249.59,100,64,377
1482.75,COMP,1110114,18.00,16.80,1,50.36,5.15,259.35,100,65,377
1483.78,COMP,1110873,18.00,16.80,1,50.55,5.15,260.33,100,65,377
1484.80,COMP,1111631,18.10,16.80,1,50.38,5.84,294.22,100,66,379
1485.83,COMP,1112389,18.00,16.81,1,50.01,6.91,345.57,100,67,377
1486.85,COMP,1113148,18.10,16.81,1,50.59,4.72,238.78,100,65,379
1487.87,COMP,1113906,18.00,16.81,1,50.06,7.51,375.95,100,69,377
1488.90,COMP,1114665,18.00,16.81,1,51.17,2.28,116.67,100,61,377
1489.92,COMP,1115423,18.00,16.81,1,50.34,6.32,318.15,100,67,377
1490.95,COMP,1116181,18.00,16.81,1,51.19,1.23,62.96,100,60,377
1491.97,COMP,1116939,18.00,16.81,1,50.57,4.81,243.24,100,65,377
1493.00,COMP,1117697,18.10,16.82,1,50.61,4.94,250.01,100,65,379
1494.03,COMP,1118455,18.00,16.82,1,50.15,6.20,310.93,100,67,377
1495.05,COMP,1119403,18.00,16.81,1,50.68,4.13,209.31,100,64,377
1496.07,COMP,1120161,18.00,16.81,1,50.03,5.94,297.18,100,67,377
1497.10,COMP,1120920,18.00,16.82,1,50.80,3.99,202.69,100,63,377
1498.13,COMP,1121678,18.00,16.82,1,50.48,5.38,271.58,100,65,377
1499.16,COMP,1122436,18.00,16.82,1,49.67,7.94,394.38,100,70,377
1500.18,COMP,1123195,18.00,16.82,1,50.01,5.70,285.06,100,66,377
1501.21,COMP,1123953,18.10,16.82,1,49.78,6.29,313.12,100,68,379
1502.24,COMP,1124712,18.00,16.82,1,50.11,7.94,397.87,100,68,377
1503.26,COMP,1125470,18.00,16.82,1,51.05,2.84,144.98,100,62,377
1504.29,COMP,1126228,18.10,16.83,1,50.87,3.13,159.22,100,62,379
1505.32,COMP,1126986,17.90,16.83,1,51.08,1.23,62.83,100,60,375
1506.35,COMP,1127745,18.10,16.83,1,51.68,-0.02,-1.03,100,58,379
1507.37,COMP,1128504,17.90,16.83,1,50.94,1.20,61.13,100,63,375
1508.40,COMP,1129265,18.10,16.83,1,51.59,0.46,23.73,100,58,379
1509.42,COMP,1130214,18.10,16.83,1,51.08,3.84,196.15,100,63,379
1510.42,COMP,1130972,18.00,16.83,1,50.57,5.11,258.41,100,65,377
1511.44,COMP,1131731,18.10,16.83,1,50.11,7.86,393.86,100,68,379
1512.46,COMP,1132489,18.10,16.83,1,49.94,8.05,402.02,100,69,379
1513.49,COMP,1133247,18.00,16.83,1,50.27,6.18,310.67,100,67,377
1514.51,COMP,1134006,18.10,16.83,1,50.83,5.42,275.50,100,65,379
1515.53,COMP,1134764,18.00,16.83,1,50.55,5.32,268.93,100,66,377
1516.55,COMP,1135522,18.10,16.84,1,50.53,5.00,252.65,100,65,379
1517.58,COMP,1136280,18.00,16.84,1,50.20,7.25,363.95,100,67,377
1518.60,COMP,1137039,18.10,16.84,1,51.03,3.21,163.81,100,63,379
1519.62,COMP,1137797,18.00,16.84,1,50.59,5.22,264.08,100,65,377
1520.65,COMP,1138555,18.00,16.84,1,50.83,3.74,190.10,100,63,377
1521.67,COMP,1139313,18.00,16.84,1,50.83,2.99,151.98,100,63,377
1522.70,COMP,1140072,18.10,16.85,1,51.22,1.96,100.39,100,61,379
1523.72,COMP,1140830,18.10,16.85,1,50.50,5.34,269.67,100,66,379
1524.75,COMP,1141588,18.20,16.85,1,50.82,4.63,235.30,100,63,381
1525.75,COMP,1142348,18.10,16.85,1,50.80,4.49,228.09,100,64,379
1526.78,COMP,1143108,18.00,16.85,1,50.43,6.03,304.09,100,66,377
1527.80,COMP,1143868,18.10,16.85,1,49.92,6.80,339.46,100,68,379
1528.82,COMP,1144821,18.20,16.85,1,49.34,10.69,527.44,100,73,381
1529.85,COMP,1145583,18.10,16.85,1,50.15,6.09,305.41,100,67,379
1530.88,COMP,1146344,17.90,16.85,1,48.97,9.69,474.52,100,71,375
1531.91,COMP,1147105,18.20,16.85,1,50.34,6.22,313.11,100,65,381
1532.93,COMP,1147867,18.20,16.85,1,49.88,7.28,363.13,100,68,381
1533.95,COMP,1148630,18.20,16.85,1,50.68,3.65,184.98,100,64,381
1534.98,COMP,1149392,18.20,16.86,1,50.61,4.44,224.71,100,64,381
1535.98,COMP,1150154,18.20,16.86,1,50.59,4.02,203.37,100,65,381
1537.01,COMP,1150917,18.20,16.86,1,50.61,4.38,221.67,100,65,381
1538.03,COMP,1151679,18.20,16.86,1,50.92,2.66,135.45,100,62,381
1539.06,COMP,1152442,18.20,16.86,1,51.01,2.68,136.71,100,62,381
1540.08,COMP,1153204,18.00,16.86,1,50.40,3.61,181.94,100,63,377
1541.10,COMP,1153966,18.20,16.86,1,50.53,4.70,237.49,100,66,381
1542.13,COMP,1154728,18.20,16.87,1,50.85,2.79,141.87,100,63,381
1543.15,COMP,1155490,18.10,16.87,1,50.57,4.82,243.75,100,65,379
1544.18,COMP,1156252,18.10,16.87,1,50.48,4.59,231.70,100,65,379
1545.20,COMP,1157205,18.00,16.86,1,51.17,1.82,93.13,100,61,377
1546.22,COMP,1157967,18.20,16.86,1,50.76,3.27,165.99,100,63,381
1547.24,COMP,1158729,18.10,16.87,1,50.48,4.51,227.66,100,65,379
1548.27,COMP,1159491,18.10,16.87,1,50.69,3.94,199.72,100,64,379
1549.29,COMP,1160253,18.10,16.87,1,50.82,2.56,130.10,100,63,379
1550.32,COMP,1161015,18.20,16.87,1,50.34,4.56,229.55,100,66,381
1551.34,COMP,1161778,18.20,16.87,1,50.25,6.61,332.15,100,68,381
1552.37,COMP,1162540,18.20,16.87,1,50.31,5.78,290.79,100,67,381
1553.39,COMP,1163302,18.10,16.88,1,50.73,3.86,195.82,100,64,379
1554.42,COMP,1164065,18.20,16.88,1,50.80,3.40,172.72,100,63,381
1555.44,COMP,1164827,18.20,16.88,1,50.52,4.93,249.06,100,65,381
1556.47,COMP,1165589,18.20,16.88,1,50.48,4.66,235.24,100,66,381
1557.49,COMP,1166351,18.20,16.88,1,50.13,6.35,318.33,100,68,381
1558.51,COMP,1167113,18.20,16.88,1,50.53,4.70,237.49,100,65,381
1559.54,COMP,1167875,18.10,16.89,1,49.88,5.99,298.78,100,67,379
1560.57,COMP,1168638,18.10,16.89,1,50.83,3.41,173.33,100,63,379
1561.59,COMP,1169591,18.20,16.88,1,51.13,2.10,107.37,100,62,381
1562.62,COMP,1170353,18.10,16.88,1,50.80,3.68,186.94,100,64,379
1563.65,COMP,1171116,18.10,16.88,1,50.96,2.75,140.14,100,62,379
1564.68,COMP,1171878,18.10,16.89,1,50.75,5.29,268.47,100,65,379
1565.71,COMP,1172640,18.20,16.89,1,50.76,3.50,177.66,100,64,381
1566.74,COMP,1173402,18.20,16.89,1,50.43,5.35,269.80,100,66,381
1567.76,COMP,1174164,18.20,16.89,1,50.11,6.48,324.71,100,68,381
1568.78,COMP,1174926,18.20,16.89,1,49.88,8.04,401.04,100,69,381
1569.81,COMP,1175689,18.20,16.90,1,50.47,5.74,289.70,100,66,381
1570.83,COMP,1176450,18.20,16.90,1,49.16,8.27,406.55,100,70,381
1571.86,COMP,1177213,18.10,16.90,1,50.01,7.24,362.07,100,68,379
1572.88,COMP,1177975,18.10,16.90,1,50.18,5.86,294.05,100,66,379
1573.90,COMP,1178737,18.00,16.90,1,49.88,6.06,302.27,100,67,377
1574.93,COMP,1179500,18.20,16.90,1,50.08,6.85,343.05,100,68,381
1575.96,COMP,1180452,18.20,16.90,1,50.17,6.72,337.14,100,68,381
1576.99,COMP,1181214,18.10,16.90,1,50.27,5.97,300.11,100,67,379
1578.02,COMP,1181976,18.20,16.90,1,50.53,4.97,251.13,100,64,381
1579.04,COMP,1182739,18.10,16.90,1,50.83,2.22,112.84,100,61,379
1580.07,COMP,1183501,18.10,16.90,1,50.75,2.51,127.38,100,63,379
1581.10,COMP,1184263,18.20,16.91,1,50.25,4.09,205.52,100,66,381
1582.12,COMP,1185025,18.10,16.91,1,50.01,6.34,317.06,100,67,379
1583.12,COMP,1185787,18.20,16.91,1,49.87,6.12,305.20,100,67,381
1584.14,COMP,1186550,18.20,16.91,1,50.11,6.10,305.67,100,68,381
1585.17,COMP,1187312,18.10,16.91,1,49.64,7.88,391.16,100,69,379
1586.20,COMP,1188075,18.20,16.91,1,50.25,5.43,272.86,100,67,381
1587.20,COMP,1188837,18.10,16.92,1,49.62,8.26,409.86,100,71,379
1588.23,COMP,1189599,18.20,16.92,1,49.76,6.67,331.90,100,68,381
1589.25,COMP,1190361,18.10,16.92,1,49.51,6.97,345.08,100,69,379
1590.28,COMP,1191124,18.10,16.92,1,50.61,4.75,240.40,100,65,379
1591.30,COMP,1191886,18.20,16.92,1,49.48,9.30,460.16,100,71,381
1592.33,COMP,1192649,18.10,16.92,1,50.83,3.12,158.59,100,63,379
1593.35,COMP,1193602,18.20,16.92,1,50.41,5.82,293.39,100,66,381
1594.37,COMP,1194364,18.20,16.92,1,49.88,6.98,348.16,100,69,381
1595.41,COMP,1195126,18.20,16.92,1,49.78,7.73,384.80,100,69,381
1596.44,COMP,1195889,18.20,16.92,1,50.80,3.03,153.92,100,62,381
1597.45,COMP,1196651,18.10,16.93,1,50.57,4.23,213.91,100,63,379
1598.47,COMP,1197413,18.20,16.93,1,50.11,6.36,318.70,100,67,381
1599.50,COMP,1198175,18.20,16.93,1,50.04,5.96,298.24,100,67,381
1600.53,COMP,1198937,18.10,16.93,1,50.17,6.09,305.54,100,67,379
1601.55,COMP,1199699,18.20,16.93,1,49.97,7.07,353.29,100,67,381
1602.58,COMP,1200461,18.10,16.93,1,50.03,5.47,273.66,100,66,379
1603.60,COMP,1201224,18.10,16.94,1,50.29,5.48,275.59,100,67,379
1604.62,COMP,1201986,18.10,16.94,1,50.29,4.80,241.39,100,66,379
1605.65,COMP,1202748,18.10,16.94,1,50.69,3.60,182.48,100,63,379
1606.65,COMP,1203511,18.20,16.94,1,50.61,3.94,199.40,100,64,381
1607.67,COMP,1204273,18.10,16.94,1,50.68,3.53,178.90,100,64,379
1608.69,COMP,1205035,18.20,16.94,1,49.32,9.88,487.28,100,72,381
1609.71,COMP,1205797,18.20,16.95,1,49.76,6.90,343.34,100,69,381
1610.74,COMP,1206560,18.20,16.95,1,50.59,3.69,186.68,100,64,381
1611.76,COMP,1207512,18.10,16.94,1,50.01,6.36,318.06,100,68,379
1612.79,COMP,1208276,18.20,16.94,1,50.41,3.81,192.06,100,64,381
1613.82,COMP,1209040,18.10,16.95,1,49.81,5.80,288.90,100,67,379
1614.85,COMP,1209802,18.00,16.95,1,49.87,5.57,277.78,100,67,377
1615.87,COMP,1210565,18.20,16.95,1,49.92,6.87,342.95,100,68,381
1616.90,COMP,1211329,18.20,16.95,1,49.85,6.68,333.00,100,69,381
1617.92,COMP,1212096,18.20,16.95,1,50.17,6.03,302.53,100,67,381
1618.94,COMP,1212862,18.20,16.96,1,50.20,5.86,294.17,100,66,381
1619.97,COMP,1213629,18.20,16.96,1,50.55,5.03,254.27,100,66,381
1620.97,COMP,1214395,18.20,16.96,1,49.59,8.03,398.21,100,70,381
1622.00,COMP,1215163,18.10,16.96,1,50.29,4.59,230.83,100,65,379
1623.02,COMP,1215929,18.20,16.96,1,49.96,6.13,306.25,100,67,381
1624.04,COMP,1216696,18.20,16.96,1,50.24,4.00,200.96,100,67,381
1625.07,COMP,1217463,18.20,16.97,1,50.10,6.32,316.63,100,67,381
1626.09,COMP,1218229,18.20,16.97,1,50.15,5.61,281.34,100,67,381
1627.12,COMP,1218996,18.20,16.97,1,50.47,5.32,268.50,100,65,381
1628.14,COMP,1219954,18.20,16.96,1,50.11,6.72,336.74,100,68,381
1629.17,COMP,1220720,18.20,16.96,1,49.81,6.30,313.80,100,68,381
1630.20,COMP,1221487,18.10,16.97,1,50.25,4.84,243.21,100,66,379
1631.22,COMP,1222254,18.20,16.97,1,50.17,4.36,218.74,100,65,381
1632.25,COMP,1223020,18.10,16.97,1,50.45,4.47,225.51,100,64,379
1633.28,COMP,1223786,18.20,16.97,1,49.83,8.09,403.12,100,68,381
1634.30,COMP,1224553,18.20,16.97,1,50.38,3.52,177.34,100,66,381
1635.32,COMP,1225319,18.20,16.98,1,50.68,3.72,188.53,100,63,381
1636.35,COMP,1226086,18.20,16.98,1,50.43,4.53,228.45,100,65,381
1637.38,COMP,1226853,18.20,16.98,1,50.13,4.98,249.65,100,66,381
1638.38,COMP,1227619,18.20,16.98,1,50.41,4.78,240.96,100,66,381
1639.40,COMP,1228385,18.20,16.98,1,50.55,3.38,170.86,100,64,381
1640.42,COMP,1229152,18.20,16.98,1,50.41,5.15,259.61,100,65,381
1641.44,COMP,1229918,18.20,16.99,1,50.48,3.51,177.18,100,64,381
1642.47,COMP,1230685,18.20,16.99,1,50.15,6.05,303.41,100,67,381
1643.49,COMP,1231452,18.20,16.99,1,49.99,5.27,263.45,100,66,381
1644.51,COMP,1232218,18.20,16.99,1,50.22,4.64,233.02,100,66,381
1645.55,COMP,1233196,19.10,16.98,0,48.48,15.93,772.29,88,81,400
1646.58,COMP,1234015,19.80,16.98,0,48.60,16.96,824.26,94,85,415
1647.61,COMP,1234868,20.80,16.98,0,48.02,16.70,801.93,93,88,436
1648.63,COMP,1235754,21.40,16.98,0,48.72,16.79,818.01,94,90,448
1649.65,COMP,1236667,21.70,16.97,1,51.03,0.11,5.61,100,70,455
1650.67,COMP,1237588,21.70,16.97,1,51.22,0.02,1.02,100,71,455
1651.69,COMP,1238502,21.70,16.96,1,51.22,0.11,5.63,100,70,455
1652.70,COMP,1239403,21.00,16.96,1,51.10,0.05,2.56,100,68,440
1653.72,COMP,1240276,20.40,16.95,1,51.31,0.11,5.64,100,66,427
1654.74,COMP,1241124,19.80,16.95,1,51.31,0.26,13.34,100,64,415
1655.77,COMP,1241980,20.80,16.95,1,47.86,18.61,890.67,100,90,436
1656.78,COMP,1242873,21.60,16.94,1,47.56,18.58,883.66,100,93,453
1657.80,COMP,1243802,22.50,16.94,1,47.53,19.13,909.25,100,96,471
1658.80,COMP,1244744,22.20,16.93,1,50.22,10.93,548.90,100,75,465
1659.81,COMP,1245668,21.60,16.92,1,51.29,0.24,12.31,100,70,453
1660.83,COMP,1246569,21.20,16.92,1,51.29,0.07,3.59,100,69,444
1661.84,COMP,1247447,20.50,16.91,1,51.27,0.13,6.67,100,67,430
1662.86,COMP,1248302,20.10,16.91,1,51.24,0.13,6.66,100,65,421
1663.89,COMP,1249135,19.50,16.91,1,51.29,0.08,4.10,100,63,409
1664.92,COMP,1249948,19.20,16.91,1,51.12,0.15,7.67,100,62,402
1665.94,COMP,1250937,19.00,16.90,1,48.13,18.33,882.22,100,84,398
1666.95,COMP,1251745,19.10,16.90,1,32.61,0.17,5.54,100,100,400
1667.99,COMP,1252534,18.40,16.90,1,31.80,0.17,5.41,100,100,385
1669.00,COMP,1253300,17.90,16.90,0,30.82,0.15,4.62,94,100,375
1670.03,COMP,1254044,17.50,16.91,0,29.85,0.17,5.07,87,100,367
1671.06,COMP,1254768,17.00,16.91,0,29.29,0.10,2.93,76,100,356
1672.09,COMP,1255474,16.60,16.92,0,28.57,0.16,4.57,71,100,348
1673.11,COMP,1256165,16.30,16.92,0,27.79,0.11,3.06,94,100,341
1674.14,COMP,1256844,16.30,16.93,0,48.78,14.19,692.19,78,70,341
1675.17,COMP,1257549,17.20,16.93,0,48.65,14.32,696.67,78,73,360
1676.20,COMP,1258289,18.10,16.94,0,48.56,13.97,678.38,76,76,379
1677.22,COMP,1259061,18.70,16.94,0,47.81,14.12,675.08,77,78,392
1678.22,COMP,1259865,19.50,16.94,0,48.23,13.47,649.66,74,80,409
1679.24,COMP,1260698,20.20,16.94,0,48.67,13.14,639.52,72,82,423
1680.26,COMP,1261553,20.50,16.93,0,48.79,12.15,592.80,67,82,430
1681.29,COMP,1262649,21.00,16.92,0,49.01,12.94,634.19,70,85,440
1682.30,COMP,1263547,21.70,16.91,0,48.97,11.89,582.25,65,86,455
1683.32,COMP,1264463,21.80,16.91,0,48.78,11.29,550.73,63,86,457
1684.35,COMP,1265394,22.30,16.90,0,49.08,11.28,553.62,62,87,467
1685.36,COMP,1266337,22.50,16.89,0,48.94,10.96,536.38,61,88,471
1686.38,COMP,1267296,23.00,16.88,0,48.78,11.27,549.75,62,90,482
1687.40,COMP,1268270,23.50,16.87,0,48.65,13.91,676.72,77,94,492
1688.42,COMP,1269265,24.00,16.86,0,48.21,15.32,738.58,84,96,503
1689.43,COMP,1270277,24.00,16.85,1,51.08,0.10,5.11,100,78,503
1690.45,COMP,1271274,23.80,16.84,1,48.13,17.02,819.17,100,100,499
1691.47,COMP,1272266,23.80,16.83,1,48.16,16.46,792.71,100,100,499
1692.49,COMP,1273254,23.10,16.82,1,51.38,0.08,4.11,100,75,484
1693.50,COMP,1274218,22.50,16.81,1,50.94,0.18,9.17,100,74,471
1694.52,COMP,1275157,22.10,16.81,1,51.01,0.06,3.06,100,72,463
1695.54,COMP,1276072,21.40,16.80,1,51.36,0.10,5.14,100,70,448
1696.55,COMP,1276967,21.00,16.79,0,36.18,0.18,6.51,98,100,440
1697.57,COMP,1277839,20.50,16.79,1,35.28,0.21,7.41,100,98,430
1698.59,COMP,1278690,20.10,16.79,1,34.69,0.14,4.86,100,100,421
1699.60,COMP,1279519,19.50,16.78,0,33.68,0.15,5.05,98,100,409
1700.62,COMP,1280331,19.20,16.78,0,33.21,0.11,3.65,90,100,402
1701.65,COMP,1281128,18.60,16.78,0,32.51,0.13,4.23,91,100,390
1702.67,COMP,1281908,18.30,16.78,0,31.71,0.15,4.76,88,100,383
1703.70,COMP,1282894,18.60,16.77,1,36.02,10.63,382.89,100,90,390
1704.73,COMP,1283686,18.60,16.77,0,32.03,0.17,5.45,85,100,390
1705.76,COMP,1284465,18.30,16.78,0,31.75,0.14,4.45,76,100,383
1706.79,COMP,1285231,18.20,16.78,0,31.27,0.16,5.00,73,100,381
1707.81,COMP,1285986,17.80,16.78,0,31.17,0.08,2.49,70,100,373
1708.82,COMP,1286727,17.50,16.78,0,30.17,0.13,3.92,5,100,367
1709.82,COMP,1287460,17.40,16.78,1,29.87,0.13,3.88,100,100,365
1710.85,COMP,1288185,17.20,16.79,0,49.39,10.98,542.30,68,69,360
1711.85,COMP,1288922,17.70,16.79,0,49.29,11.52,567.82,64,72,371
1712.88,COMP,1289683,18.30,16.79,0,47.93,12.73,610.15,68,76,383
1713.91,COMP,1290470,19.10,16.79,0,49.36,10.08,497.55,61,75,400
1714.91,COMP,1291281,19.50,16.79,0,48.21,13.13,633.00,72,80,409
1715.94,COMP,1292117,20.10,16.79,0,48.65,14.50,705.43,78,83,421
1716.96,COMP,1292970,20.40,16.79,0,48.97,13.52,662.07,74,84,427
1717.98,COMP,1293836,20.90,16.78,0,48.18,13.53,651.88,74,85,438
1719.01,COMP,1294718,21.20,16.78,0,48.72,12.55,611.44,68,85,444
1720.01,COMP,1295614,21.30,16.77,0,48.92,11.14,544.97,60,84,446
1721.03,COMP,1296521,21.60,16.77,0,49.57,7.55,374.25,41,81,453
1722.05,COMP,1297425,21.40,16.76,0,49.90,4.42,220.56,26,76,448
1723.06,COMP,1298317,21.00,16.75,0,51.05,0.00,0.00,0,0,440
1724.08,COMP,1299186,20.40,16.75,0,51.12,0.00,0.00,0,0,427
1725.09,COMP,1300247,19.90,16.73,0,51.13,0.00,0.00,0,0,417
1726.11,COMP,1301078,19.60,16.73,0,51.03,0.00,0.00,0,0,411
1727.14,COMP,1301892,19.20,16.73,0,51.17,0.11,5.63,15,15,402
1728.17,COMP,1302723,19.60,16.73,0,49.06,12.48,612.27,67,80,411
1729.19,COMP,1303559,20.20,16.73,0,47.93,12.52,600.08,70,82,423
1730.22,COMP,1304419,20.80,16.72,0,48.58,11.40,553.81,62,82,436
1731.24,COMP,1305300,21.20,16.72,0,48.55,11.33,550.07,62,84,444
1732.25,COMP,1306201,21.70,16.71,0,48.88,11.39,556.74,65,86,455
1733.27,COMP,1307118,21.80,16.70,0,51.01,0.00,0.00,0,0,457
1734.28,COMP,1308024,21.40,16.70,0,51.10,0.00,0.00,0,0,448
1735.30,COMP,1308931,21.20,16.69,0,49.59,7.67,380.36,42,79,444
1736.31,COMP,1309824,21.60,16.68,0,49.25,9.64,474.77,54,83,453
1737.32,COMP,1310730,21.70,16.68,0,49.23,9.50,467.69,54,84,455
1738.34,COMP,1311647,21.80,16.67,0,50.20,3.87,194.27,23,77,457
1739.36,COMP,1312566,21.80,16.66,0,49.51,5.70,282.21,30,79,457
1740.36,COMP,1313481,21.70,16.65,0,50.13,4.96,248.64,30,78,455
1741.38,COMP,1314446,21.60,16.64,0,50.87,1.32,67.15,16,71,453
1742.39,COMP,1315346,21.40,16.63,0,50.27,4.64,233.25,27,76,448
1743.41,COMP,1316243,21.30,16.63,0,50.41,3.52,177.44,22,75,446
1744.42,COMP,1317138,21.30,16.62,0,50.01,5.95,297.56,32,78,446
1745.44,COMP,1318059,21.00,16.61,0,50.99,0.87,44.36,17,61,440
1746.46,COMP,1318953,20.70,16.60,0,51.15,0.01,0.51,8,3,434
1747.48,COMP,1320185,20.40,16.58,0,50.61,2.43,122.98,14,70,427
1748.49,COMP,1321036,20.30,16.57,0,50.38,4.09,206.05,23,72,425
1749.51,COMP,1321884,20.10,16.57,0,50.27,4.44,223.20,25,72,421
1750.54,COMP,1322730,20.20,16.57,0,50.06,5.70,285.34,30,74,423
1751.55,COMP,1323577,20.20,16.56,0,50.27,5.17,259.90,26,73,423
1752.57,COMP,1324426,20.20,16.56,0,50.01,6.55,327.57,33,74,423
1753.59,COMP,1325278,20.50,16.55,0,49.04,9.15,448.72,50,79,430
1754.60,COMP,1326139,20.30,16.55,0,51.10,0.00,0.00,0,0,425
1755.62,COMP,1326998,20.10,16.54,0,51.19,0.02,1.02,8,4,421
1756.63,COMP,1327834,19.70,16.54,0,51.15,0.00,0.00,0,0,413
1757.65,COMP,1328733,19.60,16.53,0,49.69,8.02,398.51,45,75,411
1758.67,COMP,1329570,20.20,16.53,0,48.49,9.39,455.32,52,78,423
1759.69,COMP,1330423,20.50,16.52,0,49.44,9.38,463.75,52,79,430
1760.70,COMP,1331292,20.90,16.52,0,49.08,9.54,468.22,53,81,438
1761.72,COMP,1332177,21.20,16.51,0,49.29,10.28,506.70,56,82,444
1762.74,COMP,1333073,21.40,16.50,0,50.32,4.80,241.54,20,76,448
1763.75,COMP,1333964,21.00,16.50,0,51.10,0.01,0.51,4,1,440
1764.77,COMP,1334875,20.80,16.49,0,51.10,0.00,0.00,0,0,436
1765.78,COMP,1335751,20.70,16.48,0,50.18,5.01,251.40,27,74,434
1766.80,COMP,1336618,20.70,16.48,0,50.17,5.04,252.86,24,74,434
1767.82,COMP,1337483,20.50,16.47,0,50.38,3.52,177.34,22,72,430
1768.84,COMP,1338340,20.40,16.47,0,50.59,2.94,148.73,7,69,427
1769.87,COMP,1339545,19.60,16.44,0,51.17,0.03,1.54,1,8,411
1770.89,COMP,1340509,19.40,16.43,0,51.17,0.01,0.51,5,2,406
1771.89,COMP,1341311,18.70,16.42,0,51.19,0.00,0.00,0,0,392
1772.92,COMP,1342091,18.30,16.42,0,51.17,0.05,2.56,2,9,383
1773.95,COMP,1342867,17.60,16.42,0,51.20,0.00,0.00,10,1,369
1774.98,COMP,1343678,17.10,16.42,0,50.85,1.41,71.70,10,57,358
1776.00,COMP,1344384,16.60,16.43,0,51.22,0.00,0.00,0,0,348
1777.03,COMP,1345113,16.10,16.43,0,51.22,0.00,0.00,0,0,337
1778.05,COMP,1345804,16.70,16.44,1,48.94,12.19,596.58,100,70,350
1779.08,COMP,1346521,17.20,16.44,0,50.04,5.13,256.71,32,64,360
1780.11,COMP,1347249,17.40,16.45,0,50.27,4.19,210.63,24,63,365
1781.12,COMP,1348009,17.10,16.45,0,51.19,0.00,0.00,0,0,358
1782.14,COMP,1348722,16.80,16.45,0,51.19,0.00,0.00,0,0,352
1783.17,COMP,1349453,17.50,16.45,1,48.04,11.95,574.08,100,72,367
1784.20,COMP,1350205,18.40,16.46,0,47.81,14.73,704.24,81,78,385
1785.22,COMP,1351206,19.60,16.44,0,48.13,14.51,698.37,80,82,411
1786.24,COMP,1352050,20.50,16.44,0,48.13,13.93,670.45,77,84,430
1787.25,COMP,1352929,21.30,16.43,0,47.83,13.73,656.71,76,87,446
1788.27,COMP,1353841,22.10,16.42,0,48.49,14.15,686.13,80,90,463
1789.28,COMP,1354785,22.80,16.41,0,48.28,16.17,780.69,88,95,478
1790.30,COMP,1355759,23.50,16.39,1,48.32,17.61,850.92,100,99,492
1791.33,COMP,1356740,23.00,16.38,1,51.05,0.02,1.02,100,75,482
1792.35,COMP,1357722,23.30,16.37,1,51.03,0.09,4.59,100,76,488
1793.36,COMP,1358695,22.80,16.35,1,51.10,0.05,2.56,100,74,478
1794.39,COMP,1359663,23.10,16.34,1,51.13,0.04,2.05,100,75,484
1795.40,COMP,1360638,23.10,16.32,1,51.27,1.88,96.39,100,71,484
1796.42,COMP,1361613,23.00,16.31,1,51.19,-0.03,-1.54,100,75,482
1797.43,COMP,1362572,22.50,16.30,1,51.01,-0.10,-5.10,100,73,471
1798.45,COMP,1363521,22.40,16.28,1,51.15,0.06,3.07,100,73,469
1799.47,COMP,1364457,22.10,16.27,1,51.22,0.05,2.56,100,72,463
1800.49,COMP,1365382,22.00,16.26,1,51.29,-0.09,-4.62,100,71,461
1801.50,COMP,1366294,21.40,16.25,1,51.17,0.16,8.19,100,70,448
1802.50,COMP,1367191,21.00,16.24,1,51.12,0.14,7.16,100,69,440
1803.52,COMP,1368070,20.80,16.23,1,51.20,0.00,0.00,100,67,436
1804.53,COMP,1368936,20.40,16.22,1,35.11,0.20,7.02,100,100,427
1805.55,COMP,1369787,20.20,16.22,0,34.56,0.19,6.57,92,100,423
1806.57,COMP,1370624,19.70,16.21,1,34.11,0.17,5.80,100,100,413
1807.59,COMP,1371446,19.40,16.21,1,33.38,0.18,6.01,100,100,406
1808.62,COMP,1372253,19.10,16.21,1,32.82,0.17,5.58,100,99,400
1809.65,COMP,1373238,18.60,16.19,0,32.22,0.12,3.87,76,100,390
1810.68,COMP,1374013,18.60,16.19,0,49.01,13.18,645.95,73,77,390
1811.70,COMP,1374809,19.20,16.19,0,48.51,12.88,624.81,72,79,402
1812.72,COMP,1375638,20.10,16.18,0,48.99,12.49,611.89,68,81,421
1813.74,COMP,1376493,20.70,16.18,0,48.67,11.99,583.55,66,82,434
1814.76,COMP,1377373,21.20,16.17,0,48.79,12.22,596.21,68,85,444
1815.77,COMP,1378278,21.70,16.16,0,48.60,14.11,685.75,78,89,455
1816.79,COMP,1379212,22.40,16.14,1,50.82,0.49,24.90,100,73,469
1817.81,COMP,1380145,22.00,16.13,1,51.22,-0.03,-1.54,100,71,461
1818.82,COMP,1381059,21.60,16.12,1,51.08,-0.02,-1.02,100,70,453
1819.84,COMP,1381954,21.00,16.11,1,51.15,0.18,9.21,100,69,440
1820.86,COMP,1382831,20.70,16.10,1,51.17,0.21,10.75,100,67,434
1821.88,COMP,1383699,20.90,16.09,0,47.86,14.38,688.23,80,86,438
1822.89,COMP,1384594,21.70,16.08,0,48.32,15.34,741.23,84,90,455
1823.91,COMP,1385523,22.40,16.07,0,48.14,17.01,818.86,94,94,469
1824.93,COMP,1386479,22.80,16.05,1,51.12,0.01,0.51,100,74,478
1825.94,COMP,1387442,23.30,16.04,1,46.82,18.22,853.06,100,100,488
1826.96,COMP,1388407,22.80,16.02,1,51.13,-0.03,-1.53,100,74,478
1827.97,COMP,1389355,22.40,16.00,1,51.17,0.10,5.12,100,73,469
1829.00,COMP,1390287,22.00,15.99,1,51.22,-0.06,-3.07,100,71,461
1830.01,COMP,1391202,21.60,15.98,1,51.13,0.13,6.65,100,70,453
1831.03,COMP,1392101,21.20,15.97,1,51.26,-0.02,-1.03,100,69,444
1832.05,COMP,1393014,22.00,15.95,1,47.99,18.26,876.30,100,94,461
1833.07,COMP,1394193,22.40,15.92,1,51.05,0.09,4.59,100,73,469
1834.09,COMP,1395127,22.00,15.90,1,51.08,0.00,0.00,100,71,461
1835.10,COMP,1396042,21.60,15.89,1,51.15,0.16,8.18,100,70,453
1836.12,COMP,1396943,21.40,15.88,0,47.95,17.57,842.48,96,91,448
1837.15,COMP,1397868,22.20,15.86,0,47.23,16.73,790.16,94,94,465
1838.17,COMP,1398832,23.30,15.85,0,48.32,17.27,834.49,95,96,488
1839.19,COMP,1399832,24.30,15.83,1,47.86,11.87,568.10,100,100,509
1840.21,COMP,1400835,23.60,15.81,1,50.97,0.08,4.08,100,77,495
1841.23,COMP,1401820,23.10,15.79,1,51.03,0.08,4.08,100,76,484
1842.23,COMP,1402788,22.80,15.77,1,51.13,0.09,4.60,100,74,478
1843.24,COMP,1403740,22.50,15.75,1,51.12,-0.02,-1.02,100,73,471
1844.26,COMP,1404679,22.50,15.73,1,48.32,17.97,868.31,100,96,471
1845.28,COMP,1405647,23.50,15.71,1,47.81,17.75,848.63,100,100,492
1846.29,COMP,1406637,23.50,15.69,1,50.89,0.09,4.58,100,77,492
1847.31,COMP,1407644,24.30,15.67,1,48.62,15.52,754.58,100,100,509
1848.32,COMP,1408678,25.00,15.64,1,48.44,13.27,642.80,100,100,524
1849.34,COMP,1409730,25.00,15.62,1,50.97,-0.16,-8.16,100,81,524
1850.36,COMP,1410772,24.60,15.59,1,50.97,0.00,0.00,100,80,516
1851.37,COMP,1411813,25.20,15.56,1,48.71,13.03,634.69,100,100,528
1852.40,COMP,1412874,25.50,15.54,1,48.71,11.64,566.98,100,100,534
1853.42,COMP,1413951,25.70,15.51,1,50.99,-0.39,-19.89,100,84,539
1854.43,COMP,1415019,25.20,15.48,1,51.10,0.00,0.00,100,82,528
1855.45,COMP,1416068,24.50,15.45,1,50.82,0.15,7.62,100,80,513
1856.46,COMP,1417098,24.30,15.42,1,51.15,0.01,0.51,100,79,509
1857.48,COMP,1418113,24.10,15.40,1,48.30,15.39,743.34,100,100,505
1858.50,COMP,1419145,24.60,15.37,1,48.60,13.73,667.28,100,100,516
1859.51,COMP,1420175,24.30,15.34,1,50.97,0.05,2.55,100,79,509
1860.53,COMP,1421448,24.30,15.29,1,51.08,-0.01,-0.51,100,79,509
1861.55,COMP,1422478,24.50,15.26,1,50.87,0.09,4.58,100,80,513
1862.56,COMP,1423495,24.00,15.24,1,50.97,0.10,5.10,100,78,503
1863.57,COMP,1424494,23.50,15.21,1,51.05,0.10,5.10,100,77,492
1864.60,COMP,1425493,23.60,15.19,1,51.05,-0.05,-2.55,100,77,495
1865.62,COMP,1426501,24.00,15.16,1,51.05,0.04,2.04,100,78,503
1866.64,COMP,1427510,24.10,15.13,1,47.99,15.80,758.24,100,100,505
1867.65,COMP,1428538,24.80,15.10,1,48.69,13.81,672.41,100,100,520
1868.67,COMP,1429587,25.00,15.07,1,50.76,5.06,256.85,100,80,524
1869.68,COMP,1430631,24.60,15.04,1,51.03,-0.03,-1.53,100,80,516
1870.70,COMP,1431655,24.10,15.01,1,51.12,0.05,2.56,100,79,505
1871.73,COMP,1432664,24.10,14.98,1,48.21,16.02,772.32,100,100,505
1872.74,COMP,1433688,24.60,14.95,0,48.46,11.85,574.25,66,96,516
1873.76,COMP,1434721,24.60,14.92,0,48.49,12.65,613.40,66,99,516
1874.78,COMP,1435765,25.20,14.89,0,48.79,12.70,619.63,84,100,528
1875.80,COMP,1436827,25.50,14.85,0,48.99,11.63,569.75,95,100,534
1876.82,COMP,1437903,25.70,14.82,0,49.04,10.82,530.61,84,100,539
1877.84,COMP,1438990,25.90,14.78,0,48.72,10.19,496.46,75,100,543
1878.85,COMP,1440085,25.90,14.74,0,49.27,9.87,486.29,66,100,543
1879.87,COMP,1441182,26.10,14.70,0,50.80,0.00,0.00,4,0,547
1880.88,COMP,1442266,25.40,14.66,0,50.87,0.00,0.00,0,0,532
1881.90,COMP,1443331,25.20,14.63,0,50.87,0.00,0.00,0,0,528
1882.91,COMP,1444379,24.60,14.59,0,50.90,0.00,0.00,0,0,516
1883.93,COMP,1445411,24.50,14.56,0,50.94,0.00,0.00,0,0,513
1884.94,COMP,1446428,24.10,14.52,0,50.94,0.00,0.00,0,0,505
1885.96,COMP,1447689,24.00,14.47,0,49.43,8.93,441.41,50,91,503
1886.97,COMP,1448712,24.60,14.43,0,48.72,12.86,626.54,71,96,516
1888.00,COMP,1449750,24.80,14.40,0,49.74,7.08,352.16,42,91,520
1889.02,COMP,1450796,25.00,14.36,0,50.31,4.54,228.41,24,88,524
1890.03,COMP,1451837,24.80,14.32,0,50.25,2.40,120.60,27,88,520
1891.06,COMP,1452880,24.80,14.28,0,48.49,13.47,653.16,75,100,520
1892.08,COMP,1453933,25.20,14.24,0,48.90,10.34,505.63,55,96,528
1893.10,COMP,1454995,25.40,14.20,0,49.44,8.92,441.00,48,95,532
1894.12,COMP,1456066,25.40,14.16,0,49.09,7.58,372.10,40,94,532
1895.14,COMP,1457141,25.40,14.12,0,50.61,2.50,126.53,11,87,532
1896.15,COMP,1458204,25.20,14.08,0,50.87,0.00,0.00,0,0,528
1897.17,COMP,1459250,24.80,14.04,0,50.87,0.00,0.00,0,0,520
1898.18,COMP,1460282,24.50,14.00,0,50.94,0.00,0.00,0,0,513
1899.19,COMP,1461299,24.10,13.96,0,50.97,0.00,0.00,0,0,505
1900.21,COMP,1462298,23.50,13.92,0,50.96,0.00,0.00,0,0,492
1901.22,COMP,1463273,23.00,13.89,0,50.97,0.00,0.00,0,0,482
1902.24,COMP,1464234,22.80,13.85,0,47.39,15.41,730.28,86,93,478
1903.25,COMP,1465207,23.50,13.82,0,48.64,12.45,605.57,70,92,492
1904.27,COMP,1466198,23.60,13.78,1,50.97,0.04,2.04,100,77,495
1905.29,COMP,1467197,24.10,13.74,0,47.60,14.47,688.77,80,96,505
1906.31,COMP,1468220,24.60,13.70,0,48.14,13.98,673.00,77,98,516
1907.34,COMP,1469266,25.20,13.66,0,49.08,12.54,615.46,72,100,528
1908.36,COMP,1470597,25.50,13.58,0,49.09,11.25,552.26,72,100,534
1909.37,COMP,1471677,25.90,13.53,0,48.83,10.47,511.25,72,100,543
1910.39,COMP,1472769,26.10,13.48,0,48.46,9.69,469.58,70,100,547
1911.42,COMP,1473869,26.50,13.43,0,49.27,8.90,438.50,58,100,555
1912.43,COMP,1474978,26.30,13.37,0,49.22,8.54,420.34,52,100,551
1913.46,COMP,1476094,26.30,13.32,0,49.44,8.33,411.84,44,98,551
1914.47,COMP,1477214,26.50,13.26,0,49.11,7.73,379.62,43,97,555
1915.49,COMP,1478336,26.70,13.20,0,49.46,7.47,369.47,42,97,560
1916.50,COMP,1479462,26.70,13.14,0,49.96,6.61,330.24,36,96,560
1917.52,COMP,1480591,26.90,13.08,0,50.11,4.34,217.48,22,94,564
1918.53,COMP,1481715,26.70,13.02,0,50.38,2.40,120.91,11,91,560
1919.54,COMP,1482827,26.30,12.96,0,50.83,0.00,0.00,0,0,551
1920.56,COMP,1483928,26.10,12.90,0,50.11,4.87,244.04,27,93,547
1921.59,COMP,1485036,26.70,12.84,0,49.50,7.33,362.84,40,96,560
1922.61,COMP,1486153,26.50,12.78,0,49.51,7.77,384.69,41,98,555
1923.61,COMP,1487277,26.70,12.72,0,49.60,7.02,348.19,38,96,560
1924.63,COMP,1488403,26.70,12.65,0,49.80,7.85,390.93,50,100,560
1925.65,COMP,1489527,26.70,12.59,0,49.51,6.91,342.11,37,96,560
1926.66,COMP,1490649,26.70,12.52,0,49.50,6.59,326.21,36,96,560
1927.68,COMP,1491766,26.50,12.46,0,50.03,6.09,304.68,33,96,555
1928.70,COMP,1492872,26.10,12.39,0,49.76,6.13,305.03,32,95,547
1929.71,COMP,1493965,25.90,12.33,0,49.64,6.84,339.54,36,94,543
1930.73,COMP,1495046,25.50,12.26,0,49.90,5.87,292.91,32,92,534
1931.75,COMP,1496116,25.20,12.20,0,49.53,5.91,292.72,31,91,528
1932.78,COMP,1497432,24.60,12.11,0,50.83,0.00,0.00,0,0,516
1933.78,COMP,1498460,24.50,12.05,0,48.56,11.90,577.86,67,95,513
1934.79,COMP,1499493,24.60,11.99,0,48.16,12.81,616.93,71,96,516
1935.82,COMP,1500535,24.80,11.92,0,48.92,12.04,589.00,67,96,520
1936.83,COMP,1501585,25.00,11.86,0,48.71,12.44,605.95,70,100,524
1937.85,COMP,1502637,25.00,11.79,0,49.50,6.68,330.66,34,90,524
1938.87,COMP,1503668,24.50,11.73,0,49.55,7.28,360.72,41,90,513
1939.89,COMP,1504700,24.60,11.67,0,48.92,12.71,621.77,68,96,516
1940.91,COMP,1505747,24.80,11.60,0,48.69,12.46,606.68,70,100,520
1941.94,COMP,1506808,25.40,11.53,0,48.44,11.47,555.61,72,100,532
1942.96,COMP,1507880,25.50,11.46,0,48.92,10.98,537.14,67,100,534
1943.99,COMP,1508957,25.50,11.38,0,48.95,10.72,524.74,60,100,534
1945.00,COMP,1510037,25.50,11.31,0,48.48,9.39,455.23,54,96,534
1946.02,COMP,1511120,25.70,11.23,0,49.06,10.00,490.60,55,97,539
1947.03,COMP,1512203,25.90,11.15,0,49.32,9.35,461.14,51,96,543
1948.04,COMP,1513284,25.70,11.07,0,49.55,9.36,463.79,50,95,539
1949.06,COMP,1514357,25.50,11.00,0,49.15,7.97,391.73,44,95,534
1950.08,COMP,1515422,25.20,10.92,0,49.64,6.45,320.18,34,92,528
1951.09,COMP,1516474,25.00,10.84,0,49.81,5.56,276.94,27,89,524
1952.11,COMP,1517514,24.60,10.76,0,49.41,6.18,305.35,35,90,516
1953.13,COMP,1518542,24.30,10.69,0,49.67,6.75,335.27,35,89,509
1954.15,COMP,1519823,24.50,10.57,0,48.69,11.61,565.29,63,95,513
1955.17,COMP,1520858,24.60,10.49,0,49.02,11.10,544.12,61,95,516
1956.18,COMP,1521887,24.30,10.41,0,49.55,6.25,309.69,34,89,509
1957.20,COMP,1522909,24.30,10.33,0,48.30,14.01,676.68,81,98,509
1958.22,COMP,1523939,24.60,10.25,0,48.78,13.31,649.26,73,96,516
1959.24,COMP,1524969,24.30,10.17,0,49.57,7.64,378.71,32,88,509
1960.26,COMP,1525975,23.60,10.09,0,50.68,0.00,0.00,0,0,495
1961.27,COMP,1526950,22.80,10.01,0,50.69,0.00,0.00,0,0,478
1962.29,COMP,1527901,22.40,9.93,0,50.73,0.00,0.00,0,0,469
1963.30,COMP,1528832,22.00,9.86,0,50.75,0.00,0.00,0,0,461
1964.32,COMP,1529768,21.80,9.79,0,49.22,8.20,403.60,40,82,457
1965.34,COMP,1530698,22.70,9.71,0,48.32,13.27,641.21,75,91,476
1966.36,COMP,1531654,22.80,9.63,0,48.16,14.50,698.32,81,94,478
1967.38,COMP,1532623,23.10,9.55,0,48.41,14.03,679.19,77,94,484
1968.40,COMP,1533596,23.10,9.46,0,49.09,8.86,434.94,48,88,484
1969.42,COMP,1534568,23.00,9.38,0,49.71,7.59,377.30,40,86,482
1970.43,COMP,1535525,22.70,9.29,0,50.20,2.54,127.51,12,77,476
1971.45,COMP,1536469,22.10,9.20,0,49.41,8.00,395.28,46,84,463
1972.47,COMP,1537407,22.50,9.12,0,47.39,15.55,736.91,85,94,471
1973.49,COMP,1538369,23.10,9.03,0,47.90,14.96,716.58,82,95,484
1974.51,COMP,1539355,23.80,8.93,0,48.18,14.34,690.90,80,96,499
1975.53,COMP,1540617,24.30,8.79,0,47.67,14.37,685.02,81,99,509
1976.55,COMP,1541647,24.60,8.68,0,48.35,12.89,623.23,70,96,516
1977.56,COMP,1542686,24.60,8.57,0,48.34,12.95,626.00,72,99,516
1978.59,COMP,1543727,24.80,8.46,0,48.48,10.49,508.56,57,95,520
1979.60,COMP,1544763,24.50,8.34,0,48.41,11.88,575.11,66,96,513
1980.62,COMP,1545791,24.10,8.23,0,48.37,11.83,572.22,65,96,505
1981.64,COMP,1546803,23.80,8.12,0,47.70,12.59,600.54,70,95,499
1982.64,COMP,1547805,24.00,8.00,0,48.35,12.91,624.20,72,95,503
1983.66,COMP,1548811,24.10,7.88,0,48.62,11.36,552.32,63,94,505
1984.66,COMP,1549826,24.30,7.76,0,49.43,7.00,346.01,36,89,509
1985.68,COMP,1550840,24.10,7.64,0,50.48,0.00,0.00,0,0,505
1986.70,COMP,1551839,23.60,7.52,0,50.57,0.00,0.00,0,0,495
1987.71,COMP,1552817,23.00,7.40,0,50.59,0.00,0.00,0,0,482
1988.72,COMP,1553776,22.50,7.28,0,50.62,0.00,0.00,0,0,471
1989.74,COMP,1554717,22.10,7.17,0,50.64,0.00,0.00,0,0,463
1990.76,COMP,1555638,21.60,7.05,0,50.66,0.00,0.00,0,0,453
1991.77,COMP,1556541,21.30,6.94,0,50.71,0.00,0.00,0,0,446
1992.79,COMP,1557422,20.80,6.83,0,50.71,0.00,0.00,0,0,436
1993.81,COMP,1558283,20.40,6.72,0,50.71,0.00,0.00,0,0,427
1994.81,COMP,1559124,19.80,6.61,0,50.73,0.00,0.00,0,0,415
1995.82,COMP,1559944,19.40,6.50,0,50.73,0.00,0.00,0,0,406
1996.84,COMP,1560745,19.00,6.40,0,50.73,0.00,0.00,0,0,398
1997.86,COMP,1561526,18.20,6.30,0,50.76,0.00,0.00,0,0,381
1998.87,COMP,1562286,17.90,6.20,0,50.75,0.00,0.00,0,0,375
1999.89,COMP,1563028,17.50,6.10,0,50.80,0.00,0.00,0,0,367
2000.90,COMP,1563755,17.20,6.01,0,50.80,0.00,0.00,0,0,360
2001.92,COMP,1564467,16.70,5.91,0,50.76,0.00,0.00,0,0,350
2002.93,COMP,1565336,16.30,5.78,0,50.87,0.00,0.00,0,0,341
2003.96,COMP,1566015,16.00,5.69,0,50.82,0.00,0.00,0,0,335
2004.96,COMP,1566682,15.70,5.60,0,50.83,0.00,0.00,0,0,329
2005.97,COMP,1567337,15.50,5.51,0,50.83,0.00,0.00,0,0,325
2007.00,COMP,1567980,15.30,5.42,0,50.87,0.00,0.00,0,0,320
2008.01,COMP,1568629,15.10,5.33,0,48.27,10.69,516.01,60,64,316
2009.03,COMP,1569288,16.20,5.23,0,48.55,13.67,663.68,74,70,339
2010.05,COMP,1569967,16.00,5.13,0,50.83,0.00,0.00,0,0,335
2011.06,COMP,1570634,15.70,5.03,0,50.82,0.00,0.00,0,0,329
2012.09,COMP,1571289,15.40,4.92,0,50.85,0.00,0.00,0,0,323
2013.11,COMP,1571929,15.10,4.82,0,50.85,0.00,0.00,0,0,316
2014.13,COMP,1572554,14.70,4.72,0,50.85,0.00,0.00,0,0,308
2015.15,COMP,1573164,14.40,4.63,0,50.87,0.00,0.00,0,0,302
2016.17,COMP,1573806,14.20,4.52,0,50.85,0.00,0.00,0,0,297
2017.19,COMP,1574415,14.60,4.41,1,50.66,0.48,24.32,100,32,306
2018.21,COMP,1575423,14.00,4.20,1,51.03,0.06,3.06,100,45,293
2019.22,COMP,1576004,13.60,4.10,1,50.87,0.00,0.00,100,44,285
2020.24,COMP,1576566,13.20,4.00,1,50.97,0.11,5.61,100,42,276
2021.25,COMP,1577109,12.60,3.91,1,50.94,0.05,2.55,100,40,264
2022.27,COMP,1577628,12.10,3.81,1,51.01,0.04,2.04,100,39,253
2023.29,COMP,1578126,11.60,3.72,1,50.96,0.15,7.64,100,37,243
2024.31,COMP,1578604,11.10,3.64,1,50.99,0.05,2.55,100,35,232
2025.33,COMP,1579175,10.90,3.52,0,48.30,13.05,630.32,70,52,228
2026.35,COMP,1579652,11.80,3.43,0,48.60,10.38,504.47,56,53,247
2027.37,COMP,1580165,12.60,3.33,0,49.15,9.96,489.53,55,54,264
2028.39,COMP,1580707,13.20,3.21,0,49.15,9.27,455.62,53,56,276
2029.41,COMP,1581268,13.30,3.09,0,50.82,0.00,0.00,5,0,279
2030.43,COMP,1581850,13.50,2.95,0,49.30,5.80,285.94,27,52,283
2031.45,COMP,1582422,13.70,2.82,0,49.78,6.22,309.63,33,54,287
2032.47,COMP,1583003,13.90,2.67,0,49.55,6.13,303.74,33,54,291
2033.48,COMP,1583594,14.10,2.52,0,49.69,5.87,291.68,30,54,295
2034.50,COMP,1584191,14.30,2.37,0,49.55,5.10,252.70,27,54,299
2035.53,COMP,1584785,14.00,2.20,0,50.82,0.00,0.00,0,0,293
2036.54,COMP,1585358,13.40,2.05,0,50.85,0.00,0.00,0,0,281
2037.56,COMP,1585906,12.70,1.89,0,50.83,0.00,0.00,0,0,266
2038.58,COMP,1586427,12.10,1.74,0,50.85,0.00,0.00,0,0,253
2039.59,COMP,1586918,11.50,1.59,0,50.87,0.00,0.00,0,0,241
2040.61,COMP,1587381,10.80,1.45,0,50.87,0.00,0.00,0,0,226
2041.63,COMP,1587824,10.30,1.31,0,50.87,0.00,0.00,0,0,216
2042.65,COMP,1588291,10.40,1.16,0,50.82,0.00,0.00,0,0,218
2043.67,COMP,1588767,10.70,1.00,0,49.29,7.51,370.17,36,46,224
2044.69,COMP,1589329,10.50,0.80,0,50.83,0.00,0.00,0,0,220
2045.70,COMP,1589982,10.10,0.56,0,49.81,4.74,236.10,23,41,211
2046.72,COMP,1590416,10.50,0.39,0,49.15,6.60,324.39,36,44,220
2047.75,COMP,1590869,11.10,0.21,0,48.92,7.33,358.58,45,46,232
2048.77,COMP,1591348,11.80,0.01,0,48.41,8.55,413.91,47,50,247
2049.78,COMP,1591860,12.50,0.00,0,48.49,8.94,433.50,52,53,262
2050.80,COMP,1592401,13.00,0.00,0,50.78,0.00,0.00,0,0,272
2051.81,COMP,1592934,12.60,0.00,0,50.83,0.00,0.00,0,0,264
2052.83,COMP,1593452,12.20,0.00,0,50.85,0.00,0.00,0,0,255
2053.85,COMP,1593954,11.70,0.00,0,50.87,0.00,0.00,0,0,245
2054.86,COMP,1594439,11.40,0.00,0,50.87,0.00,0.00,0,0,239
2055.87,COMP,1594907,10.90,0.00,0,50.87,0.00,0.00,0,0,228
2056.88,COMP,1595358,10.60,0.00,0,50.82,0.20,10.16,34,19,222
2057.90,COMP,1595822,10.40,0.00,0,50.89,0.00,0.00,0,0,218
2058.92,COMP,1596248,10.00,0.00,0,50.89,0.00,0.00,0,0,209
2059.94,COMP,1596661,9.70,0.00,0,50.90,0.00,0.00,0,0,203
2060.96,COMP,1597060,9.30,0.00,0,50.90,0.00,0.00,0,0,195
2061.97,COMP,1597444,9.00,0.00,0,50.94,0.00,0.00,0,0,188
2062.99,COMP,1597815,8.60,0.00,0,50.94,0.00,0.00,0,0,180
2064.00,COMP,1598171,8.40,0.00,0,50.92,0.00,0.00,0,0,176
2065.02,COMP,1598516,8.10,0.00,0,50.92,0.00,0.00,0,0,169
2066.02,COMP,1598846,7.70,0.00,0,50.94,0.00,0.00,0,0,161
2067.02,COMP,1599164,7.40,0.00,0,50.96,0.00,0.00,0,0,155
2068.03,COMP,1599467,7.10,0.00,0,50.94,0.00,0.00,0,0,148
2069.04,COMP,1599758,6.80,0.00,0,50.96,0.00,0.00,0,0,142
2070.05,COMP,1600035,6.40,0.00,0,50.94,0.00,0.00,0,0,134
2071.07,COMP,1600296,6.00,0.00,0,50.96,0.00,0.00,0,0,125
2072.08,COMP,1600603,5.60,0.00,0,50.97,0.00,0.00,0,0,117
2073.10,COMP,1600833,5.30,0.00,0,50.96,0.00,0.00,0,0,111
2074.11,COMP,1601052,5.10,0.00,0,50.97,0.00,0.00,0,0,106
2075.14,COMP,1601258,4.80,0.00,0,51.01,0.00,0.00,0,0,100
2076.15,COMP,1601451,4.50,0.00,0,50.99,0.00,0.00,0,0,94
2077.16,COMP,1601634,4.30,0.00,0,50.97,0.00,0.00,0,0,90
2078.18,COMP,1601807,4.00,0.00,0,50.99,0.00,0.00,0,0,83
2079.19,COMP,1601969,3.80,0.00,0,51.01,0.00,0.00,0,0,79
2080.21,COMP,1602124,3.60,0.00,0,50.99,0.00,0.00,0,0,75
2081.24,COMP,1602249,2.60,0.00,0,50.99,0.00,0.00,0,0,54
2082.25,COMP,1602360,2.60,0.00,0,51.01,0.00,0.00,0,0,54
2083.28,COMP,1602468,2.50,0.00,0,51.01,0.00,0.00,0,0,52
2084.30,COMP,1602570,2.40,0.00,0,50.99,0.00,0.00,0,0,50
2085.32,COMP,1602672,2.50,0.00,0,51.01,0.00,0.00,0,0,52
2086.35,COMP,1602784,2.80,0.00,0,51.01,0.00,0.00,0,0,58
2087.38,COMP,1602906,3.00,0.00,0,50.99,0.00,0.00,0,0,62
2088.39,COMP,1603039,3.20,0.00,0,50.99,0.00,0.00,0,0,67
2089.39,COMP,1603181,3.40,0.00,0,51.03,0.00,0.00,0,0,71
2090.41,COMP,1603329,3.60,0.00,0,51.03,0.00,0.00,0,0,75
2091.43,COMP,1603521,3.70,0.00,0,51.03,0.00,0.00,0,0,77
2092.44,COMP,1603674,3.70,0.00,0,51.01,0.00,0.00,0,0,77
2093.46,COMP,1603828,3.60,0.00,0,51.03,0.00,0.00,0,0,75
2094.48,COMP,1603978,3.50,0.00,0,51.05,0.00,0.00,0,0,73
2095.47,COMP,1604118,3.20,0.00,0,51.05,0.00,0.00,0,0,67
2096.50,COMP,1604249,3.10,0.00,0,51.05,0.00,0.00,0,0,65
2097.52,COMP,1604385,3.30,0.00,0,51.01,0.00,0.00,0,0,69
2098.53,COMP,1604525,3.40,0.00,0,51.05,0.00,0.00,0,0,71
2099.55,COMP,1604670,3.50,0.00,0,51.08,0.00,0.00,0,0,73
2100.57,COMP,1604816,3.50,0.00,0,51.05,0.00,0.00,0,0,73
2101.59,COMP,1604954,3.10,0.00,0,51.05,0.00,0.00,0,0,65
2102.61,COMP,1605075,2.80,0.00,0,51.06,0.00,0.00,0,0,58
2103.64,COMP,1605186,2.60,0.00,0,51.05,0.00,0.00,0,0,54
2104.66,COMP,1605297,2.70,0.00,0,51.08,0.00,0.00,0,0,56
2105.66,COMP,1605421,3.10,0.00,0,51.12,0.00,0.00,0,0,65
2106.67,COMP,1605548,3.00,0.00,0,51.08,0.00,0.00,0,0,62
2107.68,COMP,1605682,3.30,0.00,0,51.05,0.00,0.00,0,0,69
2108.70,COMP,1605822,3.40,0.00,0,51.05,0.00,0.00,0,0,71
2109.71,COMP,1605967,3.50,0.00,0,51.08,0.00,0.00,0,0,73
2110.73,COMP,1606115,3.50,0.00,0,51.08,0.00,0.00,0,0,73
2111.74,COMP,1606262,3.40,0.00,0,51.05,0.00,0.00,0,0,71
2112.74,COMP,1606405,3.30,0.00,0,51.06,0.00,0.00,0,0,69
2113.77,COMP,1606546,3.30,0.00,0,51.08,0.00,0.00,0,0,69
2114.78,COMP,1606686,3.30,0.00,0,51.08,0.00,0.00,0,0,69
2115.80,COMP,1606859,3.30,0.00,0,51.12,0.00,0.00,0,0,69
2116.80,COMP,1606995,3.20,0.00,0,51.08,0.00,0.00,0,0,67
