Time,State,Ticks,Speed,Target,SmartCruise,Volts,Amps,PowerInst,Throttle,Duty,RPM
1.01,COMP,9,0.00,16.98,0,47.32,8.36,395.60,44,19,0
2.03,COMP,241,3.50,16.99,1,46.61,12.09,563.51,100,28,73
3.03,COMP,413,4.80,17.00,1,47.65,11.85,564.65,100,33,100
4.03,COMP,657,6.60,17.00,1,47.46,12.02,570.47,100,38,138
5.04,COMP,971,8.20,17.01,1,48.35,11.71,566.18,100,43,172
6.04,COMP,1344,9.60,17.01,1,48.42,11.86,574.26,100,47,201
7.05,COMP,1770,10.70,17.02,1,48.56,12.12,588.55,100,51,224
8.06,COMP,2244,11.80,17.02,1,49.29,12.04,593.45,100,54,247
9.08,COMP,2761,12.80,17.02,1,47.99,11.94,573.00,100,57,268
10.09,COMP,3321,13.70,17.03,1,49.13,12.11,594.96,100,60,287
11.11,COMP,3917,14.60,17.03,1,48.72,11.96,582.69,100,63,306
12.14,COMP,4547,15.40,17.03,1,48.06,12.14,583.45,100,65,323
13.16,COMP,5209,16.10,17.03,1,48.79,11.83,577.19,100,68,337
14.17,COMP,5900,16.80,17.03,1,48.25,11.76,567.42,100,71,352
15.19,COMP,6804,17.60,17.03,1,47.95,12.06,578.28,100,73,369
16.22,COMP,7554,18.20,17.03,1,48.69,12.06,587.20,100,75,381
17.24,COMP,8319,18.20,17.03,1,49.69,6.33,314.54,100,68,381
18.26,COMP,9085,18.20,17.03,1,49.74,7.03,349.67,100,69,381
19.27,COMP,9849,18.20,17.03,1,49.67,6.31,313.42,100,68,381
20.28,COMP,10615,18.20,17.03,1,49.36,9.13,450.66,100,72,381
21.31,COMP,11380,18.20,17.03,1,49.85,6.22,310.07,100,67,381
22.33,COMP,12146,18.20,17.03,1,50.04,4.93,246.70,100,67,381
23.35,COMP,12911,18.30,17.04,1,48.65,9.40,457.31,100,73,383
24.36,COMP,13677,18.20,17.04,1,49.96,5.40,269.78,100,67,381
25.37,COMP,14442,18.20,17.04,1,49.99,4.63,231.45,100,66,381
26.40,COMP,15208,18.20,17.04,1,50.13,3.78,189.49,100,65,381
27.41,COMP,15973,18.20,17.04,1,49.94,5.36,267.68,100,67,381
28.43,COMP,16739,18.20,17.04,1,49.64,7.05,349.96,100,71,381
29.44,COMP,17504,18.10,17.04,1,49.85,5.82,290.13,100,68,379
30.46,COMP,18270,18.20,17.04,1,49.92,5.53,276.06,100,67,381
31.48,COMP,19037,18.20,17.04,1,50.31,6.58,331.04,100,69,381
32.51,COMP,19802,18.20,17.04,1,49.78,5.83,290.22,100,67,381
33.53,COMP,20567,18.20,17.04,1,49.22,8.25,406.07,100,72,381
34.54,COMP,21332,18.20,17.04,1,50.11,3.39,169.87,100,65,381
35.56,COMP,22098,18.20,17.04,1,49.50,8.18,404.91,100,70,381
36.58,COMP,22863,18.20,17.04,1,49.90,4.98,248.50,100,67,381
37.59,COMP,23820,18.20,17.04,1,49.29,6.83,336.65,100,69,381
38.61,COMP,24586,18.20,17.04,1,49.23,8.94,440.12,100,72,381
39.62,COMP,25351,18.20,17.04,1,50.10,4.00,200.40,100,65,381
40.64,COMP,26117,18.20,17.04,1,50.11,5.09,255.06,100,66,381
41.66,COMP,26882,18.10,17.04,1,49.73,6.51,323.74,100,68,379
42.70,COMP,27648,18.20,17.04,1,49.34,6.05,298.51,100,68,381
43.71,COMP,28413,18.20,17.04,1,49.81,3.60,179.32,100,65,381
44.72,COMP,29178,18.20,17.04,1,50.01,4.50,225.05,100,65,381
45.74,COMP,29944,18.20,17.04,1,49.44,7.67,379.20,100,71,381
46.75,COMP,30709,18.20,17.04,1,49.50,7.19,355.90,100,70,381
47.77,COMP,31475,18.20,17.04,1,50.34,4.89,246.16,100,67,381
48.78,COMP,32240,18.20,17.04,1,49.53,6.33,313.52,100,68,381
49.80,COMP,33006,18.20,17.04,1,49.43,7.61,376.16,100,69,381
50.81,COMP,33772,18.20,17.04,1,49.92,4.70,234.62,100,67,381
51.83,COMP,34536,18.20,17.04,1,49.62,7.25,359.75,100,69,381
52.83,COMP,35301,18.20,17.05,1,50.10,4.43,221.94,100,65,381
53.85,COMP,36067,18.30,17.05,1,50.10,6.67,334.17,100,70,383
54.86,COMP,36832,18.20,17.05,1,49.85,5.20,259.22,100,68,381
55.88,COMP,37597,18.20,17.05,1,49.76,6.08,302.54,100,68,381
56.89,COMP,38363,18.20,17.05,1,49.50,5.27,260.87,100,67,381
57.91,COMP,39128,18.20,17.05,1,50.10,4.24,212.42,100,66,381
58.92,COMP,39893,18.20,17.05,1,49.74,5.83,289.98,100,68,381
59.94,COMP,40659,18.20,17.05,1,49.99,4.17,208.46,100,66,381
60.95,COMP,41426,18.20,17.05,1,50.20,4.39,220.38,100,66,381
61.97,COMP,42191,18.20,17.05,1,49.74,5.57,277.05,100,68,381
62.97,COMP,42956,18.20,17.05,1,49.51,5.67,280.72,100,68,381
63.99,COMP,43722,18.10,17.05,1,49.92,4.46,222.64,100,66,379
65.01,COMP,44488,18.20,17.05,1,49.85,4.25,211.86,100,67,381
66.02,COMP,45254,18.20,17.05,1,50.45,2.52,127.13,100,64,381
67.04,COMP,46211,18.20,17.05,1,49.96,5.27,263.29,100,66,381
68.06,COMP,46976,18.20,17.05,1,49.96,4.87,243.31,100,66,381
69.07,COMP,47741,18.10,17.05,1,50.06,3.24,162.19,100,65,379
70.10,COMP,48508,18.30,17.05,1,48.83,10.91,532.74,100,74,383
71.11,COMP,49278,18.20,17.05,1,49.30,8.35,411.66,100,70,381
72.13,COMP,50048,18.30,17.05,1,49.60,6.39,316.94,100,69,383
73.15,COMP,50818,18.20,17.05,1,49.69,5.86,291.18,100,68,381
74.17,COMP,51588,18.30,17.05,1,49.53,6.38,316.00,100,68,383
75.18,COMP,52358,18.30,17.05,1,49.96,4.75,237.31,100,66,383
76.20,COMP,53128,18.30,17.05,1,49.71,5.57,276.88,100,68,383
77.21,COMP,53898,18.30,17.05,1,49.81,5.32,264.99,100,67,383
78.23,COMP,54668,18.20,17.05,1,49.69,5.82,289.20,100,69,381
79.24,COMP,55438,18.20,17.05,1,50.40,2.76,139.10,100,62,381
80.26,COMP,56207,18.20,17.05,1,49.71,5.51,273.90,100,68,381
81.27,COMP,56977,18.20,17.05,1,50.03,7.49,374.72,100,70,381
82.29,COMP,57746,18.30,17.05,1,49.66,5.24,260.22,100,67,383
83.31,COMP,58515,18.20,17.05,1,49.83,4.33,215.76,100,67,381
84.33,COMP,59285,18.30,17.06,1,49.67,5.30,263.25,100,69,383
85.35,COMP,60056,18.20,17.06,1,49.13,6.97,342.44,100,69,381
86.37,COMP,60825,18.30,17.06,1,49.90,3.81,190.12,100,65,383
87.38,COMP,61595,18.30,17.06,1,49.69,5.66,281.25,100,67,383
88.40,COMP,62365,18.20,17.06,1,49.59,5.85,290.10,100,69,381
89.41,COMP,63135,18.20,17.06,1,49.71,5.37,266.94,100,68,381
90.43,COMP,63905,18.30,17.06,1,49.36,8.32,410.68,100,71,383
91.46,COMP,64868,18.20,17.06,1,49.34,5.33,262.98,100,68,381
92.48,COMP,65639,18.40,17.06,1,49.69,3.76,186.83,100,66,385
93.51,COMP,66408,18.20,17.06,1,49.50,6.28,310.86,100,69,381
94.53,COMP,67178,18.30,17.06,1,49.87,4.36,217.43,100,66,383
95.55,COMP,67948,18.30,17.06,1,49.69,5.56,276.28,100,68,383
96.57,COMP,68717,18.30,17.06,1,49.67,4.93,244.87,100,68,383
97.58,COMP,69487,18.30,17.06,1,49.73,6.00,298.38,100,68,383
98.60,COMP,70257,18.30,17.06,1,49.76,4.89,243.33,100,68,383
99.61,COMP,71026,18.20,17.06,1,49.48,5.76,285.00,100,68,381
100.63,COMP,71796,18.20,17.06,1,49.60,4.88,242.05,100,66,381
101.64,COMP,72566,18.20,17.06,1,49.85,4.86,242.27,100,66,381
102.68,COMP,73335,18.20,17.06,1,49.32,6.74,332.42,100,69,381
103.70,COMP,74106,18.30,17.06,1,48.99,5.86,287.08,100,69,383
104.72,COMP,74876,18.30,17.06,1,49.81,4.89,243.57,100,68,383
105.74,COMP,75646,18.30,17.06,1,49.32,7.23,356.58,100,71,383
106.76,COMP,76417,18.20,17.06,1,50.06,3.64,182.22,100,65,381
107.77,COMP,77186,18.30,17.06,1,49.46,5.57,275.49,100,67,383
108.79,COMP,77957,18.20,17.06,1,49.80,4.92,245.02,100,67,381
109.81,COMP,78727,18.30,17.06,1,49.46,6.55,323.96,100,69,383
110.83,COMP,79498,18.20,17.06,1,49.29,5.84,287.85,100,68,381
111.84,COMP,80268,18.30,17.06,1,49.96,3.32,165.87,100,66,383
112.86,COMP,81231,18.30,17.06,1,50.13,3.10,155.40,100,65,383
113.87,COMP,82001,18.30,17.06,1,50.13,3.32,166.43,100,65,383
114.88,COMP,82772,18.20,17.06,1,50.53,1.38,69.73,100,62,381
115.90,COMP,83542,18.30,17.06,1,49.96,4.16,207.83,100,66,383
116.92,COMP,84312,18.20,17.06,1,50.73,0.31,15.73,100,60,381
117.94,COMP,85082,18.20,17.06,1,50.31,2.33,117.22,100,64,381
118.96,COMP,85853,18.40,17.06,1,50.61,0.73,36.95,100,62,385
119.97,COMP,86622,18.30,17.07,1,49.55,5.44,269.55,100,68,383
120.99,COMP,87393,18.30,17.07,1,49.69,5.01,248.95,100,67,383
122.02,COMP,88164,18.20,17.07,1,50.03,2.82,141.08,100,66,381
123.03,COMP,88934,18.20,17.07,1,49.53,6.59,326.40,100,69,381
124.04,COMP,89704,18.30,17.07,1,49.06,8.91,437.12,100,73,383
125.06,COMP,90475,18.40,17.07,1,48.58,9.35,454.22,100,72,385
126.08,COMP,91244,18.20,17.07,1,49.30,7.22,355.95,100,70,381
127.10,COMP,92015,18.20,17.07,1,50.17,5.01,251.35,100,67,381
128.12,COMP,92784,18.40,17.07,1,49.51,7.66,379.25,100,69,385
129.14,COMP,93554,18.20,17.07,1,49.94,6.62,330.60,100,69,381
130.16,COMP,94324,18.20,17.07,1,49.51,6.93,343.10,100,69,381
131.17,COMP,95094,18.30,17.07,1,49.83,4.42,220.25,100,66,383
132.19,COMP,95864,18.20,17.07,1,49.64,5.97,296.35,100,68,381
133.21,COMP,96634,18.30,17.07,1,49.34,7.15,352.78,100,70,383
134.22,COMP,97404,18.30,17.07,1,49.25,7.25,357.06,100,70,383
135.23,COMP,98174,18.20,17.07,1,49.48,4.86,240.47,100,67,381
136.25,COMP,98944,18.40,17.07,1,49.67,4.22,209.61,100,68,385
137.26,COMP,99715,18.30,17.07,1,50.24,3.68,184.88,100,66,383
138.28,COMP,100485,18.20,17.07,1,49.60,6.22,308.51,100,69,381
139.30,COMP,101448,18.20,17.07,1,49.51,5.18,256.46,100,69,381
140.32,COMP,102218,18.30,17.07,1,49.60,5.14,254.94,100,67,383
141.33,COMP,102989,18.30,17.07,1,49.73,5.92,294.40,100,68,383
142.35,COMP,103759,18.20,17.07,1,49.67,6.02,299.01,100,68,381
143.37,COMP,104530,18.30,17.07,1,49.81,5.10,254.03,100,66,383
144.39,COMP,105300,18.30,17.07,1,49.51,5.41,267.85,100,68,383
145.41,COMP,106070,18.30,17.07,1,49.02,8.00,392.16,100,71,383
146.42,COMP,106841,18.30,17.07,1,49.74,5.61,279.04,100,67,383
147.44,COMP,107611,18.20,17.07,1,49.88,3.85,192.04,100,66,381
148.45,COMP,108382,18.20,17.07,1,50.11,4.43,221.99,100,67,381
149.47,COMP,109152,18.20,17.07,1,50.31,1.25,62.89,100,61,381
150.48,COMP,109922,18.30,17.07,1,49.73,4.29,213.34,100,67,383
151.50,COMP,110693,18.20,17.08,1,49.83,3.98,198.32,100,66,381
152.51,COMP,111464,18.40,17.08,1,50.01,3.53,176.54,100,66,385
153.54,COMP,112234,18.20,17.08,1,49.25,6.07,298.95,100,69,381
154.55,COMP,113004,18.20,17.08,1,50.24,2.33,117.06,100,63,381
155.57,COMP,113775,18.30,17.08,1,50.01,3.56,178.04,100,65,383
156.59,COMP,114545,18.20,17.08,1,49.60,5.71,283.22,100,69,381
157.60,COMP,115316,18.30,17.08,1,49.83,4.15,206.79,100,66,383
158.62,COMP,116086,18.30,17.08,1,49.80,5.14,255.97,100,67,383
159.64,COMP,116856,18.40,17.08,1,50.03,2.96,148.09,100,65,385
160.65,COMP,117626,18.20,17.08,1,50.36,2.13,107.27,100,63,381
161.67,COMP,118396,18.30,17.08,1,49.64,4.86,241.25,100,68,383
162.68,COMP,119167,18.30,17.08,1,49.53,6.46,319.96,100,69,383
163.70,COMP,119938,18.30,17.08,1,49.60,5.32,263.87,100,68,383
164.73,COMP,120708,18.20,17.08,1,49.88,4.44,221.47,100,66,381
165.75,COMP,121672,18.20,17.08,1,50.24,3.76,188.90,100,65,381
166.76,COMP,122442,18.20,17.08,1,49.92,3.76,187.70,100,65,381
167.78,COMP,123212,18.20,17.08,1,49.99,4.21,210.46,100,65,381
168.79,COMP,123982,18.20,17.08,1,49.96,3.65,182.35,100,66,381
169.82,COMP,124753,18.20,17.08,1,49.99,3.27,163.47,100,66,381
170.83,COMP,125523,18.30,17.08,1,49.67,5.14,255.30,100,68,383
171.85,COMP,126294,18.30,17.08,1,49.73,4.75,236.22,100,67,383
172.87,COMP,127064,18.30,17.08,1,50.40,2.14,107.86,100,62,383
173.88,COMP,127835,18.30,17.08,1,50.27,4.21,211.64,100,66,383
174.91,COMP,128605,18.20,17.08,1,50.06,4.05,202.74,100,66,381
175.93,COMP,129376,18.30,17.08,1,49.48,7.11,351.80,100,69,383
176.95,COMP,130146,18.20,17.08,1,49.81,4.47,222.65,100,67,381
177.96,COMP,130916,18.20,17.08,1,49.99,3.08,153.97,100,65,381
178.98,COMP,131687,18.30,17.08,1,50.15,3.32,166.50,100,64,383
179.99,COMP,132456,18.20,17.08,1,49.92,3.53,176.22,100,65,381
181.02,COMP,133228,18.30,17.09,1,49.46,5.20,257.19,100,67,383
182.04,COMP,133998,18.20,17.09,1,50.34,2.03,102.19,100,64,381
183.06,COMP,134768,18.30,17.09,1,49.69,4.53,225.10,100,69,383
184.08,COMP,135538,18.30,17.09,1,49.53,5.66,280.34,100,68,383
185.09,COMP,136309,18.30,17.09,1,50.06,3.60,180.22,100,65,383
186.10,COMP,137079,18.20,17.09,1,49.44,5.86,289.72,100,68,381
187.12,COMP,137850,18.20,17.09,1,49.60,5.44,269.82,100,68,381
188.14,COMP,138620,18.40,17.09,1,49.60,6.53,323.89,100,67,385
189.16,COMP,139390,18.20,17.09,1,48.02,12.29,590.17,100,79,381
190.17,COMP,140161,18.20,17.09,1,49.60,5.53,274.29,100,68,381
191.19,COMP,141124,18.30,17.09,1,49.13,6.98,342.93,100,70,383
192.20,COMP,141894,18.30,17.09,1,48.78,8.64,421.46,100,72,383
193.22,COMP,142665,18.40,17.09,1,49.60,5.05,250.48,100,68,385
194.23,COMP,143435,18.30,17.09,1,50.03,3.49,174.60,100,65,383
195.24,COMP,144205,18.30,17.09,1,49.44,5.34,264.01,100,69,383
196.26,COMP,144975,18.20,17.09,1,49.20,6.38,313.90,100,69,381
197.28,COMP,145746,18.20,17.09,1,50.06,2.35,117.64,100,65,381
198.29,COMP,146517,18.30,17.09,1,50.15,2.84,142.43,100,64,383
199.31,COMP,147287,18.30,17.09,1,50.20,2.12,106.42,100,64,383
200.32,COMP,148058,18.10,17.09,1,50.38,1.49,75.07,100,61,379
201.34,COMP,148828,18.20,17.09,1,49.96,3.75,187.35,100,65,381
202.35,COMP,149598,18.20,17.09,1,50.15,2.78,139.42,100,64,381
203.37,COMP,150368,18.30,17.09,1,50.20,1.29,64.76,100,63,383
204.39,COMP,151139,18.30,17.09,1,50.18,2.70,135.49,100,63,383
205.40,COMP,151909,18.30,17.09,1,50.13,3.03,151.89,100,64,383
206.41,COMP,152680,18.30,17.09,1,50.01,3.52,176.04,100,65,383
207.43,COMP,153450,18.20,17.09,1,49.78,3.49,173.73,100,67,381
208.45,COMP,154221,18.40,17.09,1,50.22,1.71,85.88,100,64,385
209.46,COMP,154990,18.30,17.09,1,49.92,4.11,205.17,100,66,383
210.48,COMP,155760,18.30,17.09,1,49.57,5.22,258.76,100,68,383
211.50,COMP,156532,18.30,17.10,1,50.32,1.81,91.08,100,63,383
212.51,COMP,157302,18.20,17.10,1,50.55,0.60,30.33,100,60,381
213.53,COMP,158072,18.30,17.10,1,49.34,6.37,314.30,100,69,383
214.55,COMP,158843,18.20,17.10,1,50.66,0.25,12.67,100,60,381
215.57,COMP,159613,18.30,17.10,1,49.87,4.10,204.47,100,67,383
216.59,COMP,160384,18.30,17.10,1,50.17,3.82,191.65,100,67,383
217.61,COMP,161154,18.20,17.10,1,50.18,1.75,87.82,100,63,381
218.62,COMP,161925,18.30,17.10,1,50.55,0.59,29.82,100,60,383
219.64,COMP,162695,18.30,17.10,1,50.43,0.77,38.83,100,63,383
220.65,COMP,163659,18.20,17.10,1,50.52,0.77,38.90,100,62,381
221.67,COMP,164429,18.20,17.10,1,50.04,2.84,142.11,100,66,381
222.69,COMP,165200,18.20,17.10,1,50.38,1.63,82.12,100,62,381
223.71,COMP,165970,18.30,17.10,1,50.18,2.81,141.01,100,65,383
224.73,COMP,166740,18.20,17.10,1,49.59,5.63,279.19,100,69,381
225.73,COMP,167510,18.30,17.10,1,50.40,1.26,63.50,100,62,383
226.75,COMP,168280,18.20,17.10,1,50.34,1.17,58.90,100,63,381
227.77,COMP,169051,18.30,17.10,1,49.76,4.52,224.92,100,68,383
228.79,COMP,169821,18.30,17.10,1,50.25,2.28,114.57,100,64,383
229.82,COMP,170592,18.20,17.10,1,50.04,4.94,247.20,100,67,381
230.84,COMP,171361,18.30,17.10,1,50.10,3.58,179.36,100,65,383
231.85,COMP,172132,18.30,17.10,1,49.76,4.69,233.37,100,67,383
232.87,COMP,172902,18.30,17.10,1,50.34,1.39,69.97,100,63,383
233.89,COMP,173672,18.40,17.10,1,49.51,4.48,221.80,100,67,385
234.91,COMP,174443,18.30,17.10,1,50.13,2.32,116.30,100,65,383
235.94,COMP,175213,18.20,17.10,1,49.88,4.99,248.90,100,67,381
236.95,COMP,175984,18.30,17.10,1,49.55,6.53,323.56,100,70,383
237.97,COMP,176754,18.20,17.10,1,50.15,3.04,152.46,100,64,381
238.99,COMP,177524,18.20,17.11,1,49.78,5.14,255.87,100,67,381
240.01,COMP,178295,18.30,17.11,1,50.41,1.98,99.81,100,64,383
241.03,COMP,179066,18.30,17.11,1,49.67,5.44,270.20,100,68,383
242.05,COMP,179836,18.20,17.11,1,49.99,3.40,169.97,100,65,381
243.06,COMP,180800,18.30,17.10,1,49.34,6.71,331.07,100,70,383
244.09,COMP,181570,18.20,17.11,1,49.57,4.87,241.41,100,68,381
245.11,COMP,182341,18.30,17.11,1,49.80,4.95,246.51,100,67,383
246.11,COMP,183111,18.20,17.11,1,50.11,2.73,136.80,100,65,381
247.14,COMP,183882,18.20,17.11,1,50.03,2.94,147.09,100,64,381
248.15,COMP,184652,18.20,17.11,1,50.13,2.85,142.87,100,65,381
249.17,COMP,185423,18.40,17.11,1,50.01,5.56,278.06,100,69,385
250.19,COMP,186193,18.20,17.11,1,49.85,4.34,216.35,100,66,381
251.20,COMP,186963,18.20,17.11,1,49.83,4.56,227.22,100,66,381
252.22,COMP,187733,18.30,17.11,1,49.60,5.64,279.74,100,68,383
253.23,COMP,188504,18.30,17.11,1,50.34,1.56,78.53,100,63,383
254.25,COMP,189274,18.30,17.11,1,50.10,3.08,154.31,100,64,383
255.27,COMP,190044,18.30,17.11,1,49.59,4.95,245.47,100,68,383
256.28,COMP,190814,18.30,17.11,1,50.29,1.71,86.00,100,64,383
257.29,COMP,191584,18.30,17.11,1,49.39,5.29,261.27,100,68,383
258.31,COMP,192355,18.20,17.11,1,50.03,3.37,168.60,100,65,381
259.33,COMP,193126,18.20,17.11,1,50.47,1.34,67.63,100,62,381
260.34,COMP,193896,18.20,17.11,1,49.90,3.67,183.13,100,66,381
261.36,COMP,194666,18.40,17.11,1,49.55,5.59,276.98,100,68,385
262.38,COMP,195437,18.30,17.11,1,50.11,4.70,235.52,100,67,383
263.40,COMP,196207,18.20,17.11,1,50.40,1.50,75.60,100,62,381
264.42,COMP,196978,18.30,17.11,1,50.24,3.11,156.25,100,65,383
265.42,COMP,197748,18.30,17.11,1,49.96,3.06,152.88,100,65,383
266.42,COMP,198518,18.30,17.11,1,50.03,3.21,160.60,100,65,383
267.44,COMP,199288,18.40,17.12,1,49.50,6.37,315.32,100,68,385
268.46,COMP,200058,18.30,17.12,1,49.97,3.40,169.90,100,65,383
269.48,COMP,200828,18.20,17.12,1,49.88,3.28,163.61,100,65,381
270.50,COMP,201598,18.20,17.12,1,50.43,1.45,73.12,100,62,381
271.52,COMP,202369,18.30,17.12,1,50.04,3.17,158.63,100,64,383
272.53,COMP,203140,18.30,17.12,1,49.90,2.99,149.20,100,66,383
273.55,COMP,204103,18.20,17.12,1,50.15,2.41,120.86,100,64,381
274.57,COMP,204873,18.20,17.12,1,49.97,2.94,146.91,100,65,381
275.60,COMP,205644,18.20,17.12,1,50.15,2.10,105.31,100,64,381
276.62,COMP,206414,18.30,17.12,1,50.31,2.21,111.19,100,64,383
277.63,COMP,207185,18.20,17.12,1,50.55,0.36,18.20,100,60,381
278.65,COMP,207955,18.20,17.12,1,49.85,4.30,214.35,100,67,381
279.66,COMP,208726,18.30,17.12,1,50.32,1.61,81.02,100,62,383
280.68,COMP,209496,18.20,17.12,1,49.90,3.11,155.19,100,66,381
281.70,COMP,210266,18.30,17.12,1,50.20,2.45,122.99,100,64,383
282.71,COMP,211036,18.20,17.12,1,50.43,1.39,70.10,100,61,381
283.73,COMP,211806,18.20,17.12,1,49.88,2.94,146.65,100,64,381
284.75,COMP,212576,18.30,17.12,1,50.52,1.55,78.31,100,61,383
285.77,COMP,213346,18.20,17.12,1,50.24,2.24,112.54,100,64,381
286.79,COMP,214117,18.30,17.12,1,50.03,2.44,122.07,100,64,383
287.80,COMP,214887,18.30,17.12,1,49.78,4.77,237.45,100,67,383
288.82,COMP,215657,18.30,17.12,1,50.48,1.35,68.15,100,62,383
289.84,COMP,216428,18.30,17.12,1,50.15,4.21,211.13,100,66,383
290.86,COMP,217198,18.20,17.12,1,50.38,2.39,120.41,100,62,381
291.88,COMP,217968,18.20,17.12,1,49.94,2.42,120.85,100,65,381
292.89,COMP,218739,18.20,17.12,1,49.94,3.13,156.31,100,66,381
293.91,COMP,219509,18.30,17.13,1,49.88,4.32,215.48,100,67,383
294.92,COMP,220279,18.20,17.13,1,50.01,2.72,136.03,100,65,381
295.95,COMP,221049,18.30,17.13,1,50.18,2.17,108.89,100,63,383
296.98,COMP,222013,18.30,17.12,1,50.01,3.27,163.53,100,65,383
298.00,COMP,222783,18.30,17.12,1,50.27,2.66,133.72,100,64,383
299.02,COMP,223554,18.30,17.13,1,50.11,1.90,95.21,100,63,383
300.04,COMP,224324,18.30,17.13,1,49.76,4.45,221.43,100,67,383
301.07,COMP,225095,18.20,17.13,1,50.17,2.89,144.99,100,64,381
302.08,COMP,225866,18.30,17.13,1,49.88,3.85,192.04,100,66,383
303.10,COMP,226636,18.20,17.13,1,50.32,2.68,134.86,100,63,381
304.12,COMP,227406,18.20,17.13,1,50.04,2.74,137.11,100,64,381
305.14,COMP,228176,18.20,17.13,1,49.81,4.42,220.16,100,66,381
306.16,COMP,228946,18.20,17.13,1,49.48,6.06,299.85,100,69,381
307.17,COMP,229716,18.20,17.13,1,49.85,2.69,134.10,100,66,381
308.18,COMP,230487,18.20,17.13,1,49.97,3.43,171.40,100,65,381
309.20,COMP,231257,18.30,17.13,1,49.96,2.57,128.40,100,65,383
310.22,COMP,232028,18.30,17.13,1,50.25,3.09,155.27,100,64,383
311.24,COMP,232798,18.20,17.13,1,49.69,4.70,233.54,100,68,381
312.25,COMP,233567,18.20,17.13,1,49.57,4.35,215.63,100,67,381
313.27,COMP,234338,18.20,17.13,1,49.60,5.18,256.93,100,68,381
314.29,COMP,235108,18.30,17.13,1,50.08,3.31,165.76,100,65,383
315.30,COMP,235879,18.30,17.13,1,50.03,3.32,166.10,100,64,383
316.32,COMP,236649,18.20,17.13,1,50.03,2.98,149.09,100,65,381
317.32,COMP,237419,18.30,17.13,1,49.73,4.75,236.22,100,67,383
318.34,COMP,238189,18.30,17.13,1,49.59,4.41,218.69,100,67,383
319.36,COMP,238960,18.30,17.13,1,49.71,4.43,220.22,100,67,383
320.38,COMP,239730,18.30,17.14,1,49.62,4.64,230.24,100,67,383
321.39,COMP,240693,18.30,17.13,1,49.78,3.62,180.20,100,66,383
322.41,COMP,241464,18.40,17.13,1,49.83,3.56,177.39,100,66,385
323.43,COMP,242234,18.30,17.13,1,49.78,4.32,215.05,100,67,383
324.46,COMP,243005,18.20,17.13,1,49.64,3.78,187.64,100,66,381
325.47,COMP,243774,18.20,17.14,1,49.81,3.41,169.85,100,65,381
326.49,COMP,244544,18.20,17.14,1,49.27,6.15,303.01,100,69,381
327.50,COMP,245315,18.20,17.14,1,49.87,4.33,215.94,100,66,381
328.52,COMP,246085,18.20,17.14,1,49.30,6.24,307.63,100,70,381
329.54,COMP,246856,18.30,17.14,1,50.45,0.73,36.83,100,60,383
330.54,COMP,247626,18.20,17.14,1,50.43,0.36,18.15,100,60,381
331.55,COMP,248397,18.20,17.14,1,50.38,1.02,51.39,100,62,381
332.57,COMP,249167,18.30,17.14,1,50.45,1.61,81.22,100,62,383
333.58,COMP,249937,18.30,17.14,1,49.71,3.58,177.96,100,66,383
334.59,COMP,250708,18.30,17.14,1,49.18,7.94,390.49,100,71,383
335.62,COMP,251478,18.30,17.14,1,49.96,3.56,177.86,100,64,383
336.64,COMP,252248,18.20,17.14,1,49.71,3.84,190.89,100,66,381
337.65,COMP,253019,18.30,17.14,1,49.73,5.05,251.14,100,67,383
338.66,COMP,253790,18.20,17.14,1,50.08,3.05,152.74,100,64,381
339.68,COMP,254560,18.40,17.14,1,49.87,3.91,194.99,100,66,385
340.70,COMP,255331,18.30,17.14,1,50.01,3.33,166.53,100,65,383
341.71,COMP,256101,18.20,17.14,1,50.04,3.02,151.12,100,64,381
342.73,COMP,256871,18.30,17.14,1,49.90,4.07,203.09,100,66,383
343.74,COMP,257642,18.30,17.14,1,50.04,2.53,126.60,100,64,383
344.77,COMP,258412,18.30,17.14,1,49.81,4.46,222.15,100,67,383
345.78,COMP,259183,18.30,17.14,1,50.38,2.28,114.87,100,64,383
346.80,COMP,259953,18.20,17.15,1,50.55,1.30,65.71,100,62,381
347.82,COMP,260723,18.20,17.15,1,50.32,2.45,123.28,100,63,381
348.83,COMP,261493,18.10,17.15,1,50.04,3.32,166.13,100,66,379
349.85,COMP,262263,18.20,17.15,1,49.67,3.96,196.69,100,66,381
350.86,COMP,263227,18.30,17.14,1,49.83,4.54,226.23,100,66,383
351.88,COMP,263997,18.30,17.15,1,49.27,5.73,282.32,100,69,383
352.90,COMP,264768,18.40,17.15,1,49.43,6.30,311.41,100,69,385
353.92,COMP,265538,18.30,17.15,1,49.87,3.68,183.52,100,66,383
354.94,COMP,266309,18.30,17.15,1,49.62,5.08,252.07,100,68,383
355.95,COMP,267080,18.40,17.15,1,49.71,5.16,256.50,100,67,385
356.97,COMP,267850,18.20,17.15,1,50.24,1.48,74.36,100,63,381
358.00,COMP,268620,18.30,17.15,1,49.59,5.37,266.30,100,67,383
359.01,COMP,269390,18.20,17.15,1,50.27,1.73,86.97,100,63,381
360.03,COMP,270161,18.40,17.15,1,49.53,6.67,330.37,100,69,385
361.05,COMP,270936,18.40,17.15,1,49.59,4.89,242.50,100,67,385
362.07,COMP,271710,18.20,17.15,1,49.96,2.83,141.39,100,66,381
363.09,COMP,272485,18.40,17.15,1,49.55,5.13,254.19,100,68,385
364.11,COMP,273259,18.40,17.15,1,49.53,6.41,317.49,100,68,385
365.12,COMP,274030,18.30,17.15,1,50.68,0.10,5.07,100,60,383
366.15,COMP,274805,18.40,17.15,1,50.31,1.50,75.47,100,62,385
367.17,COMP,275579,18.40,17.15,1,50.04,3.10,155.12,100,65,385
368.20,COMP,276354,18.40,17.15,1,50.24,1.05,52.75,100,63,385
369.22,COMP,277128,18.40,17.15,1,49.67,3.83,190.24,100,67,385
370.24,COMP,277903,18.40,17.15,1,50.06,3.24,162.19,100,65,385
371.26,COMP,278678,18.40,17.15,1,50.55,0.51,25.78,100,61,385
372.28,COMP,279647,18.30,17.15,1,49.53,4.50,222.88,100,67,383
373.29,COMP,280421,18.40,17.15,1,49.97,3.56,177.89,100,66,385
374.31,COMP,281196,18.40,17.15,1,49.76,4.38,217.95,100,66,385
375.34,COMP,281970,18.40,17.15,1,49.78,3.60,179.21,100,66,385
376.35,COMP,282745,18.30,17.15,1,50.36,0.82,41.30,100,63,383
377.37,COMP,283520,18.30,17.16,1,50.57,0.16,8.09,100,61,383
378.38,COMP,284295,18.40,17.16,1,50.47,0.83,41.89,100,62,385
379.39,COMP,285070,18.40,17.16,1,50.47,0.90,45.42,100,61,385
380.41,COMP,285844,18.40,17.16,1,50.48,1.50,75.72,100,62,385
381.43,COMP,286618,18.30,17.16,1,49.53,5.05,250.13,100,69,383
382.44,COMP,287393,18.40,17.16,1,50.17,2.51,125.93,100,65,385
383.46,COMP,288168,18.30,17.16,1,50.18,3.59,180.15,100,66,383
384.48,COMP,288941,18.30,17.16,1,50.48,1.24,62.60,100,62,383
385.49,COMP,289715,18.30,17.16,1,50.48,1.13,57.04,100,62,383
386.51,COMP,290490,18.40,17.16,1,49.50,5.61,277.70,100,69,385
387.53,COMP,291265,18.40,17.16,1,49.29,5.91,291.30,100,68,385
388.53,COMP,292039,18.40,17.16,1,49.25,7.70,379.22,100,71,385
389.55,COMP,292813,18.30,17.16,1,49.11,6.25,306.94,100,69,383
390.57,COMP,293588,18.30,17.16,1,48.79,7.08,345.43,100,71,383
391.59,COMP,294364,18.30,17.16,1,49.36,6.26,308.99,100,69,383
392.60,COMP,295139,18.40,17.16,1,49.27,7.32,360.66,100,70,385
393.62,COMP,295914,18.30,17.16,1,50.06,2.85,142.67,100,64,383
394.64,COMP,296689,18.20,17.16,1,48.90,6.68,326.65,100,70,381
395.65,COMP,297463,18.30,17.16,1,49.62,5.59,277.38,100,68,383
396.67,COMP,298237,18.40,17.16,1,48.55,8.91,432.58,100,72,385
397.69,COMP,299012,18.40,17.16,1,48.99,8.46,414.46,100,72,385
398.69,COMP,299786,18.40,17.16,1,49.15,5.60,275.24,100,68,385
399.71,COMP,300561,18.40,17.16,1,48.69,7.86,382.70,100,73,385
400.73,COMP,301336,18.40,17.17,1,49.32,6.32,311.70,100,69,385
401.75,COMP,302304,18.40,17.16,1,49.02,6.90,338.24,100,70,385
402.77,COMP,303079,18.30,17.16,1,49.57,4.94,244.88,100,68,383
403.80,COMP,303854,18.20,17.16,1,49.90,5.28,263.47,100,68,381
404.81,COMP,304628,18.30,17.16,1,49.92,2.52,125.80,100,65,383
405.83,COMP,305403,18.30,17.17,1,49.53,4.70,232.79,100,68,383
406.85,COMP,306177,18.40,17.17,1,49.50,5.47,270.76,100,67,385
407.87,COMP,306951,18.30,17.17,1,49.48,5.78,285.99,100,68,383
408.89,COMP,307726,18.30,17.17,1,49.34,5.57,274.82,100,69,383
409.90,COMP,308500,18.40,17.17,1,49.44,5.91,292.19,100,68,385
410.92,COMP,309274,18.30,17.17,1,49.01,7.04,345.03,100,71,383
411.94,COMP,310048,18.20,17.17,1,49.15,6.92,340.12,100,70,381
412.95,COMP,310823,18.40,17.17,1,49.30,6.29,310.10,100,70,385
413.97,COMP,311598,18.30,17.17,1,49.73,2.43,120.84,100,66,383
414.98,COMP,312372,18.40,17.17,1,48.78,9.05,441.46,100,73,385
416.00,COMP,313147,18.40,17.17,1,49.36,6.17,304.55,100,69,385
417.02,COMP,313921,18.30,17.17,1,49.62,4.35,215.85,100,67,383
418.04,COMP,314696,18.50,17.17,1,49.16,6.50,319.54,100,70,388
419.06,COMP,315470,18.30,17.17,1,49.44,4.83,238.80,100,69,383
420.07,COMP,316244,18.40,17.17,1,49.60,3.95,195.92,100,67,385
421.09,COMP,317020,18.40,17.17,1,49.27,4.93,242.90,100,68,385
422.10,COMP,317794,18.30,17.17,1,50.04,2.61,130.60,100,64,383
423.12,COMP,318569,18.40,17.17,1,50.06,3.06,153.18,100,64,385
424.14,COMP,319343,18.30,17.17,1,49.50,5.14,254.43,100,68,383
425.15,COMP,320117,18.30,17.17,1,49.20,6.44,316.85,100,70,383
426.17,COMP,320892,18.40,17.17,1,49.30,6.00,295.80,100,69,385
427.19,COMP,321861,18.40,17.17,1,49.51,5.06,250.52,100,67,385
428.21,COMP,322635,18.40,17.17,1,48.92,7.71,377.17,100,72,385
429.25,COMP,323410,18.30,17.17,1,48.92,8.10,396.25,100,72,383
430.26,COMP,324184,18.50,17.17,1,48.48,9.29,450.38,100,74,388
431.28,COMP,324959,18.40,17.17,1,49.51,4.61,228.24,100,68,385
432.30,COMP,325733,18.40,17.18,1,49.16,5.59,274.80,100,69,385
433.31,COMP,326507,18.30,17.18,1,49.97,2.48,123.93,100,65,383
434.33,COMP,327283,18.30,17.18,1,50.32,0.15,7.55,100,61,383
435.35,COMP,328058,18.50,17.18,1,49.85,2.72,135.59,100,64,388
436.37,COMP,328836,18.40,17.18,1,50.41,0.11,5.55,100,61,385
437.38,COMP,329612,18.30,17.18,1,49.81,2.08,103.60,100,64,383
438.40,COMP,330387,18.40,17.18,1,49.48,5.44,269.17,100,69,385
439.40,COMP,331162,18.30,17.18,1,49.64,4.74,235.29,100,66,383
440.42,COMP,331936,18.40,17.18,1,48.65,9.54,464.12,100,73,385
441.44,COMP,332711,18.40,17.18,1,49.48,4.78,236.51,100,68,385
442.45,COMP,333485,18.40,17.18,1,49.06,6.60,323.80,100,70,385
443.48,COMP,334260,18.40,17.18,1,48.56,9.51,461.81,100,73,385
444.50,COMP,335035,18.40,17.18,1,48.83,8.69,424.33,100,72,385
445.52,COMP,335809,18.50,17.18,1,49.23,5.84,287.50,100,68,388
446.54,COMP,336584,18.40,17.18,1,49.43,4.83,238.75,100,69,385
447.56,COMP,337359,18.40,17.18,1,49.62,4.29,212.87,100,67,385
448.59,COMP,338133,18.40,17.18,1,49.32,5.18,255.48,100,68,385
449.59,COMP,338908,18.30,17.18,1,49.41,4.92,243.10,100,68,383
450.61,COMP,339877,18.20,17.18,1,49.30,6.13,302.21,100,69,381
451.63,COMP,340652,18.40,17.18,1,49.11,6.74,331.00,100,70,385
452.64,COMP,341427,18.40,17.18,1,49.06,7.13,349.80,100,71,385
453.67,COMP,342202,18.40,17.18,1,48.90,8.26,403.91,100,72,385
454.69,COMP,342975,18.40,17.18,1,48.65,8.08,393.09,100,72,385
455.70,COMP,343750,18.30,17.18,1,49.04,7.43,364.37,100,71,383
456.72,COMP,344525,18.40,17.18,1,48.58,8.43,409.53,100,73,385
457.73,COMP,345300,18.40,17.18,1,48.71,8.73,425.24,100,73,385
458.76,COMP,346075,18.40,17.19,1,49.16,6.55,322.00,100,70,385
459.77,COMP,346849,18.40,17.19,1,48.83,8.00,390.64,100,72,385
460.79,COMP,347623,18.50,17.19,1,48.97,7.15,350.14,100,71,388
461.80,COMP,348397,18.40,17.19,1,49.55,4.07,201.67,100,67,385
462.82,COMP,349172,18.40,17.19,1,49.69,3.67,182.36,100,66,385
463.84,COMP,349946,18.40,17.19,1,50.13,1.86,93.24,100,64,385
464.86,COMP,350721,18.30,17.19,1,49.74,3.06,152.20,100,65,383
465.87,COMP,351495,18.40,17.19,1,48.90,6.47,316.38,100,70,385
466.89,COMP,352270,18.30,17.19,1,49.78,3.19,158.80,100,66,383
467.90,COMP,353045,18.30,17.19,1,49.15,5.51,270.82,100,69,383
468.93,COMP,353819,18.20,17.19,1,49.94,2.48,123.85,100,65,381
469.93,COMP,354594,18.30,17.19,1,49.76,3.03,150.77,100,65,383
470.94,COMP,355368,18.30,17.19,1,49.64,4.77,236.78,100,66,383
471.96,COMP,356142,18.30,17.19,1,49.55,3.69,182.84,100,66,383
472.98,COMP,356917,18.40,17.19,1,49.46,4.82,238.40,100,68,385
474.00,COMP,357691,18.40,17.19,1,49.06,5.00,245.30,100,69,385
475.02,COMP,358466,18.50,17.19,1,49.38,5.05,249.37,100,69,388
476.03,COMP,359241,18.40,17.19,1,49.62,6.95,344.86,100,70,385
477.05,COMP,360016,18.40,17.19,1,49.43,4.63,228.86,100,67,385
478.07,COMP,360985,18.40,17.19,1,49.78,4.86,241.93,100,68,385
479.09,COMP,361759,18.30,17.19,1,49.55,3.78,187.30,100,67,383
480.12,COMP,362533,18.40,17.19,1,49.76,3.40,169.18,100,66,385
481.14,COMP,363308,18.30,17.19,1,49.44,3.96,195.78,100,67,383
482.16,COMP,364082,18.30,17.19,1,49.22,6.56,322.88,100,71,383
483.18,COMP,364856,18.30,17.20,1,49.44,4.32,213.58,100,68,383
484.20,COMP,365631,18.30,17.20,1,49.99,2.11,105.48,100,64,383
485.22,COMP,366405,18.40,17.20,1,49.36,5.64,278.39,100,69,385
486.23,COMP,367180,18.40,17.20,1,49.39,5.31,262.26,100,69,385
487.25,COMP,367954,18.50,17.20,1,49.71,3.71,184.42,100,66,388
488.27,COMP,368729,18.20,17.20,1,49.22,4.91,241.67,100,71,381
489.29,COMP,369503,18.40,17.20,1,49.67,3.99,198.18,100,67,385
490.31,COMP,370277,18.40,17.20,1,48.85,6.72,328.27,100,71,385
491.33,COMP,371052,18.40,17.20,1,49.50,4.17,206.42,100,67,385
492.35,COMP,371827,18.40,17.20,1,49.46,4.57,226.03,100,68,385
493.36,COMP,372601,18.40,17.20,1,48.72,6.77,329.83,100,73,385
494.38,COMP,373376,18.40,17.20,1,49.18,6.11,300.49,100,70,385
495.40,COMP,374150,18.40,17.20,1,49.29,5.28,260.25,100,68,385
496.41,COMP,374925,18.30,17.20,1,49.11,6.80,333.95,100,70,383
497.43,COMP,375699,18.30,17.20,1,49.22,6.03,296.80,100,69,383
498.45,COMP,376474,18.20,17.20,1,49.13,6.50,319.35,100,69,381
499.47,COMP,377248,18.50,17.20,1,49.20,5.39,265.19,100,68,388
500.50,COMP,378217,18.30,17.20,1,49.51,4.52,223.79,100,67,383
501.53,COMP,378992,18.30,17.20,1,49.81,4.19,208.70,100,67,383
502.54,COMP,379765,18.30,17.20,1,48.65,8.50,413.53,100,73,383
503.56,COMP,380540,18.50,17.20,1,48.83,8.47,413.59,100,71,388
504.58,COMP,381315,18.40,17.20,1,49.01,7.55,370.03,100,71,385
505.60,COMP,382089,18.40,17.20,1,49.04,6.26,306.99,100,70,385
506.62,COMP,382864,18.40,17.20,1,49.04,6.92,339.36,100,71,385
507.64,COMP,383639,18.40,17.21,1,49.01,6.30,308.76,100,71,385
508.66,COMP,384413,18.40,17.21,1,48.92,6.75,330.21,100,70,385
509.68,COMP,385188,18.50,17.21,1,48.76,8.43,411.05,100,72,388
510.68,COMP,385963,18.30,17.21,1,49.02,6.00,294.12,100,69,383
511.70,COMP,386738,18.40,17.21,1,49.50,3.76,186.12,100,67,385
512.71,COMP,387512,18.30,17.21,1,48.83,7.32,357.44,100,71,383
513.73,COMP,388287,18.40,17.21,1,49.20,5.86,288.31,100,69,385
514.75,COMP,389061,18.40,17.21,1,48.71,8.22,400.40,100,72,385
515.77,COMP,389836,18.30,17.21,1,48.95,6.71,328.45,100,70,383
516.79,COMP,390610,18.40,17.21,1,48.56,7.43,360.80,100,71,385
517.81,COMP,391385,18.40,17.21,1,49.23,5.97,293.90,100,70,385
518.84,COMP,392160,18.30,17.21,1,49.69,3.91,194.29,100,67,383
519.86,COMP,392934,18.50,17.21,1,48.48,10.01,485.28,100,73,388
520.89,COMP,393903,18.30,17.21,1,49.25,5.45,268.41,100,68,383
521.91,COMP,394678,18.40,17.21,1,48.78,8.15,397.56,100,72,385
522.92,COMP,395452,18.40,17.21,1,48.90,6.60,322.74,100,70,385
523.95,COMP,396227,18.40,17.21,1,48.79,7.91,385.93,100,72,385
524.96,COMP,397000,18.40,17.21,1,48.99,6.61,323.82,100,70,385
525.98,COMP,397775,18.30,17.21,1,49.39,4.55,224.72,100,67,383
527.00,COMP,398549,18.30,17.21,1,48.55,9.18,445.69,100,74,383
528.01,COMP,399324,18.40,17.21,1,49.48,3.54,175.16,100,67,385
529.03,COMP,400098,18.20,17.21,1,49.76,2.32,115.44,100,64,381
530.05,COMP,400873,18.40,17.21,1,48.78,7.92,386.34,100,72,385
531.06,COMP,401648,18.30,17.22,1,49.59,5.04,249.93,100,68,383
532.08,COMP,402422,18.30,17.22,1,48.88,7.34,358.78,100,71,383
533.09,COMP,403196,18.30,17.22,1,48.97,5.55,271.78,100,69,383
534.11,COMP,403971,18.40,17.22,1,49.13,5.74,282.01,100,69,385
535.12,COMP,404745,18.20,17.22,1,48.55,7.56,367.04,100,72,381
536.14,COMP,405520,18.30,17.22,1,48.74,7.98,388.95,100,73,383
537.15,COMP,406294,18.40,17.22,1,49.11,5.98,293.68,100,69,385
538.17,COMP,407068,18.50,17.22,1,49.30,4.50,221.85,100,67,388
539.18,COMP,407843,18.40,17.22,1,48.81,7.66,373.88,100,71,385
540.21,COMP,408618,18.30,17.22,1,49.48,5.09,251.85,100,68,383
541.22,COMP,409393,18.40,17.22,1,49.15,5.67,278.68,100,69,385
542.24,COMP,410167,18.30,17.22,1,48.74,7.33,357.26,100,71,383
543.26,COMP,410942,18.30,17.22,1,48.92,6.65,325.32,100,70,383
544.27,COMP,411716,18.40,17.22,1,49.20,4.41,216.97,100,66,385
545.29,COMP,412491,18.40,17.22,1,49.11,5.20,255.37,100,69,385
546.30,COMP,413266,18.30,17.22,1,49.64,3.66,181.68,100,67,383
547.32,COMP,414039,18.40,17.22,1,48.46,8.72,422.57,100,73,385
548.34,COMP,415008,18.40,17.22,1,49.29,4.76,234.62,100,67,385
549.36,COMP,415782,18.40,17.22,1,48.64,7.28,354.10,100,72,385
550.39,COMP,416557,18.30,17.22,1,49.48,5.78,285.99,100,67,383
551.41,COMP,417331,18.50,17.22,1,49.34,7.55,372.52,100,71,388
552.43,COMP,418105,18.40,17.22,1,49.43,4.58,226.39,100,67,385
553.45,COMP,418879,18.40,17.22,1,48.65,7.01,341.04,100,71,385
554.46,COMP,419654,18.40,17.23,1,48.92,6.27,306.73,100,71,385
555.48,COMP,420428,18.40,17.23,1,48.41,8.04,389.22,100,72,385
556.49,COMP,421203,18.40,17.23,1,48.28,10.30,497.28,100,74,385
557.51,COMP,421978,18.40,17.23,1,49.08,6.04,296.44,100,69,385
558.53,COMP,422752,18.30,17.23,1,48.78,7.20,351.22,100,70,383
559.55,COMP,423526,18.40,17.23,1,48.09,11.62,558.81,100,76,385
560.57,COMP,424301,18.30,17.23,1,48.71,7.95,387.24,100,72,383
561.59,COMP,425075,18.40,17.23,1,48.07,8.69,417.73,100,73,385
562.61,COMP,425850,18.40,17.23,1,48.76,7.92,386.18,100,71,385
563.62,COMP,426624,18.30,17.23,1,48.51,8.22,398.75,100,72,383
564.64,COMP,427399,18.40,17.23,1,48.41,9.73,471.03,100,74,385
565.66,COMP,428174,18.40,17.23,1,48.88,7.73,377.84,100,70,385
566.67,COMP,428948,18.40,17.23,1,48.86,7.07,345.44,100,70,385
567.69,COMP,429722,18.30,17.23,1,48.74,5.32,259.30,100,69,383
568.70,COMP,430497,18.30,17.23,1,49.76,1.47,73.15,100,65,383
569.72,COMP,431272,18.40,17.23,1,48.99,6.10,298.84,100,70,385
570.74,COMP,432046,18.40,17.23,1,49.13,4.86,238.77,100,69,385
571.76,COMP,433015,18.50,17.23,1,48.28,8.66,418.10,100,73,388
572.78,COMP,433790,18.40,17.23,1,48.90,7.13,348.66,100,70,385
573.80,COMP,434564,18.40,17.23,1,48.74,7.12,347.03,100,70,385
574.81,COMP,435339,18.40,17.23,1,48.79,6.83,333.24,100,71,385
575.84,COMP,436112,18.40,17.23,1,48.44,7.68,372.02,100,71,385
576.86,COMP,436887,18.30,17.24,1,48.97,6.61,323.69,100,70,383
577.87,COMP,437662,18.30,17.24,1,49.16,5.06,248.75,100,68,383
578.89,COMP,438436,18.30,17.24,1,48.95,5.92,289.78,100,71,383
579.90,COMP,439211,18.40,17.24,1,49.25,5.11,251.67,100,68,385
580.92,COMP,439985,18.40,17.24,1,48.64,8.78,427.06,100,73,385
581.95,COMP,440759,18.30,17.24,1,48.55,6.83,331.60,100,71,383
582.97,COMP,441534,18.30,17.24,1,49.27,4.41,217.28,100,67,383
583.98,COMP,442308,18.20,17.24,1,48.41,7.32,354.36,100,73,381
585.00,COMP,443083,18.40,17.24,1,49.18,5.51,270.98,100,68,385
586.01,COMP,443857,18.40,17.24,1,48.69,7.16,348.62,100,71,385
587.03,COMP,444632,18.40,17.24,1,48.35,9.15,442.40,100,75,385
588.04,COMP,445407,18.40,17.24,1,49.27,6.79,334.54,100,71,385
589.06,COMP,446181,18.30,17.24,1,49.04,5.25,257.46,100,69,383
590.07,COMP,446956,18.30,17.24,1,49.02,5.69,278.92,100,69,383
591.10,COMP,447730,18.40,17.24,1,48.88,5.11,249.78,100,69,385
592.10,COMP,448505,18.30,17.24,1,48.88,6.70,327.50,100,71,383
593.12,COMP,449280,18.40,17.24,1,49.30,6.39,315.03,100,70,385
594.13,COMP,450054,18.40,17.24,1,48.92,5.77,282.27,100,69,385
595.15,COMP,450829,18.20,17.25,1,49.39,3.81,188.18,100,67,381
596.16,COMP,451603,18.30,17.25,1,48.86,6.98,341.04,100,71,383
597.18,COMP,452378,18.30,17.25,1,49.32,6.19,305.29,100,70,383
598.20,COMP,453152,18.40,17.25,1,49.16,5.10,250.72,100,69,385
599.21,COMP,454121,18.40,17.24,1,49.18,4.88,240.00,100,69,385
600.22,COMP,454895,18.50,17.25,1,49.51,4.25,210.42,100,66,388
601.24,COMP,455670,18.30,17.25,1,48.65,6.78,329.85,100,72,383
602.24,COMP,456445,18.40,17.25,1,48.88,6.70,327.50,100,71,385
603.26,COMP,457219,18.30,17.25,1,49.46,3.81,188.44,100,67,383
604.27,COMP,457994,18.40,17.25,1,49.34,4.00,197.36,100,66,385
605.30,COMP,458769,18.40,17.25,1,48.55,8.22,399.08,100,73,385
606.32,COMP,459547,18.40,17.25,1,48.58,7.96,386.70,100,73,385
607.34,COMP,460326,18.50,17.25,1,49.20,5.12,251.90,100,68,388
608.36,COMP,461105,18.40,17.25,1,48.90,6.81,333.01,100,71,385
609.38,COMP,461883,18.20,17.25,1,49.08,4.22,207.12,100,67,381
610.40,COMP,462658,18.30,17.25,1,49.50,3.93,194.54,100,66,383
611.42,COMP,463436,18.50,17.25,1,48.28,7.04,339.89,100,72,388
612.44,COMP,464215,18.40,17.25,1,49.16,4.74,233.02,100,68,385
613.46,COMP,464994,18.40,17.25,1,49.20,4.21,207.13,100,68,385
614.47,COMP,465773,18.50,17.25,1,48.92,7.46,364.94,100,71,388
615.49,COMP,466552,18.50,17.25,1,49.74,2.77,137.78,100,65,388
616.51,COMP,467330,18.50,17.25,1,49.01,5.72,280.34,100,69,388
617.52,COMP,468109,18.40,17.26,1,48.99,4.73,231.72,100,69,385
618.54,COMP,468887,18.50,17.26,1,49.27,4.52,222.70,100,69,388
619.57,COMP,469666,18.50,17.26,1,48.99,5.91,289.53,100,70,388
620.58,COMP,470444,18.50,17.26,1,48.79,5.06,246.88,100,70,388
621.60,COMP,471223,18.40,17.26,1,48.86,6.45,315.15,100,71,385
622.62,COMP,472002,18.50,17.26,1,48.83,5.94,290.05,100,71,388
623.64,COMP,472781,18.40,17.26,1,49.11,5.07,248.99,100,69,385
624.65,COMP,473755,18.40,17.26,1,48.94,6.45,315.66,100,70,385
625.68,COMP,474533,18.40,17.26,1,49.32,4.03,198.76,100,68,385
626.69,COMP,475312,18.40,17.26,1,49.25,4.72,232.46,100,68,385
627.72,COMP,476090,18.40,17.26,1,48.55,7.71,374.32,100,72,385
628.73,COMP,476868,18.40,17.26,1,48.62,7.18,349.09,100,71,385
629.75,COMP,477647,18.50,17.26,1,48.65,7.63,371.20,100,72,388
630.77,COMP,478427,18.30,17.26,1,49.09,5.58,273.92,100,70,383
631.79,COMP,479206,18.50,17.26,1,48.94,6.53,319.58,100,71,388
632.82,COMP,479984,18.40,17.26,1,48.04,7.66,367.99,100,73,385
633.84,COMP,480764,18.40,17.26,1,49.34,4.19,206.73,100,66,385
634.85,COMP,481543,18.50,17.26,1,49.22,4.69,230.84,100,68,388
635.88,COMP,482321,18.50,17.26,1,48.78,5.66,276.09,100,71,388
636.90,COMP,483100,18.60,17.26,1,49.46,3.70,183.00,100,67,390
637.92,COMP,483879,18.40,17.26,1,49.57,1.88,93.19,100,66,385
638.94,COMP,484658,18.40,17.26,1,49.71,1.82,90.47,100,64,385
639.97,COMP,485436,18.40,17.26,1,49.43,3.21,158.67,100,66,385
640.99,COMP,486215,18.40,17.27,1,49.87,2.01,100.24,100,64,385
642.01,COMP,486994,18.50,17.27,1,49.53,2.45,121.35,100,67,388
643.03,COMP,487773,18.50,17.27,1,49.55,3.61,178.88,100,67,388
644.05,COMP,488746,18.50,17.26,1,48.88,5.08,248.31,100,70,388
645.07,COMP,489525,18.50,17.26,1,48.72,6.76,329.35,100,71,388
646.08,COMP,490304,18.40,17.27,1,48.94,5.43,265.74,100,69,385
647.10,COMP,491083,18.50,17.27,1,48.86,7.61,371.82,100,71,388
648.12,COMP,491862,18.50,17.27,1,48.90,6.62,323.72,100,70,388
649.14,COMP,492640,18.40,17.27,1,48.58,8.85,429.93,100,73,385
650.16,COMP,493418,18.40,17.27,1,48.56,7.73,375.37,100,72,385
651.17,COMP,494197,18.40,17.27,1,48.44,9.36,453.40,100,74,385
652.19,COMP,494975,18.50,17.27,1,48.28,7.45,359.69,100,72,388
653.19,COMP,495754,18.50,17.27,1,49.13,5.05,248.11,100,69,388
654.21,COMP,496533,18.40,17.27,1,48.99,5.88,288.06,100,70,385
655.23,COMP,497312,18.40,17.27,1,49.20,5.27,259.28,100,68,385
656.24,COMP,498091,18.40,17.27,1,48.88,6.80,332.38,100,71,385
657.26,COMP,498869,18.50,17.27,1,48.64,5.89,286.49,100,70,388
658.28,COMP,499648,18.50,17.27,1,48.67,7.29,354.80,100,72,388
659.30,COMP,500427,18.40,17.27,1,49.25,4.74,233.44,100,68,385
660.32,COMP,501206,18.40,17.27,1,49.30,3.70,182.41,100,68,385
661.33,COMP,501985,18.60,17.27,1,48.83,6.79,331.56,100,71,390
662.35,COMP,502764,18.50,17.27,1,48.90,6.86,335.45,100,72,388
663.36,COMP,503542,18.30,17.27,1,49.16,4.88,239.90,100,68,383
664.38,COMP,504321,18.40,17.28,1,49.32,4.28,211.09,100,67,385
665.39,COMP,505100,18.50,17.28,1,48.88,6.61,323.10,100,71,388
666.41,COMP,505878,18.50,17.28,1,49.62,2.06,102.22,100,64,388
667.43,COMP,506657,18.40,17.28,1,49.25,4.95,243.79,100,69,385
668.45,COMP,507435,18.50,17.28,1,48.79,5.78,282.01,100,70,388
669.46,COMP,508214,18.50,17.28,1,49.36,4.00,197.44,100,67,388
670.48,COMP,508993,18.50,17.28,1,49.15,5.09,250.17,100,70,388
671.50,COMP,509967,18.40,17.28,1,49.30,4.10,202.13,100,67,385
672.53,COMP,510745,18.40,17.28,1,49.76,2.54,126.39,100,65,385
673.53,COMP,511523,18.40,17.28,1,49.51,2.76,136.65,100,66,385
674.57,COMP,512302,18.50,17.28,1,49.02,6.23,305.39,100,70,388
675.59,COMP,513081,18.40,17.28,1,48.97,5.70,279.13,100,69,385
676.61,COMP,513860,18.50,17.28,1,49.25,4.49,221.13,100,68,388
677.62,COMP,514638,18.50,17.28,1,48.94,6.31,308.81,100,70,388
678.64,COMP,515417,18.40,17.28,1,48.94,6.31,308.81,100,70,385
679.66,COMP,516196,18.40,17.28,1,48.88,6.60,322.61,100,71,385
680.68,COMP,516975,18.50,17.28,1,49.18,4.83,237.54,100,69,388
681.69,COMP,517753,18.30,17.28,1,49.41,4.14,204.56,100,67,383
682.71,COMP,518532,18.40,17.28,1,49.01,5.51,270.05,100,70,385
683.73,COMP,519311,18.50,17.28,1,49.32,3.75,184.95,100,68,388
684.75,COMP,520089,18.50,17.28,1,49.60,2.15,106.64,100,65,388
685.76,COMP,520868,18.30,17.28,1,49.44,3.42,169.08,100,66,383
686.78,COMP,521647,18.50,17.29,1,49.34,3.28,161.84,100,67,388
687.80,COMP,522425,18.50,17.29,1,49.64,2.96,146.93,100,66,388
688.81,COMP,523204,18.50,17.29,1,49.71,2.49,123.78,100,66,388
689.83,COMP,523982,18.50,17.29,1,49.25,3.48,171.39,100,68,388
690.85,COMP,524762,18.40,17.29,1,49.59,1.61,79.84,100,65,385
691.86,COMP,525540,18.50,17.29,1,48.99,4.44,217.52,100,68,388
692.88,COMP,526319,18.40,17.29,1,49.66,2.63,130.61,100,66,385
693.91,COMP,527098,18.50,17.29,1,49.32,3.78,186.43,100,68,388
694.93,COMP,527876,18.50,17.29,1,49.27,3.57,175.89,100,66,388
695.94,COMP,528850,18.50,17.29,1,49.44,4.28,211.60,100,66,388
696.96,COMP,529628,18.40,17.29,1,49.71,2.27,112.84,100,65,385
697.98,COMP,530407,18.50,17.29,1,49.39,4.26,210.40,100,68,388
699.00,COMP,531186,18.50,17.29,1,49.32,3.09,152.40,100,67,388
700.02,COMP,531964,18.40,17.29,1,49.57,2.70,133.84,100,65,385
701.03,COMP,532743,18.40,17.29,1,49.51,3.44,170.31,100,66,385
702.05,COMP,533521,18.40,17.29,1,49.69,2.26,112.30,100,66,385
703.07,COMP,534300,18.40,17.29,1,49.87,1.53,76.30,100,63,385
704.09,COMP,535079,18.50,17.29,1,49.44,3.43,169.58,100,67,388
705.11,COMP,535858,18.40,17.29,1,48.94,6.41,313.71,100,71,385
706.13,COMP,536637,18.40,17.29,1,49.64,3.60,178.70,100,67,385
707.15,COMP,537415,18.50,17.29,1,49.74,2.55,126.84,100,65,388
708.17,COMP,538194,18.50,17.30,1,49.08,4.78,234.60,100,70,388
709.19,COMP,538972,18.60,17.30,1,48.76,6.49,316.45,100,70,390
710.21,COMP,539751,18.40,17.30,1,48.32,10.05,485.62,100,75,385
711.23,COMP,540530,18.50,17.30,1,47.95,11.85,568.21,100,78,388
712.25,COMP,541309,18.40,17.30,1,49.18,3.72,182.95,100,67,385
713.27,COMP,542087,18.40,17.30,1,48.60,8.86,430.60,100,73,385
714.30,COMP,542865,18.50,17.30,1,48.42,8.89,430.45,100,73,388
715.32,COMP,543644,18.40,17.30,1,49.01,5.67,277.89,100,70,385
716.33,COMP,544423,18.50,17.30,1,48.71,7.81,380.43,100,73,388
717.35,COMP,545396,18.50,17.30,1,49.18,2.95,145.08,100,66,388
718.36,COMP,546174,18.50,17.30,1,48.88,5.68,277.64,100,69,388
719.38,COMP,546953,18.50,17.30,1,49.27,5.02,247.34,100,68,388
720.41,COMP,547732,18.50,17.30,1,49.43,3.24,160.15,100,67,388
721.43,COMP,548511,18.50,17.30,1,49.76,1.64,81.61,100,64,388
722.44,COMP,549290,18.40,17.30,1,49.83,1.17,58.30,100,64,385
723.46,COMP,550069,18.40,17.30,1,49.69,1.13,56.15,100,64,385
724.47,COMP,550847,18.50,17.30,1,49.62,2.31,114.62,100,65,388
725.49,COMP,551626,18.50,17.30,1,49.60,2.41,119.54,100,66,388
726.51,COMP,552405,18.50,17.30,1,49.74,1.35,67.15,100,64,388
727.52,COMP,553183,18.40,17.30,1,49.57,3.21,159.12,100,67,385
728.54,COMP,553962,18.50,17.31,1,49.50,3.18,157.41,100,65,388
729.56,COMP,554740,18.30,17.31,1,49.55,2.82,139.73,100,66,383
730.58,COMP,555519,18.50,17.31,1,49.66,2.35,116.70,100,65,388
731.59,COMP,556298,18.40,17.31,1,49.41,3.32,164.04,100,67,385
732.61,COMP,557077,18.50,17.31,1,49.48,4.99,246.91,100,69,388
733.63,COMP,557855,18.40,17.31,1,49.44,3.92,193.80,100,67,385
734.64,COMP,558634,18.50,17.31,1,49.53,3.14,155.52,100,67,388
735.66,COMP,559413,18.40,17.31,1,49.81,3.11,154.91,100,66,385
736.67,COMP,560191,18.50,17.31,1,49.80,2.08,103.58,100,64,388
737.69,COMP,560970,18.50,17.31,1,48.99,3.86,189.10,100,67,388
738.71,COMP,561748,18.60,17.31,1,49.53,3.66,181.28,100,66,390
739.73,COMP,562527,18.40,17.31,1,49.53,2.85,141.16,100,66,385
740.75,COMP,563306,18.40,17.31,1,49.74,2.46,122.36,100,66,385
741.77,COMP,564084,18.50,17.31,1,49.73,1.68,83.55,100,65,388
742.79,COMP,565058,18.50,17.31,1,49.55,2.88,142.70,100,66,388
743.81,COMP,565836,18.50,17.31,1,49.41,3.77,186.28,100,67,388
744.84,COMP,566615,18.40,17.31,1,49.48,3.31,163.78,100,66,385
745.86,COMP,567393,18.50,17.31,1,49.62,2.99,148.36,100,66,388
746.88,COMP,568172,18.50,17.31,1,49.38,3.71,183.20,100,68,388
747.90,COMP,568950,18.50,17.31,1,49.46,3.74,184.98,100,67,388
748.91,COMP,569729,18.50,17.31,1,49.76,3.06,152.27,100,66,388
749.93,COMP,570507,18.40,17.32,1,49.57,2.68,132.85,100,66,385
750.95,COMP,571286,18.50,17.32,1,49.76,2.03,101.01,100,63,388
751.97,COMP,572065,18.50,17.32,1,49.66,2.73,135.57,100,66,388
752.98,COMP,572844,18.40,17.32,1,49.62,2.32,115.12,100,65,385
754.01,COMP,573623,18.40,17.32,1,49.44,4.14,204.68,100,67,385
755.03,COMP,574402,18.50,17.32,1,49.04,5.30,259.91,100,69,388
756.05,COMP,575180,18.50,17.32,1,49.59,2.99,148.27,100,66,388
757.07,COMP,575959,18.50,17.32,1,49.39,4.06,200.52,100,68,388
758.08,COMP,576737,18.50,17.32,1,49.44,4.06,200.73,100,67,388
759.10,COMP,577516,18.30,17.32,1,49.69,2.04,101.37,100,66,383
760.12,COMP,578294,18.40,17.32,1,48.94,5.14,251.55,100,68,385
761.14,COMP,579073,18.50,17.32,1,49.04,5.41,265.31,100,69,388
762.15,COMP,579852,18.30,17.32,1,49.62,2.57,127.52,100,65,383
763.17,COMP,580631,18.40,17.32,1,49.60,2.34,116.06,100,66,385
764.19,COMP,581409,18.50,17.32,1,49.41,3.30,163.05,100,66,388
765.21,COMP,582383,18.50,17.32,1,49.08,6.32,310.19,100,71,388
766.23,COMP,583161,18.50,17.32,1,49.27,4.14,203.98,100,68,388
767.26,COMP,583940,18.50,17.32,1,49.36,4.58,226.07,100,68,388
768.27,COMP,584719,18.50,17.32,1,49.44,4.50,222.48,100,67,388
769.29,COMP,585497,18.40,17.33,1,49.80,1.67,83.17,100,64,385
770.30,COMP,586276,18.50,17.33,1,49.55,3.19,158.06,100,66,388
771.32,COMP,587055,18.40,17.33,1,49.44,3.50,173.04,100,67,385
772.34,COMP,587834,18.40,17.33,1,49.71,3.13,155.59,100,66,385
773.35,COMP,588612,18.50,17.33,1,49.74,1.63,81.08,100,64,388
774.37,COMP,589390,18.40,17.33,1,49.90,1.32,65.87,100,63,385
775.38,COMP,590169,18.50,17.33,1,48.92,6.85,335.10,100,71,388
776.40,COMP,590948,18.50,17.33,1,49.64,3.27,162.32,100,65,388
777.42,COMP,591726,18.30,17.33,1,49.50,3.17,156.92,100,66,383
778.44,COMP,592505,18.50,17.33,1,49.64,3.13,155.37,100,66,388
779.45,COMP,593284,18.50,17.33,1,49.43,3.94,194.75,100,67,388
780.47,COMP,594062,18.40,17.33,1,49.57,2.32,115.00,100,65,385
781.49,COMP,594842,18.40,17.33,1,49.78,1.51,75.17,100,63,385
782.50,COMP,595621,18.40,17.33,1,49.96,0.92,45.96,100,63,385
783.52,COMP,596400,18.40,17.33,1,49.73,2.60,129.30,100,64,385
784.54,COMP,597179,18.50,17.34,1,49.11,3.48,170.90,100,68,388
785.54,COMP,597958,18.50,17.34,1,49.06,4.99,244.81,100,70,388
786.56,COMP,598737,18.40,17.34,1,49.55,2.96,146.67,100,65,385
787.57,COMP,599515,18.50,17.34,1,49.78,2.53,125.94,100,65,388
788.59,COMP,600294,18.40,17.34,1,49.90,0.83,41.42,100,63,385
789.60,COMP,601073,18.60,17.34,1,49.36,4.12,203.36,100,68,390
790.62,COMP,601851,18.50,17.34,1,49.41,3.48,171.95,100,67,388
791.63,COMP,602630,18.30,17.34,1,49.67,2.26,112.25,100,66,383
792.65,COMP,603409,18.40,17.34,1,49.64,2.69,133.53,100,65,385
793.67,COMP,604382,18.50,17.34,1,49.34,3.88,191.44,100,68,388
794.69,COMP,605160,18.50,17.34,1,49.04,5.17,253.54,100,68,388
795.69,COMP,605939,18.30,17.34,1,49.76,1.20,59.71,100,63,383
796.70,COMP,606718,18.50,17.34,1,49.46,3.50,173.11,100,66,388
797.72,COMP,607497,18.50,17.34,1,49.22,5.21,256.44,100,68,388
798.74,COMP,608276,18.50,17.34,1,49.74,0.95,47.25,100,63,388
799.76,COMP,609055,18.40,17.34,1,49.51,3.31,163.88,100,66,385
800.77,COMP,609833,18.50,17.34,1,49.09,5.08,249.38,100,69,388
801.79,COMP,610612,18.40,17.34,1,49.81,1.49,74.22,100,64,385
802.80,COMP,611391,18.60,17.34,1,49.43,3.77,186.35,100,67,390
803.82,COMP,612170,18.40,17.34,1,49.81,1.27,63.26,100,63,385
804.84,COMP,612948,18.50,17.34,1,49.53,2.74,135.71,100,66,388
805.84,COMP,613727,18.40,17.35,1,49.43,4.17,206.12,100,67,385
806.86,COMP,614506,18.50,17.35,1,49.60,2.12,105.15,100,67,388
807.88,COMP,615285,18.50,17.35,1,49.57,2.75,136.32,100,66,388
808.89,COMP,616063,18.40,17.35,1,49.48,3.16,156.36,100,66,385
809.91,COMP,616842,18.40,17.35,1,49.32,4.16,205.17,100,67,385
810.94,COMP,617621,18.40,17.35,1,49.48,3.33,164.77,100,66,385
811.96,COMP,618400,18.50,17.35,1,49.59,2.65,131.41,100,66,388
812.98,COMP,619179,18.50,17.35,1,49.78,1.29,64.22,100,63,388
814.00,COMP,619962,18.60,17.35,1,49.71,2.35,116.82,100,65,390
815.02,COMP,620745,18.60,17.35,1,49.18,5.39,265.08,100,69,390
816.04,COMP,621528,18.50,17.35,1,49.59,2.49,123.48,100,66,388
817.06,COMP,622311,18.60,17.35,1,49.48,2.91,143.99,100,67,390
818.07,COMP,623094,18.60,17.35,1,49.16,4.47,219.75,100,68,390
819.09,COMP,623876,18.50,17.35,1,49.34,3.58,176.64,100,67,388
820.10,COMP,624659,18.50,17.36,1,49.66,2.46,122.16,100,66,388
821.12,COMP,625637,18.60,17.35,1,49.87,1.42,70.82,100,62,390
822.13,COMP,626421,18.50,17.35,1,49.71,2.21,109.86,100,65,388
823.15,COMP,627203,18.60,17.35,1,49.11,3.51,172.38,100,68,390
824.16,COMP,627986,18.60,17.35,1,49.20,4.70,231.24,100,69,390
825.19,COMP,628769,18.60,17.35,1,49.11,3.99,195.95,100,68,390
826.21,COMP,629552,18.60,17.36,1,49.67,1.57,77.98,100,64,390
827.23,COMP,630335,18.50,17.36,1,49.06,5.46,267.87,100,70,388
828.25,COMP,631118,18.50,17.36,1,49.41,3.81,188.25,100,67,388
829.26,COMP,631901,18.40,17.36,1,49.46,3.28,162.23,100,67,385
830.28,COMP,632684,18.60,17.36,1,49.55,3.54,175.41,100,67,390
831.30,COMP,633467,18.60,17.36,1,49.41,4.05,200.11,100,68,390
832.31,COMP,634250,18.50,17.36,1,49.50,2.68,132.66,100,67,388
833.33,COMP,635033,18.50,17.36,1,49.88,1.32,65.84,100,63,388
834.34,COMP,635815,18.60,17.36,1,49.51,3.41,168.83,100,67,390
835.36,COMP,636598,18.60,17.36,1,49.34,3.69,182.06,100,68,390
836.38,COMP,637381,18.60,17.36,1,49.46,4.22,208.72,100,68,390
837.40,COMP,638164,18.50,17.36,1,49.59,2.67,132.41,100,66,388
838.42,COMP,638946,18.50,17.36,1,49.20,4.21,207.13,100,68,388
839.43,COMP,639729,18.60,17.36,1,49.29,4.67,230.18,100,68,390
840.46,COMP,640512,18.60,17.36,1,49.20,4.83,237.64,100,69,390
841.48,COMP,641295,18.60,17.37,1,48.83,5.58,272.47,100,71,390
842.49,COMP,642079,18.60,17.37,1,49.32,3.30,162.76,100,67,390
843.51,COMP,642862,18.50,17.37,1,49.71,3.10,154.10,100,66,388
844.53,COMP,643644,18.60,17.37,1,49.30,3.46,170.58,100,68,390
845.55,COMP,644623,18.60,17.36,1,49.09,5.42,266.07,100,70,390
846.55,COMP,645406,18.40,17.37,1,49.46,2.18,107.82,100,66,385
847.58,COMP,646188,18.50,17.37,1,49.30,3.78,186.35,100,67,388
848.60,COMP,646972,18.60,17.37,1,49.57,2.59,128.39,100,66,390
849.63,COMP,647755,18.50,17.37,1,49.97,0.92,45.97,100,63,388
850.65,COMP,648538,18.50,17.37,1,49.96,0.73,36.47,100,63,388
851.66,COMP,649321,18.60,17.37,1,49.55,3.25,161.04,100,67,390
852.68,COMP,650104,18.50,17.37,1,49.88,0.35,17.46,100,63,388
853.69,COMP,650886,18.60,17.37,1,49.44,2.80,138.43,100,67,390
854.71,COMP,651669,18.60,17.37,1,49.04,6.32,309.93,100,70,390
855.73,COMP,652452,18.60,17.37,1,49.13,3.76,184.73,100,69,390
856.76,COMP,653234,18.70,17.37,1,49.50,3.08,152.46,100,66,392
857.78,COMP,654017,18.60,17.37,1,49.50,4.27,211.37,100,67,390
858.80,COMP,654800,18.60,17.37,1,49.38,3.85,190.11,100,68,390
859.81,COMP,655583,18.60,17.37,1,49.71,2.76,137.20,100,66,390
860.83,COMP,656366,18.50,17.38,1,50.10,0.55,27.56,100,62,388
861.84,COMP,657149,18.40,17.38,1,49.25,4.34,213.75,100,69,385
862.86,COMP,657932,18.60,17.38,1,49.18,5.07,249.34,100,68,390
863.88,COMP,658715,18.60,17.38,1,49.69,2.74,136.15,100,66,390
864.90,COMP,659498,18.60,17.38,1,49.55,2.23,110.50,100,67,390
865.91,COMP,660281,18.50,17.38,1,49.74,1.25,62.18,100,64,388
866.94,COMP,661064,18.70,17.38,1,49.32,4.12,203.20,100,68,392
867.96,COMP,662042,18.60,17.38,1,49.32,3.81,187.91,100,68,390
868.98,COMP,662825,18.50,17.38,1,49.29,7.03,346.51,100,72,388
870.00,COMP,663608,18.50,17.38,1,49.41,3.23,159.59,100,67,388
871.02,COMP,664391,18.50,17.38,1,49.08,4.41,216.44,100,69,388
872.04,COMP,665174,18.60,17.38,1,48.55,6.30,305.87,100,70,390
873.06,COMP,665958,18.60,17.38,1,49.32,2.60,128.23,100,66,390
874.07,COMP,666740,18.50,17.38,1,49.02,5.25,257.36,100,71,388
875.09,COMP,667523,18.60,17.38,1,48.94,6.01,294.13,100,70,390
876.11,COMP,668307,18.60,17.38,1,49.30,2.77,136.56,100,66,390
877.12,COMP,669089,18.60,17.38,1,48.99,6.42,314.52,100,70,390
878.15,COMP,669872,18.70,17.38,1,49.29,3.97,195.68,100,68,392
879.16,COMP,670655,18.40,17.38,1,49.66,3.17,157.42,100,65,385
880.18,COMP,671438,18.60,17.38,1,49.13,5.48,269.23,100,69,390
881.20,COMP,672221,18.50,17.39,1,49.57,2.15,106.58,100,66,388
882.22,COMP,673004,18.40,17.39,1,49.48,2.69,133.10,100,66,385
883.24,COMP,673787,18.50,17.39,1,49.62,3.24,160.77,100,66,388
884.26,COMP,674570,18.60,17.39,1,49.20,4.62,227.30,100,69,390
885.28,COMP,675353,18.50,17.39,1,49.74,2.13,105.95,100,65,388
886.30,COMP,676136,18.50,17.39,1,49.51,2.15,106.45,100,67,388
887.32,COMP,676919,18.60,17.39,1,49.43,3.53,174.49,100,67,390
888.34,COMP,677702,18.70,17.39,1,49.41,3.32,164.04,100,67,392
889.35,COMP,678484,18.50,17.39,1,49.30,3.71,182.90,100,68,388
890.37,COMP,679267,18.60,17.39,1,49.62,3.36,166.72,100,66,390
891.38,COMP,680050,18.40,17.39,1,49.97,0.98,48.97,100,63,385
892.40,COMP,681029,18.60,17.39,1,49.25,3.23,159.08,100,67,390
893.41,COMP,681812,18.70,17.39,1,50.03,-0.00,-0.00,100,61,392
894.43,COMP,682594,18.60,17.39,1,49.59,2.94,145.79,100,67,390
895.46,COMP,683377,18.60,17.39,1,49.53,4.08,202.08,100,69,390
896.47,COMP,684160,18.60,17.39,1,50.13,0.19,9.52,100,62,390
897.50,COMP,684944,18.60,17.39,1,49.81,1.13,56.29,100,63,390
898.51,COMP,685726,18.50,17.39,1,49.85,1.49,74.28,100,64,388
899.53,COMP,686509,18.60,17.40,1,49.97,1.33,66.46,100,63,390
900.55,COMP,687292,18.60,17.40,1,49.83,1.68,83.71,100,64,390
901.57,COMP,688076,18.60,17.40,1,49.34,4.04,199.33,100,68,390
902.58,COMP,688859,18.50,17.40,1,50.10,0.27,13.53,100,62,388
903.60,COMP,689642,18.60,17.40,1,49.22,4.37,215.09,100,69,390
904.62,COMP,690425,18.50,17.40,1,49.39,3.88,191.63,100,68,388
905.63,COMP,691208,18.60,17.40,1,48.86,6.84,334.20,100,71,390
906.65,COMP,691991,18.50,17.40,1,49.55,4.26,211.08,100,68,388
907.68,COMP,692774,18.50,17.40,1,49.51,4.17,206.46,100,68,388
908.69,COMP,693557,18.50,17.40,1,49.59,3.65,181.00,100,68,388
909.71,COMP,694339,18.50,17.40,1,49.43,3.56,175.97,100,66,388
910.73,COMP,695122,18.60,17.40,1,48.83,6.16,300.79,100,71,390
911.75,COMP,695905,18.60,17.40,1,49.01,6.07,297.49,100,70,390
912.76,COMP,696688,18.50,17.40,1,49.44,3.76,185.89,100,66,388
913.78,COMP,697471,18.60,17.41,1,49.04,5.69,279.04,100,69,390
914.80,COMP,698254,18.50,17.41,1,48.95,5.20,254.54,100,69,388
915.82,COMP,699232,18.50,17.40,1,48.90,6.46,315.89,100,71,388
916.84,COMP,700015,18.60,17.40,1,48.72,6.80,331.30,100,72,390
917.88,COMP,700798,18.50,17.41,1,48.51,8.06,390.99,100,73,388
918.89,COMP,701581,18.60,17.41,1,48.62,7.25,352.50,100,73,390
919.91,COMP,702364,18.60,17.41,1,49.15,4.33,212.82,100,69,390
920.92,COMP,703147,18.60,17.41,1,48.79,5.87,286.40,100,71,390
921.93,COMP,703930,18.50,17.41,1,49.29,3.14,154.77,100,68,388
922.95,COMP,704713,18.60,17.41,1,49.39,2.82,139.28,100,67,390
923.97,COMP,705496,18.60,17.41,1,49.29,4.00,197.16,100,67,390
924.98,COMP,706278,18.60,17.41,1,49.16,3.52,173.04,100,67,390
926.00,COMP,707061,18.60,17.41,1,49.16,3.91,192.22,100,68,390
927.02,COMP,707844,18.60,17.41,1,49.06,5.08,249.22,100,69,390
928.05,COMP,708627,18.70,17.41,1,48.60,6.80,330.48,100,72,392
929.07,COMP,709410,18.60,17.41,1,49.22,3.81,187.53,100,67,390
930.09,COMP,710192,18.50,17.41,1,48.51,6.96,337.63,100,72,388
931.11,COMP,710975,18.50,17.42,1,47.67,8.38,399.47,100,75,388
932.12,COMP,711759,18.50,17.42,1,48.32,9.46,457.11,100,75,388
933.15,COMP,712542,18.70,17.42,1,48.60,7.21,350.41,100,72,392
934.16,COMP,713324,18.40,17.42,1,48.49,6.47,313.73,100,71,385
935.18,COMP,714107,18.60,17.42,1,48.78,6.28,306.34,100,71,390
936.20,COMP,714890,18.50,17.42,1,49.08,3.13,153.62,100,67,388
937.22,COMP,715674,18.60,17.42,1,48.76,6.20,302.31,100,70,390
938.22,COMP,716457,18.50,17.42,1,49.32,3.46,170.65,100,67,388
939.23,COMP,717240,18.60,17.42,1,48.72,5.55,270.40,100,70,390
940.25,COMP,718219,18.60,17.42,1,49.20,3.79,186.47,100,68,390
941.27,COMP,719002,18.60,17.42,1,49.13,4.48,220.10,100,68,390
942.28,COMP,719785,18.50,17.42,1,49.16,4.09,201.06,100,68,388
943.30,COMP,720568,18.50,17.42,1,49.55,1.38,68.38,100,65,388
944.32,COMP,721350,18.60,17.42,1,48.79,6.26,305.43,100,70,390
945.35,COMP,722133,18.50,17.42,1,48.86,5.10,249.19,100,69,388
946.37,COMP,722917,18.60,17.42,1,49.11,7.35,360.96,100,72,390
947.39,COMP,723700,18.70,17.42,1,48.18,7.68,370.02,100,71,392
948.41,COMP,724483,18.50,17.42,1,48.95,5.26,257.48,100,70,388
949.43,COMP,725266,18.50,17.43,1,48.99,5.33,261.12,100,69,388
950.45,COMP,726049,18.50,17.43,1,48.55,7.68,372.86,100,73,388
951.47,COMP,726832,18.50,17.43,1,49.13,3.48,170.97,100,69,388
952.49,COMP,727615,18.60,17.43,1,49.97,0.29,14.49,100,62,390
953.50,COMP,728399,18.60,17.43,1,49.90,0.03,1.50,100,62,390
954.52,COMP,729183,18.70,17.43,1,49.27,3.76,185.26,100,68,392
955.54,COMP,729968,18.80,17.43,1,49.97,-0.23,-11.49,100,62,394
956.56,COMP,730752,18.60,17.43,1,49.87,1.02,50.87,100,63,390
957.58,COMP,731535,18.50,17.43,1,49.41,2.58,127.48,100,67,388
958.60,COMP,732318,18.60,17.43,1,48.02,9.78,469.64,100,75,390
959.62,COMP,733101,18.60,17.43,1,48.79,5.95,290.30,100,70,390
960.64,COMP,733884,18.50,17.43,1,48.37,7.09,342.94,100,72,388
961.65,COMP,734668,18.60,17.43,1,48.55,7.42,360.24,100,72,390
962.67,COMP,735647,18.50,17.43,1,48.74,6.39,311.45,100,71,388
963.69,COMP,736430,18.60,17.43,1,48.76,6.66,324.74,100,70,390
964.70,COMP,737213,18.50,17.43,1,48.49,9.10,441.26,100,74,388
965.73,COMP,737996,18.60,17.43,1,49.15,3.82,187.75,100,67,390
966.75,COMP,738779,18.60,17.44,1,48.53,7.59,368.34,100,72,390
967.77,COMP,739562,18.70,17.44,1,48.51,7.20,349.27,100,73,392
968.79,COMP,740345,18.60,17.44,1,49.43,3.24,160.15,100,66,390
969.81,COMP,741128,18.40,17.44,1,49.51,2.28,112.88,100,65,385
970.83,COMP,741911,18.60,17.44,1,48.72,5.91,287.94,100,71,390
971.85,COMP,742694,18.50,17.44,1,48.78,6.69,326.34,100,70,388
972.86,COMP,743477,18.50,17.44,1,49.08,6.32,310.19,100,71,388
973.88,COMP,744260,18.50,17.44,1,47.92,7.96,381.44,100,73,388
974.90,COMP,745043,18.50,17.44,1,48.90,5.64,275.80,100,70,388
975.92,COMP,745826,18.60,17.44,1,48.86,5.19,253.58,100,70,390
976.93,COMP,746609,18.60,17.44,1,47.79,8.78,419.60,100,74,390
977.95,COMP,747392,18.50,17.44,1,48.65,6.82,331.79,100,71,388
978.96,COMP,748175,18.60,17.44,1,48.76,5.86,285.73,100,71,390
979.97,COMP,748957,18.50,17.45,1,48.62,7.02,341.31,100,72,388
980.99,COMP,749740,18.50,17.45,1,49.04,4.39,215.29,100,68,388
982.01,COMP,750523,18.60,17.45,1,49.16,3.91,192.22,100,68,390
983.03,COMP,751306,18.50,17.45,1,49.36,3.27,161.41,100,66,388
984.04,COMP,752089,18.40,17.45,1,49.51,1.20,59.41,100,64,385
985.06,COMP,752871,18.60,17.45,1,49.25,3.18,156.62,100,67,390
986.08,COMP,753654,18.50,17.45,1,49.50,1.81,89.59,100,65,388
987.10,COMP,754637,18.80,17.45,1,48.99,5.19,254.26,100,70,394
988.13,COMP,755424,18.70,17.45,1,48.79,4.33,211.26,100,69,392
989.17,COMP,756208,18.60,17.45,1,49.16,3.45,169.60,100,67,390
990.19,COMP,756990,18.60,17.45,1,48.41,6.54,316.60,100,71,390
991.21,COMP,757778,18.60,17.45,1,48.78,4.70,229.27,100,69,390
992.23,COMP,758566,18.50,17.45,1,49.02,4.48,219.61,100,69,388
993.25,COMP,759353,18.70,17.45,1,48.74,6.75,329.00,100,72,392
994.26,COMP,760139,18.70,17.45,1,48.20,7.70,371.14,100,72,392
995.28,COMP,760927,18.50,17.45,1,49.06,4.81,235.98,100,68,388
996.30,COMP,761714,18.60,17.46,1,48.95,4.97,243.28,100,70,390
997.32,COMP,762501,18.70,17.46,1,48.78,6.02,293.66,100,71,392
998.34,COMP,763288,18.60,17.46,1,48.83,5.42,264.66,100,70,390
999.35,COMP,764076,18.70,17.46,1,49.41,3.00,148.23,100,68,392
1000.37,COMP,764863,18.60,17.46,1,49.02,4.01,196.57,100,69,390
1001.38,COMP,765650,18.70,17.46,1,49.08,2.56,125.64,100,67,392
1002.40,COMP,766438,18.60,17.46,1,49.34,2.91,143.58,100,67,390
1003.42,COMP,767226,18.80,17.46,1,49.43,3.45,170.53,100,67,394
1004.44,COMP,768013,18.70,17.46,1,49.08,4.08,200.25,100,69,392
1005.46,COMP,768801,18.60,17.46,1,48.60,4.06,197.32,100,69,390
1006.47,COMP,769588,18.70,17.46,1,48.94,4.80,234.91,100,70,392
1007.49,COMP,770375,18.60,17.46,1,49.23,2.70,132.92,100,67,390
1008.51,COMP,771359,18.70,17.46,1,48.86,4.89,238.93,100,69,392
1009.52,COMP,772147,18.60,17.46,1,48.76,6.54,318.89,100,71,390
1010.54,COMP,772934,18.60,17.46,1,48.55,6.19,300.52,100,71,390
1011.56,COMP,773722,18.60,17.46,1,48.92,5.35,261.72,100,70,390
1012.59,COMP,774510,18.70,17.46,1,48.97,4.82,236.04,100,69,392
1013.60,COMP,775298,18.60,17.46,1,48.90,4.91,240.10,100,71,390
1014.62,COMP,776085,18.60,17.47,1,49.36,2.45,120.93,100,66,390
1015.64,COMP,776873,18.60,17.47,1,48.78,5.99,292.19,100,71,390
1016.65,COMP,777661,18.80,17.47,1,48.34,8.54,412.82,100,74,394
1017.67,COMP,778448,18.70,17.47,1,48.64,6.10,296.70,100,71,392
1018.69,COMP,779236,18.70,17.47,1,48.99,6.97,341.46,100,72,392
1019.71,COMP,780023,18.70,17.47,1,48.94,5.76,281.89,100,69,392
1020.73,COMP,780810,18.60,17.47,1,48.06,9.10,437.35,100,75,390
1021.75,COMP,781599,18.60,17.47,1,48.65,6.31,306.98,100,72,390
1022.77,COMP,782386,18.50,17.47,1,49.20,3.76,184.99,100,67,388
1023.79,COMP,783173,18.70,17.47,1,47.99,8.25,395.92,100,73,392
1024.81,COMP,783961,18.60,17.47,1,48.86,4.70,229.64,100,69,390
1025.83,COMP,784749,18.60,17.47,1,48.97,4.67,228.69,100,69,390
1026.84,COMP,785536,18.30,17.47,1,49.16,4.22,207.46,100,67,383
1027.86,COMP,786324,18.70,17.48,1,48.20,8.85,426.57,100,76,392
1028.88,COMP,787111,18.70,17.48,1,48.60,5.91,287.23,100,71,392
1029.90,COMP,787899,18.60,17.48,1,49.15,3.53,173.50,100,67,390
1030.92,COMP,788686,18.70,17.48,1,48.86,3.61,176.38,100,68,392
1031.94,COMP,789474,18.70,17.48,1,48.49,7.87,381.62,100,73,392
1032.95,COMP,790262,18.80,17.48,1,48.30,6.94,335.20,100,72,394
1033.97,COMP,791245,18.70,17.48,1,48.09,9.14,439.54,100,75,392
1034.98,COMP,792033,18.60,17.48,1,48.67,6.11,297.37,100,71,390
1036.00,COMP,792821,18.60,17.48,1,48.83,7.96,388.69,100,74,390
1037.03,COMP,793608,18.70,17.48,1,48.41,6.68,323.38,100,72,392
1038.05,COMP,794395,18.70,17.48,1,48.51,6.31,306.10,100,73,392
1039.07,COMP,795182,18.70,17.48,1,47.95,7.80,374.01,100,73,392
1040.09,COMP,795970,18.60,17.48,1,48.60,6.36,309.10,100,71,390
1041.10,COMP,796757,18.60,17.48,1,48.42,7.71,373.32,100,73,390
1042.12,COMP,797545,18.60,17.48,1,48.76,6.24,304.26,100,70,390
1043.14,COMP,798332,19.00,17.48,1,47.33,10.36,490.34,100,79,398
1044.16,COMP,799120,18.80,17.48,1,48.44,7.03,340.53,100,72,394
1045.18,COMP,799907,18.70,17.49,1,48.13,7.23,347.98,100,73,392
1046.20,COMP,800695,18.80,17.49,1,48.20,8.67,417.89,100,74,394
1047.21,COMP,801482,18.50,17.49,1,48.67,6.47,314.89,100,70,388
1048.23,COMP,802270,18.70,17.49,1,48.21,9.73,469.08,100,76,392
1049.25,COMP,803057,18.70,17.49,1,48.35,8.26,399.37,100,73,392
1050.28,COMP,803845,18.70,17.49,1,48.74,7.44,362.63,100,73,392
1051.30,COMP,804633,18.70,17.49,1,48.81,4.68,228.43,100,70,392
1052.32,COMP,805420,18.70,17.49,1,48.00,7.91,379.68,100,74,392
1053.33,COMP,806208,18.50,17.49,1,47.79,11.74,561.05,100,79,388
1054.35,COMP,806995,18.70,17.49,1,48.04,7.90,379.52,100,74,392
1055.36,COMP,807783,18.50,17.49,1,48.65,8.28,402.82,100,73,388
1056.38,COMP,808571,18.70,17.49,1,48.85,7.63,372.73,100,72,392
1057.40,COMP,809358,18.60,17.50,1,48.56,5.57,270.48,100,71,390
1058.41,COMP,810343,18.70,17.49,1,47.83,9.76,466.82,100,76,392
1059.44,COMP,811130,18.70,17.49,1,48.39,6.62,320.34,100,72,392
1060.47,COMP,811918,18.60,17.49,1,48.32,8.23,397.67,100,73,390
1061.49,COMP,812705,18.70,17.50,1,48.06,8.51,408.99,100,74,392
1062.51,COMP,813493,18.60,17.50,1,49.11,3.40,166.97,100,68,390
1063.53,COMP,814281,18.70,17.50,1,48.92,5.61,274.44,100,71,392
1064.55,COMP,815068,18.80,17.50,1,48.25,6.83,329.55,100,74,394
1065.56,COMP,815855,18.70,17.50,1,47.88,8.28,396.45,100,75,392
1066.58,COMP,816643,18.70,17.50,1,48.42,7.10,343.78,100,73,392
1067.59,COMP,817430,18.60,17.50,1,48.44,6.11,295.97,100,71,390
1068.61,COMP,818218,18.70,17.50,1,48.67,4.89,238.00,100,70,392
1069.63,COMP,819005,18.60,17.50,1,49.11,3.97,194.97,100,67,390
1070.66,COMP,819792,18.70,17.50,1,47.49,10.10,479.65,100,76,392
1071.67,COMP,820580,18.70,17.50,1,48.49,6.34,307.43,100,71,392
1072.69,COMP,821368,18.60,17.50,1,48.23,7.04,339.54,100,74,390
1073.71,COMP,822156,18.60,17.51,1,48.53,6.61,320.78,100,72,390
1074.72,COMP,822943,18.80,17.51,1,47.93,9.40,450.54,100,75,394
1075.74,COMP,823731,18.70,17.51,1,48.07,8.68,417.25,100,75,392
1076.75,COMP,824518,18.70,17.51,1,48.46,5.60,271.38,100,71,392
1077.78,COMP,825306,18.70,17.51,1,48.20,6.64,320.05,100,74,392
1078.80,COMP,826093,18.60,17.51,1,48.49,5.50,266.70,100,71,390
1079.82,COMP,826881,18.60,17.51,1,48.58,6.26,304.11,100,72,390
1080.85,COMP,827866,18.60,17.51,1,48.60,5.46,265.36,100,70,390
1081.89,COMP,828654,19.00,17.51,1,47.77,8.38,400.31,100,76,398
1082.91,COMP,829441,18.70,17.51,1,48.79,5.02,244.93,100,69,392
1083.93,COMP,830228,18.70,17.51,1,48.46,6.13,297.06,100,70,392
1084.95,COMP,831016,18.70,17.51,1,48.51,5.29,256.62,100,71,392
1085.97,COMP,831804,18.70,17.51,1,48.94,5.11,250.08,100,70,392
1086.99,COMP,832591,18.70,17.51,1,48.20,7.92,381.74,100,74,392
1088.01,COMP,833379,18.60,17.51,1,48.21,7.61,366.88,100,73,390
1089.02,COMP,834167,18.60,17.52,1,48.60,6.36,309.10,100,71,390
1090.05,COMP,834954,18.60,17.52,1,48.41,6.02,291.43,100,71,390
1091.06,COMP,835742,18.80,17.52,1,48.00,7.38,354.24,100,75,394
1092.08,COMP,836529,18.70,17.52,1,48.49,6.01,291.42,100,71,392
1093.10,COMP,837317,18.60,17.52,1,48.34,7.07,341.76,100,73,390
1094.12,COMP,838104,18.70,17.52,1,48.00,8.28,397.44,100,74,392
1095.14,COMP,838892,18.60,17.52,1,48.23,7.04,339.54,100,73,390
1096.16,COMP,839679,18.70,17.52,1,47.74,8.14,388.60,100,75,392
1097.17,COMP,840467,18.70,17.52,1,48.23,7.39,356.42,100,73,392
1098.19,COMP,841254,18.60,17.52,1,47.65,9.34,445.05,100,76,390
1099.21,COMP,842042,18.70,17.52,1,48.65,5.06,246.17,100,70,392
1100.23,COMP,842829,18.70,17.53,1,48.11,7.14,343.51,100,73,392
1101.26,COMP,843814,18.80,17.52,1,48.02,8.29,398.09,100,74,394
1102.28,COMP,844602,18.60,17.52,1,48.20,7.35,354.27,100,73,390
1103.29,COMP,845390,18.70,17.52,1,48.49,5.64,273.48,100,71,392
1104.32,COMP,846177,18.60,17.53,1,47.70,10.32,492.26,100,77,390
1105.33,COMP,846964,18.60,17.53,1,48.48,6.18,299.61,100,71,390
1106.35,COMP,847751,18.70,17.53,1,47.88,7.30,349.52,100,73,392
1107.37,COMP,848539,18.70,17.53,1,48.42,6.42,310.86,100,71,392
1108.39,COMP,849327,18.70,17.53,1,48.83,5.82,284.19,100,69,392
1109.40,COMP,850114,18.60,17.53,1,47.83,8.79,420.43,100,75,390
1110.42,COMP,850902,18.60,17.53,1,47.72,6.29,300.16,100,72,390
1111.45,COMP,851690,18.70,17.53,1,48.41,6.95,336.45,100,72,392
1112.47,COMP,852478,18.80,17.53,1,48.37,6.50,314.40,100,72,394
1113.49,COMP,853265,18.70,17.53,1,48.20,6.68,321.98,100,72,392
1114.51,COMP,854053,18.70,17.53,1,48.34,7.50,362.55,100,72,392
1115.53,COMP,854840,18.60,17.54,1,47.88,8.30,397.40,100,75,390
1116.55,COMP,855628,18.60,17.54,1,48.46,6.43,311.60,100,71,390
1117.56,COMP,856415,18.60,17.54,1,47.84,9.84,470.75,100,76,390
1118.59,COMP,857203,18.50,17.54,1,48.69,5.50,267.79,100,70,388
1119.60,COMP,857990,18.70,17.54,1,47.95,7.74,371.13,100,74,392
1120.63,COMP,858778,18.60,17.54,1,48.39,6.30,304.86,100,72,390
1121.65,COMP,859566,18.60,17.54,1,48.62,5.40,262.55,100,70,390
1122.67,COMP,860551,18.70,17.54,1,48.49,5.84,283.18,100,72,392
1123.69,COMP,861339,18.60,17.54,1,47.67,6.89,328.45,100,73,390
1124.70,COMP,862127,18.60,17.54,1,48.76,6.32,308.16,100,72,390
1125.72,COMP,862914,18.70,17.54,1,48.06,7.44,357.57,100,73,392
1126.75,COMP,863701,18.70,17.54,1,48.37,6.19,299.41,100,71,392
1127.77,COMP,864488,18.70,17.54,1,48.30,7.41,357.90,100,73,392
1128.78,COMP,865275,18.60,17.54,1,48.32,5.30,256.10,100,71,390
1129.80,COMP,866063,18.60,17.55,1,48.32,6.95,335.82,100,73,390
1130.82,COMP,866850,18.50,17.55,1,48.65,4.00,194.60,100,69,388
1131.83,COMP,867638,18.70,17.55,1,48.09,8.51,409.25,100,74,392
1132.85,COMP,868426,18.70,17.55,1,47.79,6.53,312.07,100,73,392
1133.86,COMP,869213,18.70,17.55,1,48.37,5.90,285.38,100,73,392
1134.88,COMP,870001,18.70,17.55,1,48.85,5.81,283.82,100,71,392
1135.90,COMP,870788,18.60,17.55,1,48.28,7.32,353.41,100,72,390
1136.92,COMP,871576,18.70,17.55,1,48.20,7.10,342.22,100,73,392
1137.93,COMP,872368,18.70,17.55,1,48.62,5.54,269.35,100,71,392
1138.95,COMP,873159,18.70,17.55,1,48.16,7.26,349.64,100,73,392
1139.98,COMP,873951,18.80,17.55,1,48.21,6.34,305.65,100,73,394
1141.00,COMP,874744,18.70,17.56,1,48.64,5.11,248.55,100,70,392
1142.00,COMP,875535,18.70,17.56,1,48.28,6.67,322.03,100,73,392
1143.03,COMP,876327,18.70,17.56,1,48.16,10.42,501.83,100,76,392
1144.05,COMP,877118,18.80,17.56,1,48.48,4.83,234.16,100,70,394
1145.06,COMP,877910,18.80,17.56,1,48.13,7.59,365.31,100,74,394
1146.08,COMP,878702,18.80,17.56,1,48.35,8.19,395.99,100,74,394
1147.10,COMP,879493,18.70,17.56,1,48.72,5.09,247.98,100,70,392
1148.11,COMP,880285,18.60,17.56,1,48.76,4.58,223.32,100,69,390
1149.14,COMP,881275,18.80,17.56,1,48.88,4.20,205.30,100,68,394
1150.16,COMP,882067,18.80,17.56,1,49.06,1.51,74.08,100,65,394
1151.19,COMP,882858,18.70,17.56,1,48.67,4.36,212.20,100,70,392
1152.21,COMP,883649,18.70,17.56,1,48.78,4.31,210.24,100,70,392
1153.22,COMP,884441,18.70,17.56,1,49.32,1.38,68.06,100,66,392
1154.25,COMP,885233,19.00,17.56,1,49.25,1.68,82.74,100,66,398
1155.28,COMP,886024,18.70,17.56,1,49.46,1.07,52.92,100,64,392
1156.29,COMP,886816,18.80,17.56,1,48.69,5.11,248.81,100,70,394
1157.31,COMP,887608,18.70,17.57,1,48.48,6.07,294.27,100,73,392
1158.32,COMP,888400,18.60,17.57,1,49.01,2.01,98.51,100,67,390
1159.35,COMP,889191,18.70,17.57,1,48.83,4.14,202.16,100,68,392
1160.37,COMP,889983,18.80,17.57,1,48.30,6.64,320.71,100,73,394
1161.39,COMP,890775,18.70,17.57,1,48.67,5.52,268.66,100,70,392
1162.42,COMP,891566,18.80,17.57,1,48.14,5.78,278.25,100,71,394
1163.44,COMP,892358,18.70,17.57,1,48.48,5.62,272.46,100,71,392
1164.45,COMP,893150,18.70,17.57,1,48.07,8.22,395.14,100,75,392
1165.47,COMP,893942,18.60,17.57,1,47.16,10.55,497.54,100,77,390
1166.49,COMP,894733,18.80,17.57,1,48.48,5.82,282.15,100,71,394
1167.50,COMP,895525,18.80,17.58,1,47.86,9.34,447.01,100,75,394
1168.53,COMP,896317,18.80,17.58,1,48.39,6.12,296.15,100,72,394
1169.54,COMP,897307,18.80,17.57,1,48.62,4.85,235.81,100,70,394
1170.56,COMP,898099,18.60,17.57,1,48.53,4.47,216.93,100,72,390
1171.60,COMP,898891,18.70,17.57,1,48.67,5.14,250.16,100,70,392
1172.62,COMP,899682,18.80,17.58,1,48.99,4.16,203.80,100,69,394
1173.64,COMP,900473,18.70,17.58,1,48.18,7.20,346.90,100,73,392
1174.66,COMP,901265,18.70,17.58,1,49.08,2.96,145.28,100,68,392
1175.67,COMP,902057,18.70,17.58,1,48.99,3.48,170.49,100,68,392
1176.69,COMP,902848,18.80,17.58,1,48.64,4.34,211.10,100,69,394
1177.71,COMP,903640,18.70,17.58,1,48.28,7.06,340.86,100,73,392
1178.73,COMP,904432,18.70,17.58,1,48.56,5.52,268.05,100,70,392
1179.74,COMP,905223,18.70,17.58,1,49.36,0.97,47.88,100,64,392
1180.76,COMP,906015,18.80,17.58,1,48.74,4.87,237.36,100,70,394
1181.78,COMP,906807,18.80,17.58,1,49.22,1.00,49.22,100,65,394
1182.79,COMP,907598,19.00,17.59,1,48.64,4.90,238.34,100,70,398
1183.81,COMP,908390,18.70,17.59,1,49.06,2.75,134.92,100,67,392
1184.84,COMP,909181,18.80,17.59,1,48.58,4.91,238.53,100,71,394
1185.86,COMP,909973,18.80,17.59,1,48.60,4.69,227.93,100,71,394
1186.88,COMP,910764,19.00,17.59,1,48.37,5.20,251.52,100,70,398
1187.90,COMP,911556,18.80,17.59,1,48.35,5.76,278.50,100,71,394
1188.92,COMP,912348,18.70,17.59,1,48.86,3.26,159.28,100,68,392
1189.94,COMP,913140,18.70,17.59,1,48.55,4.49,217.99,100,71,392
1190.97,COMP,914130,19.00,17.59,1,48.56,6.11,296.70,100,70,398
1192.01,COMP,914922,18.60,17.59,1,49.16,1.90,93.40,100,66,390
1193.00,COMP,915713,18.80,17.59,1,48.18,6.72,323.77,100,73,394
1194.03,COMP,916505,18.70,17.59,1,48.62,5.28,256.71,100,71,392
1195.05,COMP,917297,18.80,17.59,1,48.09,6.32,303.93,100,72,394
1196.06,COMP,918088,18.70,17.59,1,48.97,2.81,137.61,100,68,392
1197.08,COMP,918880,18.80,17.60,1,48.51,5.85,283.78,100,71,394
1198.10,COMP,919671,18.70,17.60,1,49.08,3.04,149.20,100,67,392
1199.11,COMP,920463,18.70,17.60,1,48.99,3.44,168.53,100,69,392
1200.13,COMP,921254,18.70,17.60,1,49.16,2.10,103.24,100,67,392
1201.15,COMP,922047,18.70,17.60,1,48.74,4.13,201.30,100,70,392
1202.17,COMP,922839,18.80,17.60,1,49.16,3.72,182.88,100,67,394
1203.18,COMP,923630,18.80,17.60,1,48.90,3.08,150.61,100,69,394
1204.20,COMP,924422,18.80,17.60,1,48.83,4.33,211.43,100,69,394
1205.22,COMP,925213,18.80,17.60,1,48.41,5.87,284.17,100,72,394
1206.24,COMP,926005,18.80,17.60,1,48.60,5.57,270.70,100,71,394
1207.26,COMP,926797,18.80,17.61,1,48.79,4.31,210.28,100,69,394
1208.28,COMP,927588,18.80,17.61,1,48.86,3.09,150.98,100,67,394
1209.30,COMP,928380,18.80,17.61,1,48.94,4.74,231.98,100,69,394
1210.32,COMP,929171,18.80,17.61,1,48.35,5.99,289.62,100,71,394
1211.34,COMP,929963,18.60,17.61,1,48.92,3.54,173.18,100,69,390
1212.36,COMP,930754,18.80,17.61,1,48.83,3.65,178.23,100,69,394
1213.37,COMP,931546,18.80,17.61,1,48.78,4.48,218.53,100,70,394
1214.39,COMP,932338,18.70,17.61,1,48.92,3.09,151.16,100,69,392
1215.42,COMP,933328,18.80,17.61,1,48.86,4.13,201.79,100,69,394
1216.43,COMP,934120,18.80,17.61,1,49.15,2.32,114.03,100,67,394
1217.46,COMP,934911,18.80,17.61,1,48.99,3.19,156.28,100,67,394
1218.48,COMP,935703,18.80,17.61,1,48.90,3.78,184.84,100,69,394
1219.49,COMP,936495,18.70,17.61,1,48.30,3.80,183.54,100,70,392
1220.49,COMP,937286,18.80,17.61,1,48.41,6.40,309.82,100,72,394
1221.50,COMP,938077,18.80,17.61,1,48.78,3.81,185.85,100,69,394
1222.52,COMP,938868,18.80,17.62,1,49.25,2.97,146.27,100,66,394
1223.54,COMP,939660,18.70,17.62,1,48.62,5.99,291.23,100,72,392
1224.55,COMP,940451,18.70,17.62,1,48.44,6.01,291.12,100,73,392
1225.55,COMP,941243,18.80,17.62,1,48.49,6.39,309.85,100,72,394
1226.56,COMP,942034,18.80,17.62,1,48.16,6.24,300.52,100,73,394
1227.59,COMP,942826,18.70,17.62,1,48.74,4.62,225.18,100,69,392
1228.60,COMP,943618,18.80,17.62,1,48.04,8.25,396.33,100,74,394
1229.62,COMP,944410,18.70,17.62,1,47.69,8.63,411.56,100,74,392
1230.64,COMP,945201,18.80,17.62,1,48.78,4.25,207.32,100,68,394
1231.66,COMP,945994,18.70,17.63,1,48.62,4.81,233.86,100,70,392
1232.68,COMP,946786,18.80,17.63,1,49.06,3.45,169.26,100,66,394
1233.70,COMP,947577,18.70,17.63,1,48.88,3.04,148.60,100,69,392
1234.72,COMP,948369,18.70,17.63,1,48.97,4.17,204.20,100,68,392
1235.74,COMP,949161,18.70,17.63,1,48.85,3.24,158.27,100,69,392
1236.76,COMP,949953,18.70,17.63,1,49.60,0.37,18.35,100,63,392
1237.78,COMP,950744,18.70,17.63,1,49.48,0.92,45.52,100,65,392
1238.79,COMP,951536,18.70,17.63,1,48.95,3.49,170.84,100,69,392
1239.81,COMP,952328,18.70,17.63,1,49.02,2.66,130.39,100,67,392
1240.83,COMP,953120,18.80,17.64,1,49.32,1.53,75.46,100,65,394
1241.84,COMP,953911,18.80,17.64,1,48.92,3.83,187.36,100,69,394
1242.87,COMP,954902,18.80,17.63,1,48.65,3.76,182.92,100,69,394
1243.90,COMP,955693,18.80,17.63,1,49.02,3.62,177.45,100,69,394
1244.93,COMP,956485,18.70,17.63,1,48.97,3.16,154.75,100,69,392
1245.94,COMP,957276,18.80,17.64,1,48.83,3.69,180.18,100,69,394
1246.96,COMP,958067,18.80,17.64,1,48.83,3.72,181.65,100,68,394
1247.98,COMP,958859,18.70,17.64,1,48.94,4.42,216.31,100,69,392
1248.99,COMP,959651,18.80,17.64,1,48.51,5.48,265.83,100,72,394
1250.01,COMP,960442,18.80,17.64,1,49.11,2.44,119.83,100,67,394
1251.02,COMP,961234,19.00,17.64,1,48.85,4.20,205.17,100,69,398
1252.04,COMP,962026,18.80,17.64,1,48.83,4.40,214.85,100,70,394
1253.06,COMP,962817,18.70,17.64,1,48.44,4.69,227.18,100,71,392
1254.10,COMP,963609,18.80,17.65,1,49.06,2.95,144.73,100,67,394
1255.11,COMP,964401,18.70,17.65,1,49.25,2.92,143.81,100,66,392
1256.13,COMP,965193,18.80,17.65,1,49.11,2.75,135.05,100,67,394
1257.15,COMP,965985,18.60,17.65,1,49.39,0.90,44.45,100,65,390
1258.17,COMP,966777,18.80,17.65,1,49.30,1.55,76.41,100,65,394
1259.20,COMP,967568,18.80,17.65,1,48.48,5.39,261.31,100,71,394
1260.23,COMP,968360,18.70,17.65,1,49.25,2.24,110.32,100,67,392
1261.25,COMP,969157,18.80,17.65,1,49.48,1.17,57.89,100,65,394
1262.27,COMP,969953,19.00,17.65,1,49.29,2.18,107.45,100,67,398
1263.29,COMP,970948,18.80,17.65,1,49.06,3.73,182.99,100,68,394
1264.30,COMP,971744,19.00,17.65,1,48.95,3.06,149.79,100,69,398
1265.32,COMP,972540,18.80,17.65,1,49.01,2.74,134.29,100,67,394
1266.34,COMP,973336,18.80,17.65,1,48.88,3.83,187.21,100,69,394
1267.36,COMP,974131,18.80,17.65,1,49.30,1.62,79.87,100,66,394
1268.38,COMP,974927,19.00,17.66,1,48.51,6.66,323.08,100,72,398
1269.40,COMP,975722,18.80,17.66,1,48.83,3.78,184.58,100,68,394
1270.42,COMP,976518,18.80,17.66,1,48.79,4.14,201.99,100,70,394
1271.45,COMP,977314,19.00,17.66,1,48.35,5.01,242.23,100,73,398
1272.47,COMP,978109,18.80,17.66,1,48.76,4.25,207.23,100,70,394
1273.50,COMP,978905,19.00,17.66,1,48.97,3.74,183.15,100,69,398
1274.50,COMP,979701,19.00,17.66,1,49.13,3.20,157.22,100,68,398
1275.53,COMP,980497,18.80,17.66,1,48.42,5.82,281.80,100,73,394
1276.55,COMP,981292,18.80,17.67,1,49.15,2.41,118.45,100,67,394
1277.57,COMP,982088,19.00,17.67,1,48.74,4.69,228.59,100,70,398
1278.59,COMP,982884,19.00,17.67,1,48.67,5.18,252.11,100,70,398
1279.61,COMP,983679,18.80,17.67,1,48.67,3.84,186.89,100,70,394
1280.63,COMP,984475,18.80,17.67,1,49.34,1.55,76.48,100,66,394
1281.65,COMP,985271,19.00,17.67,1,48.48,5.93,287.49,100,72,398
1282.66,COMP,986067,19.00,17.67,1,48.58,5.69,276.42,100,72,398
1283.68,COMP,986862,19.00,17.67,1,48.23,6.15,296.61,100,72,398
1284.71,COMP,987858,19.00,17.67,1,48.44,6.04,292.58,100,71,398
1285.73,COMP,988653,19.00,17.67,1,48.49,5.18,251.18,100,71,398
1286.76,COMP,989449,18.80,17.67,1,48.90,3.15,154.04,100,70,394
1287.78,COMP,990244,19.00,17.67,1,48.97,3.97,194.41,100,69,398
1288.80,COMP,991040,18.80,17.67,1,49.16,2.17,106.68,100,67,394
1289.82,COMP,991836,19.00,17.67,1,48.65,4.34,211.14,100,70,398
1290.84,COMP,992632,19.00,17.68,1,49.01,3.59,175.95,100,70,398
1291.86,COMP,993428,18.80,17.68,1,48.72,4.36,212.42,100,70,394
1292.88,COMP,994224,18.80,17.68,1,49.08,2.29,112.39,100,68,394
1293.91,COMP,995020,19.00,17.68,1,49.50,0.93,46.04,100,65,398
1294.93,COMP,995816,19.00,17.68,1,48.97,4.09,200.29,100,69,398
1295.95,COMP,996612,18.70,17.68,1,48.71,4.27,207.99,100,69,392
1296.97,COMP,997407,18.80,17.68,1,49.18,2.60,127.87,100,68,394
1297.98,COMP,998203,19.00,17.68,1,48.90,4.39,214.67,100,69,398
1299.00,COMP,998998,19.00,17.69,1,48.88,3.76,183.79,100,69,398
1300.02,COMP,999794,18.80,17.69,1,49.20,1.49,73.31,100,68,394
1301.04,COMP,1000590,19.00,17.69,1,48.60,4.90,238.14,100,71,398
1302.06,COMP,1001386,18.80,17.69,1,49.08,3.03,148.71,100,68,394
1303.07,COMP,1002182,18.80,17.69,1,48.72,5.06,246.52,100,70,394
1304.10,COMP,1003178,18.80,17.69,1,49.23,1.61,79.26,100,67,394
1305.13,COMP,1003974,18.80,17.69,1,48.60,4.29,208.49,100,71,394
1306.16,COMP,1004770,18.70,17.69,1,49.32,1.47,72.50,100,67,392
1307.18,COMP,1005565,19.00,17.69,1,48.92,3.91,191.28,100,70,398
1308.20,COMP,1006361,18.70,17.69,1,49.41,2.12,104.75,100,66,392
1309.22,COMP,1007156,19.00,17.69,1,48.37,6.01,290.70,100,72,398
1310.25,COMP,1007952,18.80,17.69,1,49.04,2.29,112.30,100,67,394
1311.27,COMP,1008748,19.00,17.69,1,48.88,3.46,169.12,100,70,398
1312.28,COMP,1009544,18.80,17.70,1,48.74,4.32,210.56,100,71,394
1313.30,COMP,1010340,19.00,17.70,1,48.71,3.79,184.61,100,70,398
1314.32,COMP,1011136,18.80,17.70,1,48.78,3.95,192.68,100,70,394
1315.33,COMP,1011933,18.70,17.70,1,49.57,0.29,14.38,100,63,392
1316.35,COMP,1012729,19.00,17.70,1,48.86,4.60,224.76,100,69,398
1317.36,COMP,1013525,19.00,17.70,1,49.08,3.26,160.00,100,68,398
1318.39,COMP,1014321,18.80,17.70,1,48.39,6.01,290.82,100,72,394
1319.40,COMP,1015117,18.80,17.70,1,49.29,2.36,116.32,100,66,394
1320.42,COMP,1015913,18.80,17.71,1,49.29,2.51,123.72,100,67,394
1321.44,COMP,1016710,19.00,17.71,1,48.90,4.20,205.38,100,69,398
1322.46,COMP,1017506,19.00,17.71,1,48.97,3.45,168.95,100,69,398
1323.48,COMP,1018302,19.00,17.71,1,48.92,3.14,153.61,100,69,398
1324.50,COMP,1019098,19.00,17.71,1,49.44,1.72,85.04,100,65,398
1325.51,COMP,1019894,19.00,17.71,1,48.94,4.12,201.63,100,69,398
1326.54,COMP,1020889,19.10,17.71,1,48.62,5.06,246.02,100,72,400
1327.57,COMP,1021685,19.10,17.71,1,49.01,4.04,198.00,100,69,400
1328.60,COMP,1022481,19.00,17.71,1,49.51,0.99,49.01,100,64,398
1329.63,COMP,1023276,18.80,17.71,1,48.44,5.50,266.42,100,72,394
1330.65,COMP,1024072,18.80,17.71,1,49.36,1.28,63.18,100,65,394
1331.67,COMP,1024868,18.80,17.71,1,49.01,3.16,154.87,100,68,394
1332.69,COMP,1025664,19.00,17.72,1,48.67,4.76,231.67,100,71,398
1333.71,COMP,1026459,18.80,17.72,1,48.32,5.04,243.53,100,72,394
1334.73,COMP,1027256,18.80,17.72,1,49.13,2.16,106.12,100,68,394
1335.74,COMP,1028052,18.80,17.72,1,48.51,5.97,289.60,100,72,394
1336.75,COMP,1028848,19.00,17.72,1,49.04,2.85,139.76,100,68,398
1337.77,COMP,1029644,19.00,17.72,1,48.92,3.46,169.26,100,70,398
1338.79,COMP,1030440,18.80,17.72,1,48.13,4.92,236.80,100,71,394
1339.81,COMP,1031236,19.00,17.72,1,48.94,4.02,196.74,100,69,398
1340.83,COMP,1032032,18.80,17.73,1,49.16,2.93,144.04,100,67,394
1341.85,COMP,1032828,19.00,17.73,1,49.16,2.45,120.44,100,66,398
1342.87,COMP,1033624,19.00,17.73,1,48.60,5.63,273.62,100,72,398
1343.89,COMP,1034420,19.00,17.73,1,49.04,2.94,144.18,100,67,398
1344.91,COMP,1035216,19.00,17.73,1,48.65,5.05,245.68,100,71,398
1345.92,COMP,1036012,18.80,17.73,1,49.30,2.06,101.56,100,66,394
1346.94,COMP,1036808,19.00,17.73,1,48.48,5.94,287.97,100,72,398
1347.96,COMP,1037604,18.80,17.73,1,48.88,3.98,194.54,100,68,394
1348.98,COMP,1038599,19.00,17.73,1,48.72,4.41,214.86,100,71,398
1350.00,COMP,1039395,18.70,17.73,1,48.94,2.87,140.46,100,68,392
1351.03,COMP,1040192,19.00,17.73,1,48.88,3.38,165.21,100,70,398
1352.05,COMP,1040988,19.00,17.73,1,48.99,2.86,140.11,100,68,398
1353.06,COMP,1041784,19.00,17.74,1,48.83,3.81,186.04,100,69,398
1354.08,COMP,1042580,18.80,17.74,1,49.23,2.48,122.09,100,68,394
1355.10,COMP,1043376,18.80,17.74,1,49.08,3.25,159.51,100,69,394
1356.13,COMP,1044172,18.80,17.74,1,48.83,3.83,187.02,100,69,394
1357.15,COMP,1044967,19.00,17.74,1,48.65,5.25,255.41,100,71,398
1358.17,COMP,1045764,19.00,17.74,1,48.00,5.61,269.28,100,71,398
1359.19,COMP,1046560,19.00,17.74,1,48.94,3.65,178.63,100,68,398
1360.21,COMP,1047356,18.80,17.74,1,49.43,0.24,11.86,100,64,394
1361.24,COMP,1048151,19.00,17.75,1,48.71,3.56,173.41,100,69,398
1362.26,COMP,1048947,18.80,17.75,1,49.13,2.24,110.05,100,68,394
1363.28,COMP,1049743,18.80,17.75,1,49.41,1.50,74.11,100,65,394
1364.30,COMP,1050539,19.00,17.75,1,49.27,2.67,131.55,100,67,398
1365.33,COMP,1051335,19.00,17.75,1,49.20,2.11,103.81,100,67,398
1366.36,COMP,1052336,19.10,17.75,1,49.51,0.50,24.75,100,64,400
1367.38,COMP,1053137,19.10,17.75,1,48.55,5.93,287.90,100,72,400
1368.42,COMP,1053937,19.10,17.75,1,48.37,6.52,315.37,100,73,400
1369.44,COMP,1054736,19.00,17.75,1,48.07,7.83,376.39,100,75,398
1370.47,COMP,1055537,19.10,17.75,1,48.99,3.10,151.87,100,69,400
1371.49,COMP,1056337,19.20,17.75,1,49.29,2.51,123.72,100,67,402
1372.51,COMP,1057137,19.00,17.76,1,48.86,3.85,188.11,100,70,398
1373.53,COMP,1057937,19.00,17.76,1,48.99,2.03,99.45,100,67,398
1374.55,COMP,1058738,19.10,17.76,1,48.62,4.34,211.01,100,71,400
1375.57,COMP,1059538,19.10,17.76,1,49.04,2.90,142.22,100,68,400
1376.58,COMP,1060339,19.20,17.76,1,49.04,2.95,144.67,100,67,402
1377.61,COMP,1061139,19.00,17.76,1,49.29,1.32,65.06,100,67,398
1378.63,COMP,1061940,19.10,17.76,1,49.34,0.74,36.51,100,64,400
1379.65,COMP,1062740,19.10,17.77,1,48.76,4.74,231.12,100,71,400
1380.66,COMP,1063541,19.00,17.77,1,49.06,2.83,138.84,100,68,398
1381.69,COMP,1064342,19.10,17.77,1,48.56,5.51,267.57,100,72,400
1382.70,COMP,1065142,19.00,17.77,1,48.69,5.12,249.29,100,70,398
1383.73,COMP,1065943,19.00,17.77,1,48.99,3.40,166.57,100,68,398
1384.74,COMP,1066744,18.90,17.77,1,48.58,4.72,229.30,100,71,396
1385.77,COMP,1067544,19.00,17.77,1,48.81,2.53,123.49,100,69,398
1386.77,COMP,1068344,19.10,17.77,1,48.83,3.74,182.62,100,70,400
1387.79,COMP,1069346,19.10,17.77,1,48.83,3.34,163.09,100,70,400
1388.81,COMP,1070146,19.00,17.77,1,48.94,3.29,161.01,100,69,398
1389.84,COMP,1070947,19.10,17.77,1,48.90,3.48,170.17,100,69,400
1390.86,COMP,1071746,19.10,17.77,1,49.15,2.23,109.60,100,68,400
1391.88,COMP,1072547,19.10,17.77,1,48.71,4.52,220.17,100,71,400
1392.90,COMP,1073347,19.00,17.78,1,49.16,2.81,138.14,100,68,398
1393.92,COMP,1074148,19.20,17.78,1,48.64,4.12,200.40,100,69,402
1394.95,COMP,1074948,19.10,17.78,1,48.69,3.92,190.86,100,70,400
1395.97,COMP,1075748,19.00,17.78,1,49.06,3.24,158.95,100,68,398
1396.98,COMP,1076548,19.00,17.78,1,48.83,3.60,175.79,100,69,398
1398.00,COMP,1077349,18.80,17.78,1,48.79,4.19,204.43,100,70,394
1399.02,COMP,1078149,19.00,17.78,1,48.78,4.00,195.12,100,70,398
1400.04,COMP,1078950,19.10,17.79,1,48.79,2.83,138.08,100,67,400
1401.06,COMP,1079750,19.10,17.79,1,48.92,3.96,193.72,100,69,400
1402.08,COMP,1080550,19.10,17.79,1,48.62,5.10,247.96,100,72,400
1403.10,COMP,1081350,19.10,17.79,1,49.43,0.81,40.04,100,65,400
1404.12,COMP,1082150,19.10,17.79,1,49.39,0.94,46.43,100,65,400
1405.14,COMP,1082951,19.00,17.79,1,49.34,1.49,73.52,100,65,398
1406.14,COMP,1083751,19.10,17.79,1,49.30,1.68,82.82,100,67,400
1407.14,COMP,1084551,19.10,17.79,1,48.95,2.67,130.70,100,70,400
1408.16,COMP,1085351,19.00,17.80,1,49.48,1.56,77.19,100,65,398
1409.18,COMP,1086152,19.10,17.80,1,49.46,0.99,48.97,100,64,400
1410.20,COMP,1086952,19.00,17.80,1,49.55,0.50,24.77,100,64,398
1411.22,COMP,1087753,19.10,17.80,1,48.90,4.43,216.63,100,70,400
1412.23,COMP,1088554,19.00,17.80,1,49.02,2.28,111.77,100,68,398
1413.26,COMP,1089555,19.10,17.80,1,48.78,4.41,215.12,100,71,400
1414.27,COMP,1090355,19.00,17.80,1,49.20,1.90,93.48,100,68,398
1415.30,COMP,1091155,19.00,17.80,1,48.62,4.84,235.32,100,71,398
1416.32,COMP,1091955,19.10,17.80,1,48.83,4.16,203.13,100,70,400
1417.34,COMP,1092755,19.00,17.80,1,48.44,5.29,256.25,100,71,398
1418.36,COMP,1093555,19.10,17.80,1,48.65,4.70,228.66,100,70,400
1419.38,COMP,1094356,19.00,17.81,1,48.60,5.29,257.09,100,71,398
1420.40,COMP,1095157,19.00,17.81,1,48.90,4.40,215.16,100,72,398
1421.42,COMP,1095957,19.00,17.81,1,48.81,3.90,190.36,100,69,398
1422.44,COMP,1096757,19.10,17.81,1,48.48,4.93,239.01,100,71,400
1423.46,COMP,1097558,19.00,17.81,1,48.51,5.66,274.57,100,72,398
1424.48,COMP,1098358,19.10,17.81,1,48.37,5.19,251.04,100,73,400
1425.50,COMP,1099159,18.80,17.81,1,48.42,5.73,277.45,100,73,394
1426.52,COMP,1099958,19.00,17.82,1,48.18,5.31,255.84,100,71,398
1427.55,COMP,1100759,19.00,17.82,1,48.07,7.54,362.45,100,75,398
1428.56,COMP,1101559,19.00,17.82,1,48.37,6.05,292.64,100,72,398
1429.58,COMP,1102360,19.00,17.82,1,47.70,10.10,481.77,100,78,398
1430.60,COMP,1103160,18.80,17.82,1,47.92,6.54,313.40,100,74,394
1431.61,COMP,1103961,19.10,17.82,1,48.35,6.29,304.12,100,74,400
1432.63,COMP,1104761,19.10,17.82,1,48.62,4.96,241.16,100,71,400
1433.65,COMP,1105561,19.10,17.83,1,48.20,6.22,299.80,100,73,400
1434.67,COMP,1106362,19.10,17.83,1,48.51,5.67,275.05,100,72,400
1435.69,COMP,1107363,19.10,17.82,1,48.86,3.97,193.97,100,69,400
1436.71,COMP,1108163,19.00,17.82,1,48.27,5.96,287.69,100,73,398
1437.74,COMP,1108962,19.10,17.83,1,48.07,5.52,265.35,100,72,400
1438.76,COMP,1109763,19.10,17.83,1,48.65,4.44,216.01,100,71,400
1439.78,COMP,1110563,19.10,17.83,1,48.41,5.96,288.52,100,72,400
1440.78,COMP,1111364,19.10,17.83,1,48.64,5.98,290.87,100,73,400
1441.80,COMP,1112164,19.10,17.83,1,48.20,4.99,240.52,100,72,400
1442.82,COMP,1112964,19.10,17.83,1,47.47,7.91,375.49,100,77,400
1443.85,COMP,1113765,19.00,17.83,1,48.13,7.42,357.12,100,75,398
1444.87,COMP,1114565,19.10,17.84,1,48.06,7.08,340.26,100,74,400
1445.89,COMP,1115366,19.10,17.84,1,48.06,7.59,364.78,100,75,400
1446.92,COMP,1116166,19.00,17.84,1,47.93,7.39,354.20,100,76,398
1447.95,COMP,1116966,19.10,17.84,1,47.90,7.02,336.26,100,73,400
1448.96,COMP,1117767,19.10,17.84,1,48.02,5.02,241.06,100,71,400
1449.98,COMP,1118567,19.10,17.84,1,48.41,5.80,280.78,100,72,400
1451.00,COMP,1119367,19.10,17.85,1,48.32,6.27,302.97,100,73,400
1452.02,COMP,1120167,19.10,17.85,1,47.97,6.76,324.28,100,74,400
1453.04,COMP,1120968,19.10,17.85,1,48.09,6.30,302.97,100,74,400
1454.06,COMP,1121768,19.10,17.85,1,48.64,3.91,190.18,100,70,400
1455.08,COMP,1122569,19.00,17.85,1,48.56,4.16,202.01,100,71,398
1456.10,COMP,1123571,19.00,17.85,1,47.99,10.51,504.37,100,78,398
1457.13,COMP,1124375,19.10,17.85,1,48.37,5.32,257.33,100,72,400
1458.16,COMP,1125179,19.20,17.85,1,46.79,10.52,492.23,100,79,402
1459.18,COMP,1125984,19.20,17.85,1,47.72,8.76,418.03,100,76,402
1460.20,COMP,1126788,19.20,17.85,1,46.68,12.17,568.10,100,81,402
1461.22,COMP,1127592,19.20,17.85,1,47.67,8.55,407.58,100,77,402
1462.24,COMP,1128397,19.30,17.86,1,48.06,6.82,327.77,100,74,404
1463.26,COMP,1129201,19.10,17.86,1,48.85,2.40,117.24,100,68,400
1464.28,COMP,1130007,19.10,17.86,1,49.44,0.13,6.43,100,64,400
1465.31,COMP,1130814,19.20,17.86,1,49.44,0.02,0.99,100,64,402
1466.33,COMP,1131621,19.30,17.86,1,48.51,3.55,172.21,100,70,404
1467.36,COMP,1132425,19.10,17.86,1,49.13,1.23,60.43,100,67,400
1468.36,COMP,1133229,19.10,17.87,1,47.53,10.35,491.94,100,78,400
1469.38,COMP,1134034,19.20,17.87,1,47.58,9.97,474.37,100,78,402
1470.40,COMP,1134839,19.20,17.87,1,47.46,11.63,551.96,100,79,402
1471.42,COMP,1135644,19.10,17.87,1,48.02,7.35,352.95,100,74,400
1472.44,COMP,1136449,19.10,17.87,1,47.47,11.03,523.59,100,79,400
1473.46,COMP,1137253,19.10,17.87,1,47.60,8.27,393.65,100,76,400
1474.48,COMP,1138058,19.20,17.87,1,47.44,10.11,479.62,100,78,402
1475.50,COMP,1138863,19.10,17.88,1,48.55,4.11,199.54,100,70,400
1476.52,COMP,1139869,19.10,17.87,1,47.77,7.31,349.20,100,76,400
1477.54,COMP,1140674,19.20,17.87,1,48.23,6.00,289.38,100,73,402
1478.57,COMP,1141478,19.10,17.87,1,48.62,2.73,132.73,100,69,400
1479.59,COMP,1142283,19.20,17.87,1,48.16,6.52,314.00,100,74,402
1480.61,COMP,1143088,19.20,17.88,1,47.95,8.05,386.00,100,75,402
1481.63,COMP,1143892,19.20,17.88,1,47.23,10.19,481.27,100,79,402
1482.65,COMP,1144696,19.10,17.88,1,48.14,6.25,300.88,100,73,400
1483.66,COMP,1145500,19.10,17.88,1,47.62,7.66,364.77,100,76,400
1484.68,COMP,1146305,19.20,17.88,1,47.67,8.96,427.12,100,77,402
1485.70,COMP,1147110,19.10,17.88,1,47.93,8.62,413.16,100,76,400
1486.72,COMP,1147914,19.20,17.89,1,47.35,10.00,473.50,100,78,402
1487.74,COMP,1148719,19.10,17.89,1,48.37,7.22,349.23,100,75,400
1488.77,COMP,1149523,19.00,17.89,1,48.32,5.57,269.14,100,73,398
1489.79,COMP,1150328,19.20,17.89,1,48.48,4.43,214.77,100,69,402
1490.81,COMP,1151132,19.00,17.89,1,48.67,3.92,190.79,100,70,398
1491.83,COMP,1151937,19.30,17.89,1,48.92,3.91,191.28,100,70,404
1492.85,COMP,1152741,19.10,17.90,1,48.30,6.14,296.56,100,72,400
1493.86,COMP,1153546,19.10,17.90,1,48.78,3.02,147.32,100,69,400
1494.89,COMP,1154350,19.00,17.90,1,48.42,5.16,249.85,100,72,398
1495.90,COMP,1155155,19.10,17.90,1,49.02,2.52,123.53,100,68,400
1496.92,COMP,1155959,19.10,17.90,1,48.56,4.28,207.84,100,71,400
1497.94,COMP,1156965,19.20,17.90,1,48.65,3.92,190.71,100,70,402
1498.97,COMP,1157770,19.20,17.90,1,48.14,6.31,303.76,100,74,402
1500.00,COMP,1158574,19.10,17.90,1,48.58,4.10,199.18,100,70,400
1501.02,COMP,1159378,19.20,17.90,1,48.64,4.22,205.26,100,70,402
1502.04,COMP,1160183,19.20,17.90,1,48.06,6.36,305.66,100,73,402
1503.05,COMP,1160988,19.20,17.91,1,47.84,7.43,355.45,100,75,402
1504.07,COMP,1161792,19.20,17.91,1,47.77,6.03,288.05,100,73,402
1505.09,COMP,1162596,19.20,17.91,1,48.32,4.89,236.28,100,73,402
1506.11,COMP,1163401,19.10,17.91,1,47.81,6.17,294.99,100,74,400
1507.13,COMP,1164205,19.20,17.91,1,48.09,6.71,322.68,100,74,402
1508.15,COMP,1165009,19.10,17.91,1,48.23,5.30,255.62,100,72,400
1509.15,COMP,1165814,19.10,17.92,1,48.18,5.65,272.22,100,74,400
1510.17,COMP,1166618,19.20,17.92,1,48.58,3.94,191.41,100,70,402
1511.18,COMP,1167423,19.20,17.92,1,48.51,4.02,195.01,100,71,402
1512.21,COMP,1168228,19.30,17.92,1,48.07,6.01,288.90,100,71,404
1513.22,COMP,1169032,19.10,17.92,1,48.69,3.44,167.49,100,70,400
1514.24,COMP,1169837,19.10,17.92,1,48.21,3.90,188.02,100,72,400
1515.25,COMP,1170641,19.10,17.93,1,48.30,5.67,273.86,100,73,400
1516.27,COMP,1171445,19.10,17.93,1,48.79,3.71,181.01,100,69,400
1517.30,COMP,1172249,19.10,17.93,1,48.95,2.46,120.42,100,68,400
1518.32,COMP,1173054,19.20,17.93,1,48.35,5.58,269.79,100,72,402
1519.32,COMP,1173859,19.20,17.93,1,47.63,6.95,331.03,100,74,402
1520.34,COMP,1174663,19.10,17.93,1,48.07,6.90,331.68,100,74,400
1521.36,COMP,1175467,19.00,17.94,1,48.48,4.79,232.22,100,71,398
1522.39,COMP,1176272,19.10,17.94,1,47.95,7.28,349.08,100,75,400
1523.40,COMP,1177278,19.10,17.93,1,48.04,6.24,299.77,100,74,400
1524.42,COMP,1178082,19.00,17.93,1,48.20,5.84,281.49,100,72,398
1525.44,COMP,1178887,19.00,17.93,1,47.58,6.65,316.41,100,75,398
1526.48,COMP,1179690,19.10,17.94,1,47.95,6.97,334.21,100,73,400
1527.50,COMP,1180495,19.20,17.94,1,48.42,4.91,237.74,100,72,402
1528.52,COMP,1181300,19.10,17.94,1,47.19,8.80,415.27,100,76,400
1529.52,COMP,1182104,19.10,17.94,1,47.65,8.51,405.50,100,76,400
1530.54,COMP,1182908,19.20,17.94,1,47.86,7.84,375.22,100,75,402
1531.56,COMP,1183713,19.20,17.95,1,47.39,7.60,360.16,100,76,402
1532.58,COMP,1184518,19.10,17.95,1,48.34,5.30,256.20,100,72,400
1533.61,COMP,1185323,19.20,17.95,1,48.18,6.77,326.18,100,74,402
1534.63,COMP,1186127,19.20,17.95,1,47.30,11.29,534.02,100,80,402
1535.65,COMP,1186931,19.10,17.95,1,47.46,7.26,344.56,100,75,400
1536.66,COMP,1187740,19.30,17.96,1,47.79,8.00,382.32,100,76,404
1537.68,COMP,1188548,19.30,17.96,1,47.69,6.91,329.54,100,74,404
1538.69,COMP,1189357,19.30,17.96,1,47.74,8.88,423.93,100,77,404
1539.70,COMP,1190165,19.20,17.96,1,47.83,7.23,345.81,100,75,402
1540.72,COMP,1190974,19.30,17.96,1,47.63,9.20,438.20,100,77,404
1541.73,COMP,1191782,19.20,17.96,1,47.56,9.45,449.44,100,78,402
1542.76,COMP,1192591,19.20,17.97,1,47.44,11.30,536.07,100,81,402
1543.78,COMP,1193399,19.30,17.97,1,48.00,5.72,274.56,100,72,404
1544.80,COMP,1194208,19.30,17.97,1,48.20,6.65,320.53,100,73,404
1545.83,COMP,1195016,19.30,17.97,1,48.00,6.77,324.96,100,75,404
1546.85,COMP,1196027,19.10,17.96,1,47.84,7.98,381.76,100,76,400
1547.87,COMP,1196836,19.20,17.97,1,48.13,6.19,297.92,100,74,402
1548.90,COMP,1197644,19.30,17.97,1,48.02,5.01,240.58,100,72,404
1549.92,COMP,1198452,19.20,17.97,1,47.97,6.65,319.00,100,74,402
1550.94,COMP,1199261,19.20,17.97,1,47.95,7.26,348.12,100,75,402
1551.96,COMP,1200069,19.20,17.97,1,47.81,7.28,348.06,100,76,402
1552.97,COMP,1200878,19.20,17.98,1,47.67,8.57,408.53,100,77,402
1553.99,COMP,1201686,18.80,17.98,1,48.07,6.24,299.96,100,74,394
1555.02,COMP,1202495,19.30,17.98,1,48.18,5.88,283.30,100,73,404
1556.03,COMP,1203304,19.20,17.98,1,47.79,7.18,343.13,100,76,402
1557.05,COMP,1204112,19.20,17.98,1,47.53,8.41,399.73,100,76,402
1558.07,COMP,1204921,19.20,17.99,1,46.88,10.26,480.99,100,78,402
1559.09,COMP,1205729,19.30,17.99,1,47.74,8.38,400.06,100,76,404
1560.12,COMP,1206538,19.30,17.99,1,47.02,12.13,570.35,100,82,404
1561.14,COMP,1207346,19.20,17.99,1,47.42,9.02,427.73,100,77,402
1562.17,COMP,1208155,19.30,17.99,1,48.13,6.07,292.15,100,73,404
1563.18,COMP,1208964,19.30,18.00,1,48.14,5.32,256.10,100,73,404
1564.21,COMP,1209773,19.40,18.00,1,47.62,8.42,400.96,100,78,406
1565.24,COMP,1210582,19.40,18.00,1,47.88,6.99,334.68,100,76,406
1566.24,COMP,1211390,19.20,18.00,1,47.76,7.39,352.95,100,76,402
1567.25,COMP,1212198,19.10,18.00,1,47.79,6.59,314.94,100,74,400
1568.28,COMP,1213210,19.20,18.00,1,47.92,7.03,336.88,100,75,402
1569.29,COMP,1214018,19.30,18.00,1,47.79,7.65,365.59,100,76,404
1570.29,COMP,1214826,19.30,18.00,1,46.63,11.61,541.37,100,79,404
1571.31,COMP,1215635,19.30,18.00,1,47.16,11.25,530.55,100,80,404
1572.31,COMP,1216443,19.00,18.00,1,47.67,8.75,417.11,100,76,398
1573.33,COMP,1217251,19.20,18.00,1,48.02,6.45,309.73,100,74,402
1574.36,COMP,1218060,19.20,18.01,1,47.51,5.82,276.51,100,73,402
1575.38,COMP,1218868,19.20,18.01,1,48.02,5.81,279.00,100,74,402
1576.39,COMP,1219676,19.20,18.01,1,47.21,10.10,476.82,100,78,402
1577.42,COMP,1220486,19.30,18.01,1,47.25,6.80,321.30,100,76,404
1578.44,COMP,1221294,19.30,18.01,1,47.65,8.87,422.66,100,79,404
1579.44,COMP,1222103,19.20,18.02,1,48.28,4.13,199.40,100,72,402
1580.45,COMP,1222912,19.20,18.02,1,48.20,3.31,159.54,100,70,402
1581.47,COMP,1223720,19.20,18.02,1,47.83,7.07,338.16,100,75,402
1582.49,COMP,1224529,19.30,18.02,1,48.09,6.25,300.56,100,73,404
1583.51,COMP,1225337,19.20,18.02,1,48.13,6.40,308.03,100,73,402
1584.54,COMP,1226146,19.20,18.03,1,47.77,7.05,336.78,100,76,402
1585.56,COMP,1226954,19.20,18.03,1,48.34,4.21,203.51,100,72,402
1586.58,COMP,1227762,19.10,18.03,1,48.67,2.83,137.74,100,69,400
1587.61,COMP,1228571,19.20,18.03,1,48.35,5.16,249.49,100,71,402
1588.62,COMP,1229380,19.20,18.03,1,47.92,6.75,323.46,100,75,402
1589.64,COMP,1230189,19.20,18.04,1,47.51,6.24,296.46,100,73,402
1590.65,COMP,1230997,19.30,18.04,1,47.54,10.07,478.73,100,77,404
1591.68,COMP,1231807,19.30,18.04,1,47.70,7.11,339.15,100,77,404
1592.70,COMP,1232615,19.30,18.04,1,47.53,7.84,372.64,100,77,404
1593.72,COMP,1233424,19.00,18.05,1,48.09,6.23,299.60,100,73,398
1594.74,COMP,1234435,19.00,18.04,1,47.77,7.24,345.85,100,74,398
1595.76,COMP,1235243,19.10,18.04,1,48.14,5.08,244.55,100,73,400
1596.78,COMP,1236052,19.10,18.04,1,48.00,5.35,256.80,100,73,400
1597.80,COMP,1236860,19.30,18.04,1,47.83,6.74,322.37,100,74,404
1598.82,COMP,1237673,19.40,18.05,1,48.37,4.71,227.82,100,72,406
1599.84,COMP,1238481,19.20,18.05,1,48.02,5.16,247.78,100,73,402
1600.85,COMP,1239289,19.30,18.05,1,47.65,6.98,332.60,100,75,404
1601.87,COMP,1240098,19.30,18.05,1,47.83,7.19,343.90,100,74,404
1602.89,COMP,1240911,19.50,18.05,1,47.25,9.54,450.76,100,79,409
1603.91,COMP,1241724,19.30,18.06,1,47.62,7.56,360.01,100,77,404
1604.94,COMP,1242536,19.20,18.06,1,47.14,7.28,343.18,100,76,402
1605.96,COMP,1243350,19.30,18.06,1,47.62,6.50,309.53,100,76,404
1606.98,COMP,1244164,19.30,18.06,1,48.39,4.34,210.01,100,71,404
1608.00,COMP,1244977,19.40,18.07,1,48.39,4.32,209.04,100,71,406
1609.02,COMP,1245789,19.30,18.07,1,48.07,4.97,238.91,100,72,404
1610.05,COMP,1246602,19.30,18.07,1,47.56,8.27,393.32,100,75,404
1611.07,COMP,1247416,19.40,18.07,1,48.04,6.46,310.34,100,73,406
1612.09,COMP,1248228,19.30,18.07,1,47.44,7.49,355.33,100,78,404
1613.12,COMP,1249041,19.30,18.08,1,47.92,6.32,302.85,100,75,404
1614.13,COMP,1249854,19.30,18.08,1,47.90,6.19,296.50,100,74,404
1615.15,COMP,1250870,19.40,18.07,1,47.46,8.01,380.15,100,75,406
1616.18,COMP,1251683,19.30,18.07,1,47.76,7.78,371.57,100,76,404
1617.21,COMP,1252496,19.30,18.08,1,47.84,6.88,329.14,100,75,404
1618.23,COMP,1253308,19.30,18.08,1,47.37,7.81,369.96,100,76,404
1619.26,COMP,1254121,19.10,18.08,1,47.21,8.89,419.70,100,77,400
1620.28,COMP,1254935,19.30,18.08,1,48.20,4.90,236.18,100,73,404
1621.31,COMP,1255748,19.40,18.09,1,47.62,6.08,289.53,100,74,406
1622.33,COMP,1256561,19.40,18.09,1,48.07,5.03,241.79,100,73,406
1623.35,COMP,1257374,19.30,18.09,1,48.04,6.04,290.16,100,73,404
1624.37,COMP,1258187,19.40,18.09,1,47.51,9.09,431.87,100,77,406
1625.39,COMP,1259000,19.30,18.09,1,47.93,5.55,266.01,100,75,404
1626.39,COMP,1259813,19.40,18.10,1,47.88,6.86,328.46,100,75,406
1627.40,COMP,1260626,19.30,18.10,1,47.56,8.27,393.32,100,77,404
1628.40,COMP,1261439,19.30,18.10,1,48.37,4.68,226.37,100,71,404
1629.42,COMP,1262252,19.30,18.10,1,48.21,4.89,235.75,100,72,404
1630.45,COMP,1263064,19.20,18.10,1,47.79,7.06,337.40,100,75,402
1631.47,COMP,1263877,19.40,18.11,1,47.65,8.37,398.83,100,77,406
1632.49,COMP,1264690,19.30,18.11,1,48.83,0.10,4.88,100,67,404
1633.51,COMP,1265502,19.30,18.11,1,47.53,7.78,369.78,100,76,404
1634.53,COMP,1266315,19.30,18.11,1,47.76,6.73,321.42,100,75,404
1635.55,COMP,1267128,19.40,18.12,1,47.67,7.28,347.04,100,76,406
1636.58,COMP,1268144,19.30,18.11,1,48.30,3.87,186.92,100,71,404
1637.60,COMP,1268957,19.30,18.11,1,47.79,7.28,347.91,100,76,404
1638.62,COMP,1269770,19.40,18.11,1,47.47,9.08,431.03,100,78,406
1639.65,COMP,1270583,19.40,18.12,1,47.76,7.56,361.07,100,76,406
1640.67,COMP,1271396,19.30,18.12,1,47.58,8.04,382.54,100,77,404
1641.67,COMP,1272209,19.30,18.12,1,47.99,5.45,261.55,100,74,404
1642.69,COMP,1273021,19.20,18.12,1,48.04,4.83,232.03,100,73,402
1643.71,COMP,1273834,19.40,18.12,1,47.56,8.04,382.38,100,77,406
1644.73,COMP,1274647,19.30,18.13,1,48.56,3.17,153.94,100,70,404
1645.75,COMP,1275460,19.30,18.13,1,48.07,5.65,271.60,100,73,404
1646.77,COMP,1276273,19.40,18.13,1,48.11,6.12,294.43,100,73,406
1647.78,COMP,1277085,19.40,18.13,1,48.14,5.29,254.66,100,72,406
1648.80,COMP,1277898,19.40,18.14,1,47.62,7.50,357.15,100,76,406
1649.82,COMP,1278711,19.30,18.14,1,47.07,7.77,365.73,100,76,404
1650.85,COMP,1279523,19.20,18.14,1,47.67,6.78,323.20,100,76,402
1651.85,COMP,1280338,19.40,18.14,1,48.20,4.58,220.76,100,72,406
1652.88,COMP,1281151,19.30,18.15,1,48.42,4.50,217.89,100,70,404
1653.90,COMP,1281964,19.40,18.15,1,47.95,6.11,292.97,100,74,406
1654.92,COMP,1282777,19.30,18.15,1,47.93,6.85,328.32,100,74,404
1655.94,COMP,1283594,19.50,18.15,1,47.84,6.73,321.96,100,75,409
1656.95,COMP,1284411,19.20,18.16,1,48.44,3.87,187.46,100,71,402
1657.97,COMP,1285228,19.40,18.16,1,48.34,2.52,121.82,100,73,406
1658.99,COMP,1286045,19.50,18.16,1,48.65,2.82,137.19,100,70,409
1660.00,COMP,1286863,19.40,18.16,1,48.69,2.75,133.90,100,70,406
1661.02,COMP,1287680,19.50,18.17,1,48.46,2.40,116.30,100,71,409
1662.02,COMP,1288496,19.30,18.17,1,47.90,4.80,229.92,100,74,404
1663.04,COMP,1289314,19.30,18.17,1,49.02,0.78,38.24,100,67,404
1664.06,COMP,1290335,19.40,18.16,1,48.07,4.91,236.02,100,73,406
1665.08,COMP,1291152,19.50,18.16,1,47.72,7.67,366.01,100,75,409
1666.09,COMP,1291970,19.40,18.16,1,48.20,4.22,203.40,100,73,406
1667.12,COMP,1292787,19.40,18.17,1,48.30,3.91,188.85,100,73,406
1668.14,COMP,1293603,19.40,18.17,1,47.65,6.39,304.48,100,75,406
1669.16,COMP,1294420,19.30,18.17,1,47.95,5.95,285.30,100,74,404
1670.18,COMP,1295237,19.40,18.17,1,47.44,9.76,463.01,100,78,406
1671.19,COMP,1296054,19.40,18.18,1,48.11,5.27,253.54,100,73,406
1672.21,COMP,1296871,19.40,18.18,1,47.60,7.68,365.57,100,76,406
1673.23,COMP,1297688,19.40,18.18,1,47.95,6.63,317.91,100,75,406
1674.25,COMP,1298505,19.40,18.18,1,48.41,3.77,182.51,100,71,406
1675.27,COMP,1299322,19.40,18.19,1,48.34,3.72,179.82,100,72,406
1676.28,COMP,1300139,19.50,18.19,1,47.88,6.50,311.22,100,74,409
1677.30,COMP,1300957,19.50,18.19,1,47.74,7.37,351.84,100,77,409
1678.32,COMP,1301774,19.50,18.19,1,47.40,8.52,403.85,100,79,409
1679.33,COMP,1302591,19.40,18.20,1,48.21,4.44,214.05,100,72,406
1680.36,COMP,1303408,19.40,18.20,1,47.88,5.75,275.31,100,75,406
1681.38,COMP,1304225,19.20,18.20,1,48.04,3.98,191.20,100,72,402
1682.40,COMP,1305043,19.30,18.20,1,48.46,3.39,164.28,100,71,404
1683.42,COMP,1305860,19.40,18.21,1,48.09,5.01,240.93,100,73,406
1684.44,COMP,1306677,19.40,18.21,1,48.51,2.77,134.37,100,71,406
1685.46,COMP,1307494,19.40,18.21,1,48.28,4.08,196.98,100,72,406
1686.48,COMP,1308311,19.40,18.22,1,48.20,5.53,266.55,100,73,406
1687.50,COMP,1309333,19.50,18.21,1,47.32,9.30,440.08,100,80,409
1688.53,COMP,1310149,19.40,18.21,1,48.23,5.18,249.83,100,73,406
1689.55,COMP,1310966,19.50,18.21,1,47.99,5.62,269.70,100,74,409
1690.57,COMP,1311783,19.40,18.21,1,48.27,5.89,284.31,100,74,406
1691.59,COMP,1312600,19.40,18.22,1,48.37,4.17,201.70,100,71,406
1692.61,COMP,1313417,19.40,18.22,1,48.60,2.51,121.99,100,70,406
1693.63,COMP,1314234,19.40,18.22,1,47.72,6.91,329.75,100,76,406
1694.65,COMP,1315051,19.30,18.23,1,48.30,4.74,228.94,100,71,404
1695.67,COMP,1315868,19.40,18.23,1,48.02,5.87,281.88,100,74,406
1696.68,COMP,1316685,19.50,18.23,1,47.86,5.92,283.33,100,75,409
1697.70,COMP,1317502,19.40,18.23,1,48.02,5.86,281.40,100,74,406
1698.72,COMP,1318319,19.40,18.24,1,47.77,7.05,336.78,100,76,406
1699.74,COMP,1319136,19.40,18.24,1,48.18,3.72,179.23,100,72,406
1700.76,COMP,1319953,19.30,18.24,1,48.27,4.45,214.80,100,73,404
1701.78,COMP,1320770,19.50,18.25,1,48.28,4.23,204.22,100,72,409
1702.81,COMP,1321587,19.30,18.25,1,48.65,2.36,114.81,100,70,404
1703.83,COMP,1322404,19.40,18.25,1,48.56,2.11,102.46,100,70,406
1704.84,COMP,1323221,19.50,18.26,1,48.23,5.12,246.94,100,73,409
1705.86,COMP,1324042,19.50,18.26,1,48.41,3.48,168.47,100,71,409
1706.88,COMP,1324863,19.50,18.26,1,48.16,5.08,244.65,100,74,409
1707.90,COMP,1325683,19.40,18.26,1,48.27,4.67,225.42,100,73,406
1708.91,COMP,1326504,19.50,18.27,1,47.69,6.43,306.65,100,75,409
1709.93,COMP,1327531,19.30,18.26,1,48.34,4.81,232.52,100,71,404
1710.95,COMP,1328352,19.50,18.26,1,48.48,3.06,148.35,100,70,409
