Time,State,Ticks,Speed,Target,SmartCruise,Volts,Amps,PowerInst,Throttle,Duty,RPM
1.01,COMP,0,0.00,16.88,0,52.35,0.00,0.00,0,0,0
2.01,COMP,1,0.00,16.89,0,52.33,0.00,0.00,0,0,0
3.02,COMP,131,0.70,16.89,1,51.91,0.15,7.79,100,6,14
4.03,COMP,264,20.30,16.90,1,52.17,0.14,7.30,100,4,425
5.06,COMP,459,58.00,16.91,0,47.46,12.59,597.52,74,29,1216
6.06,COMP,698,4.40,16.91,0,48.30,14.05,678.62,78,35,92
7.09,COMP,941,6.50,16.92,0,49.71,15.68,779.45,86,42,136
8.09,COMP,1267,8.10,16.92,1,49.81,11.85,590.25,100,43,169
9.09,COMP,1653,9.40,16.93,1,49.04,11.96,586.52,100,47,197
10.10,COMP,2092,10.50,16.93,1,49.32,12.00,591.84,100,51,220
11.10,COMP,2578,11.50,16.94,1,49.62,11.87,588.99,100,54,241
12.13,COMP,3105,12.50,16.94,1,49.57,11.86,587.90,100,57,262
13.16,COMP,3673,13.30,16.94,1,49.48,11.99,593.27,100,60,279
14.16,COMP,4278,14.20,16.94,1,49.73,11.86,589.80,100,62,297
15.18,COMP,4919,15.00,16.95,1,49.62,12.01,595.94,100,65,314
16.21,COMP,5593,15.70,16.95,1,49.44,11.94,590.31,100,68,329
17.23,COMP,6299,16.40,16.95,1,49.50,11.75,581.63,100,70,344
18.25,COMP,7034,17.10,16.95,1,49.60,11.88,589.25,100,72,358
19.27,COMP,7796,17.70,16.95,1,49.73,11.88,590.79,100,74,371
20.28,COMP,8581,17.90,16.95,1,51.24,3.16,161.92,100,65,375
21.30,COMP,9568,18.10,16.95,1,50.62,5.80,293.60,100,70,379
22.33,COMP,10358,18.10,16.95,1,51.10,4.30,219.73,100,67,379
23.35,COMP,11147,18.10,16.95,1,51.40,3.03,155.74,100,64,379
24.37,COMP,11937,18.10,16.95,1,50.68,6.51,329.93,100,69,379
25.38,COMP,12726,18.00,16.95,1,51.08,5.01,255.91,100,67,377
26.40,COMP,13516,18.00,16.95,1,51.56,4.03,207.79,100,65,377
27.42,COMP,14305,18.00,16.95,1,51.35,4.23,217.21,100,65,377
28.43,COMP,15095,18.30,16.95,1,49.96,8.07,403.18,100,77,383
29.44,COMP,15884,18.00,16.95,1,51.20,3.04,155.65,100,65,377
30.46,COMP,16674,18.10,16.95,1,51.80,-0.04,-2.07,100,61,379
31.48,COMP,17465,18.10,16.96,1,50.66,7.24,366.78,100,70,379
32.51,COMP,18254,18.10,16.96,1,50.71,4.18,211.97,100,68,379
33.52,COMP,19043,18.10,16.96,1,51.12,4.69,239.75,100,67,379
34.54,COMP,19833,18.00,16.96,1,51.49,4.10,211.11,100,65,377
35.56,COMP,20622,18.10,16.96,1,50.82,5.77,293.23,100,69,379
36.57,COMP,21411,17.90,16.96,1,51.36,2.23,114.53,100,64,375
37.59,COMP,22201,18.10,16.96,1,51.01,4.95,252.50,100,67,379
38.60,COMP,22991,18.00,16.96,1,51.52,3.88,199.90,100,65,377
39.62,COMP,23780,18.00,16.96,1,51.01,4.66,237.71,100,68,377
40.63,COMP,24569,18.10,16.96,1,50.99,3.88,197.84,100,66,379
41.65,COMP,25359,18.10,16.96,1,50.82,5.51,280.02,100,68,379
42.68,COMP,26149,18.00,16.96,1,50.76,6.40,324.86,100,69,377
43.69,COMP,26938,17.90,16.96,1,51.50,2.91,149.87,100,63,375
44.71,COMP,27926,18.10,16.96,1,51.12,3.83,195.79,100,67,379
45.72,COMP,28715,18.10,16.96,1,51.29,2.92,149.77,100,64,379
46.74,COMP,29504,18.10,16.96,1,49.48,10.87,537.85,100,77,379
47.77,COMP,30294,18.00,16.96,1,50.89,5.04,256.49,100,68,377
48.78,COMP,31084,17.90,16.96,1,51.33,2.98,152.96,100,65,375
49.80,COMP,31874,18.20,16.96,1,50.87,4.86,247.23,100,68,381
50.81,COMP,32663,18.10,16.96,1,51.13,4.54,232.13,100,66,379
51.83,COMP,33452,18.00,16.96,1,50.69,4.55,230.64,100,67,377
52.84,COMP,34242,17.70,16.96,1,51.92,0.81,42.06,100,60,371
53.86,COMP,35032,18.00,16.96,1,51.68,1.88,97.16,100,62,377
54.87,COMP,35821,18.10,16.96,1,51.01,4.93,251.48,100,67,379
55.89,COMP,36611,18.00,16.96,1,51.10,4.00,204.40,100,66,377
56.90,COMP,37400,18.20,16.97,1,51.31,4.42,226.79,100,66,381
57.92,COMP,38189,18.00,16.97,1,51.27,3.48,178.42,100,66,377
58.94,COMP,38978,18.10,16.97,1,50.94,4.98,253.68,100,68,379
59.95,COMP,39767,18.00,16.97,1,51.45,1.87,96.21,100,63,377
60.98,COMP,40558,18.10,16.97,1,50.61,6.85,346.68,100,70,379
62.00,COMP,41347,18.00,16.97,1,50.75,5.60,284.20,100,67,377
63.00,COMP,42137,18.10,16.97,1,50.68,5.03,254.92,100,67,379
64.02,COMP,42927,18.00,16.97,1,51.49,1.91,98.35,100,63,377
65.04,COMP,43717,18.00,16.97,1,51.17,4.01,205.19,100,65,377
66.06,COMP,44506,18.10,16.97,1,50.90,4.82,245.34,100,68,379
67.08,COMP,45296,18.00,16.97,1,50.76,4.94,250.75,100,67,377
68.10,COMP,46085,18.10,16.97,1,50.94,5.27,268.45,100,68,379
69.11,COMP,46875,18.00,16.97,1,50.80,5.78,293.62,100,68,377
70.13,COMP,47863,18.00,16.97,1,50.90,4.82,245.34,100,68,377
71.15,COMP,48652,18.10,16.97,1,50.61,6.92,350.22,100,69,379
72.18,COMP,49442,18.10,16.97,1,51.27,2.28,116.90,100,65,379
73.19,COMP,50231,18.10,16.97,1,50.73,5.66,287.13,100,68,379
74.21,COMP,51021,18.10,16.97,1,51.01,4.40,224.44,100,66,379
75.23,COMP,51811,18.00,16.97,1,50.71,4.73,239.86,100,67,377
76.24,COMP,52600,18.00,16.97,1,51.13,4.14,211.68,100,66,377
77.26,COMP,53389,18.00,16.97,1,50.78,5.52,280.31,100,67,377
78.28,COMP,54179,18.10,16.97,1,50.87,5.05,256.89,100,68,379
79.30,COMP,54968,18.10,16.97,1,50.47,6.05,305.34,100,69,379
80.31,COMP,55758,18.10,16.97,1,51.31,3.17,162.65,100,65,379
81.33,COMP,56547,18.10,16.97,1,50.76,4.64,235.53,100,67,379
82.33,COMP,57337,17.80,16.98,1,50.55,6.61,334.14,100,71,373
83.36,COMP,58125,18.00,16.98,1,50.68,5.37,272.15,100,67,377
84.37,COMP,58915,18.00,16.98,1,51.22,3.55,181.83,100,65,377
85.40,COMP,59704,18.00,16.98,1,51.15,3.85,196.93,100,66,377
86.42,COMP,60494,18.00,16.98,1,51.40,1.64,84.30,100,64,377
87.43,COMP,61283,18.00,16.98,1,51.29,3.13,160.54,100,65,377
88.45,COMP,62072,18.00,16.98,1,51.12,4.11,210.10,100,66,377
89.47,COMP,62862,18.00,16.98,1,50.73,5.89,298.80,100,68,377
90.49,COMP,63651,18.00,16.98,1,51.12,3.40,173.81,100,66,377
91.51,COMP,64442,18.10,16.98,1,51.33,2.15,110.36,100,65,379
92.53,COMP,65429,18.10,16.98,1,51.20,2.90,148.48,100,64,379
93.55,COMP,66219,18.00,16.98,1,50.85,4.59,233.40,100,67,377
94.58,COMP,67008,18.10,16.98,1,51.29,2.87,147.20,100,65,379
95.60,COMP,67798,18.00,16.98,1,50.69,5.72,289.95,100,70,377
96.61,COMP,68587,18.10,16.98,1,51.31,2.73,140.08,100,65,379
97.63,COMP,69376,18.10,16.98,1,50.85,4.84,246.11,100,67,379
98.64,COMP,70166,18.10,16.98,1,51.50,2.06,106.09,100,64,379
99.67,COMP,70955,17.90,16.98,1,51.40,2.30,118.22,100,63,375
100.68,COMP,71745,18.10,16.98,1,51.26,3.20,164.03,100,65,379
101.71,COMP,72535,18.00,16.98,1,51.40,2.48,127.47,100,64,377
102.73,COMP,73325,18.00,16.98,1,51.08,3.00,153.24,100,67,377
103.75,COMP,74114,18.10,16.98,1,51.70,1.36,70.31,100,62,379
104.77,COMP,74904,18.00,16.98,1,51.52,2.04,105.10,100,62,377
105.80,COMP,75693,18.00,16.99,1,51.24,2.84,145.52,100,65,377
106.82,COMP,76483,18.00,16.99,1,51.26,2.55,130.71,100,64,377
107.83,COMP,77273,18.10,16.99,1,51.50,2.56,131.84,100,64,379
108.86,COMP,78063,18.10,16.99,1,51.10,3.57,182.43,100,66,379
109.87,COMP,78852,18.00,16.99,1,51.59,1.29,66.55,100,63,377
110.90,COMP,79642,18.00,16.99,1,51.31,3.14,161.11,100,64,377
111.91,COMP,80630,17.90,16.99,1,51.66,0.89,45.98,100,63,375
112.94,COMP,81420,18.30,16.99,1,51.71,1.57,81.18,100,60,383
113.94,COMP,82210,18.10,16.99,1,50.75,6.32,320.74,100,68,379
114.97,COMP,83000,18.00,16.99,1,51.75,0.89,46.06,100,62,377
115.99,COMP,83790,18.10,16.99,1,50.97,4.11,209.49,100,66,379
117.01,COMP,84580,18.10,16.99,1,51.71,1.45,74.98,100,62,379
118.03,COMP,85370,18.10,16.99,1,51.08,4.29,219.13,100,65,379
119.04,COMP,86159,18.10,16.99,1,50.52,4.32,218.25,100,69,379
120.04,COMP,86949,18.10,16.99,1,51.15,3.91,200.00,100,66,379
121.07,COMP,87740,18.10,16.99,1,51.15,3.25,166.24,100,64,379
122.07,COMP,88529,18.10,16.99,1,50.73,5.55,281.55,100,68,379
123.09,COMP,89319,17.90,16.99,1,51.26,3.49,178.90,100,64,375
124.10,COMP,90109,18.10,16.99,1,50.66,6.79,343.98,100,68,379
125.12,COMP,90898,18.00,16.99,1,50.90,5.14,261.63,100,67,377
126.14,COMP,91688,18.10,16.99,1,50.48,6.32,319.03,100,71,379
127.16,COMP,92478,18.10,16.99,1,50.82,4.91,249.53,100,67,379
128.18,COMP,93268,18.00,16.99,1,51.05,4.56,232.79,100,66,377
129.20,COMP,94058,18.10,16.99,1,50.78,5.56,282.34,100,69,379
130.22,COMP,94848,18.10,17.00,1,50.96,4.88,248.68,100,66,379
131.25,COMP,95638,18.10,17.00,1,50.96,4.52,230.34,100,66,379
132.26,COMP,96428,18.10,17.00,1,51.03,4.00,204.12,100,67,379
133.29,COMP,97218,18.10,17.00,1,50.89,4.88,248.34,100,68,379
134.29,COMP,98007,18.00,17.00,1,50.99,3.60,183.56,100,66,377
135.31,COMP,98797,18.00,17.00,1,51.40,2.79,143.41,100,64,377
136.33,COMP,99785,18.00,17.00,1,51.31,2.99,153.42,100,64,377
137.35,COMP,100575,18.10,17.00,1,51.01,3.43,174.96,100,66,379
138.37,COMP,101365,18.00,17.00,1,50.83,4.73,240.43,100,67,377
139.41,COMP,102155,17.90,17.00,1,51.29,1.30,66.68,100,63,375
140.43,COMP,102946,18.10,17.00,1,51.10,3.78,193.16,100,66,379
141.46,COMP,103736,18.00,17.00,1,51.22,3.65,186.95,100,66,377
142.48,COMP,104526,18.00,17.00,1,50.82,5.03,255.62,100,68,377
143.50,COMP,105315,18.00,17.00,1,51.29,2.09,107.20,100,63,377
144.53,COMP,106105,18.00,17.00,1,50.90,5.03,256.03,100,67,377
145.55,COMP,106895,18.10,17.00,1,50.94,5.05,257.25,100,67,379
146.56,COMP,107685,18.10,17.00,1,50.48,6.72,339.23,100,70,379
147.59,COMP,108475,18.00,17.00,1,50.90,5.17,263.15,100,67,377
148.61,COMP,109265,18.10,17.00,1,50.27,7.96,400.15,100,71,379
149.63,COMP,110055,18.10,17.00,1,50.57,6.61,334.27,100,70,379
150.66,COMP,110846,17.90,17.00,1,51.29,2.37,121.56,100,64,375
151.68,COMP,111636,18.10,17.00,1,51.13,2.98,152.37,100,65,379
152.70,COMP,112426,18.10,17.01,1,50.89,4.70,239.18,100,67,379
153.73,COMP,113414,18.00,17.00,1,51.61,0.70,36.13,100,61,377
154.76,COMP,114203,18.10,17.00,1,50.89,3.55,180.66,100,65,379
155.79,COMP,114994,18.00,17.00,1,50.94,2.94,149.76,100,66,377
156.81,COMP,115783,18.10,17.01,1,50.82,5.02,255.12,100,67,379
157.82,COMP,116573,18.20,17.01,1,50.83,4.93,250.59,100,68,381
158.85,COMP,117363,18.00,17.01,1,50.87,4.97,252.82,100,67,377
159.86,COMP,118152,18.00,17.01,1,51.08,3.85,196.66,100,66,377
160.88,COMP,118943,18.00,17.01,1,51.01,4.26,217.30,100,66,377
161.91,COMP,119732,18.10,17.01,1,50.52,5.56,280.89,100,68,379
162.92,COMP,120522,18.10,17.01,1,50.69,4.47,226.58,100,68,379
163.95,COMP,121312,18.10,17.01,1,50.76,5.56,282.23,100,68,379
164.98,COMP,122102,18.10,17.01,1,50.25,7.78,390.95,100,71,379
166.00,COMP,122892,18.00,17.01,1,50.66,5.27,266.98,100,68,377
167.02,COMP,123683,17.90,17.01,1,51.42,2.62,134.72,100,65,375
168.05,COMP,124473,18.00,17.01,1,50.57,4.74,239.70,100,66,377
169.06,COMP,125263,18.10,17.01,1,50.25,6.40,321.60,100,70,379
170.08,COMP,126251,18.00,17.01,1,50.53,6.47,326.93,100,70,377
171.10,COMP,127040,18.00,17.01,1,50.38,5.82,293.21,100,68,377
172.12,COMP,127831,18.00,17.01,1,50.62,5.57,281.95,100,69,377
173.14,COMP,128621,18.10,17.01,1,50.45,6.79,342.56,100,70,379
174.16,COMP,129411,18.10,17.01,1,50.41,7.81,393.70,100,71,379
175.19,COMP,130201,18.00,17.01,1,50.47,7.23,364.90,100,70,377
176.21,COMP,130991,18.00,17.01,1,50.62,5.84,295.62,100,68,377
177.22,COMP,131781,18.10,17.01,1,51.01,3.43,174.96,100,66,379
178.24,COMP,132571,18.10,17.01,1,50.41,7.12,358.92,100,70,379
179.27,COMP,133361,17.90,17.02,1,50.69,5.47,277.27,100,68,375
180.30,COMP,134151,18.10,17.02,1,50.24,7.07,355.20,100,71,379
181.32,COMP,134942,18.10,17.02,1,50.59,5.99,303.03,100,69,379
182.34,COMP,135731,18.00,17.02,1,50.36,5.71,287.56,100,68,377
183.36,COMP,136522,18.00,17.02,1,50.61,5.80,293.54,100,69,377
184.38,COMP,137312,18.00,17.02,1,50.47,7.20,363.38,100,69,377
185.41,COMP,138102,18.20,17.02,1,50.32,7.39,371.86,100,70,381
186.44,COMP,138892,18.10,17.02,1,50.13,8.46,424.10,100,72,379
187.46,COMP,139880,18.10,17.02,1,50.13,9.29,465.71,100,71,379
188.48,COMP,140670,18.00,17.02,1,50.27,6.53,328.26,100,70,377
189.51,COMP,141460,18.10,17.02,1,50.90,3.84,195.46,100,66,379
190.53,COMP,142250,18.10,17.02,1,50.40,6.66,335.66,100,69,379
191.56,COMP,143040,18.10,17.02,1,50.06,8.49,425.01,100,70,379
192.58,COMP,143831,18.10,17.02,1,50.87,6.57,334.22,100,69,379
193.59,COMP,144621,18.10,17.02,1,51.17,1.64,83.92,100,63,379
194.62,COMP,145411,18.10,17.02,1,51.40,1.44,74.02,100,62,379
195.63,COMP,146201,18.00,17.02,1,50.75,5.02,254.77,100,68,377
196.64,COMP,146991,18.00,17.02,1,50.96,3.03,154.41,100,66,377
197.66,COMP,147781,18.00,17.02,1,50.48,7.66,386.68,100,70,377
198.68,COMP,148571,18.00,17.02,1,50.90,4.34,220.91,100,66,377
199.70,COMP,149360,18.10,17.02,1,50.40,4.68,235.87,100,67,379
200.72,COMP,150151,18.00,17.03,1,51.12,3.27,167.16,100,64,377
201.74,COMP,150940,18.10,17.03,1,50.89,4.45,226.46,100,67,379
202.76,COMP,151730,18.10,17.03,1,50.34,7.03,353.89,100,71,379
203.78,COMP,152520,17.90,17.03,1,51.47,1.31,67.43,100,62,375
204.80,COMP,153310,18.10,17.03,1,50.89,4.18,212.72,100,66,379
205.81,COMP,154100,18.00,17.03,1,50.25,7.30,366.83,100,71,377
206.83,COMP,154890,18.00,17.03,1,50.80,4.34,220.47,100,66,377
207.85,COMP,155680,18.00,17.03,1,51.52,1.04,53.58,100,62,377
208.87,COMP,156668,18.00,17.03,1,50.83,4.19,212.98,100,67,377
209.88,COMP,157458,18.00,17.03,1,50.94,3.69,187.97,100,66,377
210.92,COMP,158250,18.00,17.03,1,51.42,2.27,116.72,100,64,377
211.94,COMP,159040,18.00,17.03,1,50.52,6.47,326.86,100,69,377
212.96,COMP,159830,18.00,17.03,1,50.80,4.36,221.49,100,68,377
213.99,COMP,160620,18.00,17.03,1,51.17,3.02,154.53,100,64,377
214.99,COMP,161411,18.10,17.03,1,50.94,3.88,197.65,100,65,379
216.01,COMP,162201,17.90,17.03,1,50.68,2.64,133.80,100,66,375
217.04,COMP,162991,18.00,17.03,1,50.96,3.87,197.22,100,66,377
218.06,COMP,163781,18.00,17.03,1,50.94,4.09,208.34,100,66,377
219.08,COMP,164571,18.10,17.03,1,50.55,5.35,270.44,100,68,379
220.09,COMP,165361,18.10,17.03,1,50.48,6.40,323.07,100,69,379
221.11,COMP,166151,18.00,17.03,1,50.73,4.17,211.54,100,67,377
222.13,COMP,166941,18.20,17.04,1,50.38,6.29,316.89,100,70,381
223.15,COMP,167730,17.90,17.04,1,50.53,4.47,225.87,100,68,375
224.18,COMP,168520,18.00,17.04,1,50.75,4.80,243.60,100,67,377
225.20,COMP,169310,18.00,17.04,1,51.01,3.44,175.47,100,66,377
226.23,COMP,170100,18.00,17.04,1,50.59,5.36,271.16,100,68,377
227.24,COMP,170890,18.10,17.04,1,50.62,5.15,260.69,100,69,379
228.26,COMP,171878,18.10,17.04,1,50.34,7.79,392.15,100,70,379
229.29,COMP,172668,17.90,17.04,1,51.22,2.16,110.64,100,65,375
230.32,COMP,173458,18.10,17.04,1,50.24,6.79,341.13,100,69,379
231.34,COMP,174248,18.10,17.04,1,49.94,9.33,465.94,100,73,379
232.36,COMP,175038,18.00,17.04,1,50.97,3.57,181.96,100,66,377
233.39,COMP,175828,18.10,17.04,1,50.64,4.93,249.66,100,68,379
234.41,COMP,176618,18.00,17.04,1,50.59,5.88,297.47,100,69,377
235.42,COMP,177408,18.20,17.04,1,50.13,7.99,400.54,100,71,381
236.44,COMP,178199,18.00,17.04,1,49.53,8.14,403.17,100,73,377
237.46,COMP,178989,18.10,17.04,1,50.97,5.00,254.85,100,67,379
238.48,COMP,179779,18.10,17.04,1,50.48,6.37,321.56,100,69,379
239.51,COMP,180569,18.10,17.04,1,50.76,3.43,174.11,100,66,379
240.53,COMP,181358,18.00,17.04,1,50.82,4.12,209.38,100,67,377
241.56,COMP,182149,18.00,17.04,1,50.55,5.93,299.76,100,68,377
242.58,COMP,182939,18.00,17.05,1,50.82,4.33,220.05,100,67,377
243.60,COMP,183729,18.10,17.05,1,50.55,5.25,265.39,100,69,379
244.62,COMP,184519,18.00,17.05,1,50.32,6.30,317.02,100,70,377
245.65,COMP,185507,18.00,17.04,1,50.57,5.21,263.47,100,68,377
246.65,COMP,186297,18.10,17.05,1,50.73,3.97,201.40,100,67,379
247.68,COMP,187087,18.00,17.05,1,50.92,3.14,159.89,100,65,377
248.71,COMP,187877,18.00,17.05,1,50.57,5.16,260.94,100,68,377
249.73,COMP,188667,18.00,17.05,1,51.03,3.48,177.58,100,65,377
250.76,COMP,189457,18.10,17.05,1,50.69,4.75,240.78,100,66,379
251.78,COMP,190247,18.00,17.05,1,50.53,6.29,317.83,100,69,377
252.80,COMP,191037,17.90,17.05,1,50.29,5.91,297.21,100,71,375
253.82,COMP,191827,18.10,17.05,1,50.66,5.73,290.28,100,68,379
254.84,COMP,192618,18.20,17.05,1,50.03,8.65,432.76,100,72,381
255.86,COMP,193412,18.10,17.05,1,50.01,7.55,377.58,100,72,379
256.89,COMP,194207,18.10,17.05,1,49.99,8.32,415.92,100,73,379
257.91,COMP,195000,18.10,17.05,1,50.04,6.88,344.28,100,71,379
258.93,COMP,195795,18.20,17.05,1,50.53,8.41,424.96,100,72,381
259.95,COMP,196589,18.10,17.05,1,50.45,5.81,293.11,100,69,379
260.96,COMP,197383,18.20,17.05,1,50.82,3.67,186.51,100,66,381
261.99,COMP,198178,18.10,17.05,1,50.94,3.55,180.84,100,66,379
263.01,COMP,198972,18.20,17.05,1,50.71,4.38,222.11,100,67,381
264.02,COMP,199966,18.10,17.05,1,50.59,5.64,285.33,100,69,379
265.04,COMP,200761,18.20,17.05,1,50.61,5.19,262.67,100,68,381
266.06,COMP,201555,18.20,17.05,1,50.01,7.34,367.07,100,71,381
267.07,COMP,202349,18.00,17.05,1,50.03,5.61,280.67,100,69,377
268.09,COMP,203144,18.10,17.05,1,50.80,4.50,228.60,100,67,379
269.11,COMP,203939,18.20,17.06,1,50.40,6.45,325.08,100,69,381
270.14,COMP,204733,18.10,17.06,1,50.45,5.34,269.40,100,68,379
271.16,COMP,205529,18.10,17.06,1,51.05,4.07,207.77,100,68,379
272.18,COMP,206323,18.20,17.06,1,50.15,7.41,371.61,100,71,381
273.20,COMP,207118,18.20,17.06,1,50.53,6.03,304.70,100,69,381
274.22,COMP,207913,18.10,17.06,1,50.27,7.18,360.94,100,70,379
275.23,COMP,208707,18.10,17.06,1,50.25,7.25,364.31,100,70,379
276.26,COMP,209501,18.10,17.06,1,50.69,3.75,190.09,100,66,379
277.28,COMP,210296,18.10,17.06,1,50.76,4.43,224.87,100,67,379
278.30,COMP,211090,18.10,17.06,1,50.68,4.95,250.87,100,68,379
279.31,COMP,211884,18.10,17.06,1,50.62,4.97,251.58,100,68,379
280.33,COMP,212678,18.10,17.06,1,50.89,3.37,171.50,100,66,379
281.36,COMP,213473,18.20,17.06,1,50.45,6.07,306.23,100,70,381
282.38,COMP,214268,18.10,17.06,1,49.99,6.74,336.93,100,70,379
283.40,COMP,215062,18.10,17.06,1,50.53,5.66,286.00,100,69,379
284.42,COMP,215856,18.10,17.06,1,50.64,4.47,226.36,100,67,379
285.45,COMP,216850,18.20,17.06,1,50.32,5.75,289.34,100,70,381
286.47,COMP,217644,18.20,17.06,1,50.34,5.92,298.01,100,69,381
287.49,COMP,218439,18.20,17.06,1,50.69,4.83,244.83,100,66,381
288.51,COMP,219233,18.10,17.06,1,50.61,4.61,233.31,100,68,379
289.52,COMP,220028,18.10,17.06,1,51.08,2.95,150.69,100,65,379
290.54,COMP,220822,18.10,17.07,1,50.85,3.69,187.64,100,66,379
291.56,COMP,221617,18.30,17.07,1,50.27,5.78,290.56,100,69,383
292.58,COMP,222411,18.20,17.07,1,50.34,6.11,307.58,100,70,381
293.59,COMP,223205,18.00,17.07,1,50.03,7.08,354.21,100,70,377
294.61,COMP,224000,18.20,17.07,1,50.59,5.39,272.68,100,68,381
295.62,COMP,224795,18.20,17.07,1,50.87,2.85,144.98,100,66,381
296.64,COMP,225589,18.10,17.07,1,50.43,5.40,272.32,100,69,379
297.67,COMP,226383,18.10,17.07,1,50.87,3.03,154.14,100,65,379
298.69,COMP,227177,18.00,17.07,1,50.68,3.30,167.24,100,66,377
299.70,COMP,227972,18.20,17.07,1,50.66,4.58,232.02,100,68,381
300.73,COMP,228767,18.10,17.07,1,50.61,5.36,271.27,100,69,379
301.74,COMP,229561,18.20,17.07,1,51.12,2.20,112.46,100,65,381
302.76,COMP,230356,18.00,17.07,1,51.42,1.61,82.79,100,63,377
303.78,COMP,231150,18.20,17.07,1,50.71,4.64,235.29,100,68,381
304.80,COMP,231944,18.20,17.07,1,51.15,3.25,166.24,100,65,381
305.82,COMP,232739,18.20,17.07,1,50.53,5.52,278.93,100,69,381
306.84,COMP,233533,18.20,17.07,1,51.13,1.93,98.68,100,65,381
307.87,COMP,234527,18.20,17.07,1,50.94,6.25,318.38,100,68,381
308.89,COMP,235321,18.00,17.07,1,51.31,1.78,91.33,100,63,377
309.92,COMP,236115,18.10,17.07,1,51.08,2.92,149.15,100,65,379
310.93,COMP,236910,18.10,17.07,1,50.55,3.20,161.76,100,66,379
311.95,COMP,237704,18.10,17.07,1,50.82,4.27,217.00,100,67,379
312.97,COMP,238498,18.10,17.08,1,51.15,1.94,99.23,100,64,379
313.99,COMP,239292,18.10,17.08,1,50.80,3.91,198.63,100,67,379
315.01,COMP,240087,18.20,17.08,1,50.62,4.93,249.56,100,68,381
316.01,COMP,240881,18.20,17.08,1,50.41,6.37,321.11,100,70,381
317.03,COMP,241676,18.10,17.08,1,51.15,1.68,85.93,100,64,379
318.04,COMP,242470,18.20,17.08,1,51.22,2.25,115.25,100,65,381
319.06,COMP,243265,18.20,17.08,1,50.96,2.70,137.59,100,64,381
320.08,COMP,244059,18.10,17.08,1,51.20,2.82,144.38,100,66,379
321.10,COMP,244854,18.10,17.08,1,51.50,1.83,94.25,100,63,379
322.12,COMP,245648,18.20,17.08,1,51.12,3.05,155.92,100,66,381
323.14,COMP,246442,18.10,17.08,1,51.31,1.90,97.49,100,62,379
324.16,COMP,247236,18.20,17.08,1,51.24,2.04,104.53,100,64,381
325.18,COMP,248030,17.90,17.08,1,50.83,3.78,192.14,100,67,375
326.21,COMP,248825,18.10,17.08,1,50.97,3.57,181.96,100,66,379
327.23,COMP,249620,18.10,17.08,1,50.94,2.79,142.12,100,65,379
328.23,COMP,250414,18.20,17.08,1,50.66,5.09,257.86,100,68,381
329.25,COMP,251208,18.10,17.08,1,50.76,3.14,159.39,100,67,379
330.25,COMP,252003,18.00,17.08,1,51.43,0.02,1.03,100,61,377
331.28,COMP,252997,18.20,17.08,1,51.31,1.14,58.49,100,64,381
332.30,COMP,253792,18.20,17.08,1,50.90,3.14,159.83,100,67,381
333.32,COMP,254586,18.10,17.08,1,50.94,3.86,196.63,100,66,379
334.34,COMP,255380,18.20,17.08,1,50.48,4.92,248.36,100,68,381
335.36,COMP,256175,18.10,17.09,1,50.52,2.89,146.00,100,68,379
336.39,COMP,256970,18.10,17.09,1,51.15,2.38,121.74,100,65,379
337.41,COMP,257765,18.10,17.09,1,51.15,2.67,136.57,100,64,379
338.42,COMP,258559,18.10,17.09,1,50.34,6.29,316.64,100,71,379
339.44,COMP,259353,18.10,17.09,1,50.69,3.42,173.36,100,67,379
340.46,COMP,260147,18.30,17.09,1,50.66,5.65,286.23,100,67,383
341.48,COMP,260941,18.20,17.09,1,51.10,2.87,146.66,100,64,381
342.50,COMP,261736,18.10,17.09,1,50.80,4.43,225.04,100,66,379
343.52,COMP,262530,18.10,17.09,1,50.61,4.71,238.37,100,68,379
344.55,COMP,263324,18.10,17.09,1,50.32,6.80,342.18,100,70,379
345.57,COMP,264119,18.10,17.09,1,50.32,5.95,299.40,100,70,379
346.60,COMP,264913,18.10,17.09,1,50.61,4.97,251.53,100,68,379
347.62,COMP,265708,18.10,17.09,1,50.80,6.46,328.17,100,70,379
348.64,COMP,266502,18.10,17.09,1,50.53,5.16,260.73,100,68,379
349.66,COMP,267496,18.20,17.09,1,50.53,4.99,252.14,100,69,381
350.69,COMP,268290,18.20,17.09,1,50.68,4.80,243.26,100,67,381
351.72,COMP,269084,18.20,17.09,1,50.47,4.94,249.32,100,68,381
352.74,COMP,269879,18.20,17.09,1,50.55,5.37,271.45,100,69,381
353.76,COMP,270673,18.20,17.09,1,50.69,4.48,227.09,100,68,381
354.79,COMP,271468,18.20,17.09,1,50.38,6.57,331.00,100,70,381
355.80,COMP,272262,18.10,17.10,1,50.71,4.32,219.07,100,67,379
356.83,COMP,273057,18.20,17.10,1,50.71,4.59,232.76,100,66,381
357.85,COMP,273850,18.10,17.10,1,50.94,3.64,185.42,100,66,379
358.87,COMP,274645,18.10,17.10,1,50.94,2.81,143.14,100,65,379
359.89,COMP,275439,18.10,17.10,1,50.89,3.58,182.19,100,66,379
360.91,COMP,276234,18.10,17.10,1,51.08,2.30,117.48,100,64,379
361.94,COMP,277028,18.00,17.10,1,50.71,3.95,200.30,100,68,377
362.96,COMP,277823,18.10,17.10,1,51.31,0.84,43.10,100,62,379
363.98,COMP,278617,18.10,17.10,1,51.13,1.58,80.79,100,65,379
365.00,COMP,279412,18.20,17.10,1,50.55,5.38,271.96,100,69,381
366.01,COMP,280206,18.20,17.10,1,50.52,5.60,282.91,100,69,381
367.03,COMP,281000,18.10,17.10,1,50.87,4.11,209.08,100,67,379
368.06,COMP,281994,18.20,17.10,1,51.15,1.86,95.14,100,65,381
369.10,COMP,282788,18.10,17.10,1,51.01,2.81,143.34,100,65,379
370.11,COMP,283583,18.20,17.10,1,50.83,4.13,209.93,100,67,381
371.13,COMP,284377,18.20,17.10,1,50.43,5.99,302.08,100,70,381
372.15,COMP,285172,18.20,17.10,1,50.32,6.95,349.72,100,70,381
373.17,COMP,285966,18.10,17.10,1,50.25,5.96,299.49,100,69,379
374.19,COMP,286760,18.20,17.10,1,50.27,5.52,277.49,100,69,381
375.21,COMP,287553,18.20,17.10,1,50.13,5.59,280.23,100,70,381
376.23,COMP,288348,18.20,17.11,1,50.15,7.28,365.09,100,71,381
377.25,COMP,289143,18.10,17.11,1,50.52,5.67,286.45,100,68,379
378.27,COMP,289937,18.30,17.11,1,50.38,6.25,314.88,100,69,383
379.30,COMP,290731,18.10,17.11,1,49.74,8.07,401.40,100,72,379
380.32,COMP,291526,18.10,17.11,1,50.18,7.22,362.30,100,71,379
381.34,COMP,292320,18.00,17.11,1,50.76,3.21,162.94,100,66,377
382.36,COMP,293115,18.20,17.11,1,50.31,6.36,319.97,100,70,381
383.37,COMP,293909,18.20,17.11,1,49.97,7.18,358.78,100,71,381
384.40,COMP,294703,18.10,17.11,1,49.83,8.08,402.63,100,72,379
385.42,COMP,295498,18.00,17.11,1,50.24,6.51,327.06,100,70,377
386.45,COMP,296492,18.30,17.11,1,49.97,8.59,429.24,100,73,383
387.47,COMP,297286,18.00,17.11,1,50.03,8.00,400.24,100,72,377
388.48,COMP,298081,18.20,17.11,1,50.10,7.06,353.71,100,71,381
389.48,COMP,298875,18.20,17.11,1,50.34,5.06,254.72,100,69,381
390.48,COMP,299669,18.20,17.11,1,49.92,7.87,392.87,100,71,381
391.51,COMP,300465,18.10,17.11,1,50.43,4.35,219.37,100,68,379
392.53,COMP,301259,18.20,17.11,1,51.24,1.11,56.88,100,62,381
393.55,COMP,302053,18.10,17.11,1,50.45,5.27,265.87,100,69,379
394.58,COMP,302847,18.10,17.11,1,50.69,5.37,272.21,100,69,379
395.59,COMP,303641,18.10,17.11,1,50.27,6.07,305.14,100,69,379
396.61,COMP,304435,18.10,17.12,1,50.29,5.93,298.22,100,69,379
397.64,COMP,305230,18.10,17.12,1,50.83,3.15,160.11,100,66,379
398.67,COMP,306025,18.20,17.12,1,50.52,7.41,374.35,100,70,381
399.67,COMP,306819,18.20,17.12,1,50.31,5.82,292.80,100,69,381
400.69,COMP,307614,18.10,17.12,1,50.99,4.56,232.51,100,67,379
401.72,COMP,308408,18.10,17.12,1,50.03,8.10,405.24,100,72,379
402.75,COMP,309202,18.10,17.12,1,50.34,5.97,300.53,100,69,379
403.76,COMP,309997,18.20,17.12,1,49.51,8.33,412.42,100,72,381
404.79,COMP,310791,18.20,17.12,1,49.71,8.69,431.98,100,73,381
405.81,COMP,311586,18.20,17.12,1,49.73,10.35,514.71,100,74,381
406.83,COMP,312380,18.10,17.12,1,50.13,6.95,348.40,100,70,379
407.84,COMP,313374,18.10,17.12,1,50.34,5.50,276.87,100,68,379
408.87,COMP,314168,18.10,17.12,1,50.01,5.46,273.05,100,69,379
409.90,COMP,314963,18.10,17.12,1,49.67,9.33,463.42,100,73,379
410.92,COMP,315758,18.20,17.12,1,50.34,5.21,262.27,100,69,381
411.94,COMP,316552,18.10,17.12,1,50.62,4.57,231.33,100,67,379
412.96,COMP,317346,18.10,17.12,1,50.24,6.44,323.55,100,70,379
413.98,COMP,318140,18.20,17.12,1,49.44,7.91,391.07,100,72,381
415.00,COMP,318935,18.20,17.12,1,50.40,4.64,233.86,100,68,381
416.02,COMP,319730,18.20,17.13,1,50.17,6.80,341.16,100,70,381
417.04,COMP,320524,18.20,17.13,1,49.60,9.57,474.67,100,74,381
418.06,COMP,321318,18.20,17.13,1,49.53,9.41,466.08,100,73,381
419.08,COMP,322112,18.10,17.13,1,49.87,5.85,291.74,100,70,379
420.10,COMP,322907,18.10,17.13,1,50.53,4.84,244.57,100,67,379
421.13,COMP,323702,18.20,17.13,1,50.20,4.82,241.96,100,68,381
422.15,COMP,324497,18.20,17.13,1,51.01,1.68,85.70,100,65,381
423.17,COMP,325293,18.10,17.13,1,51.24,0.01,0.51,100,60,379
424.20,COMP,326089,18.30,17.13,1,51.45,0.10,5.15,100,61,383
425.22,COMP,326888,18.20,17.13,1,51.36,0.16,8.22,100,61,381
426.24,COMP,327882,18.20,17.13,1,51.27,0.51,26.15,100,62,381
427.26,COMP,328677,18.10,17.13,1,50.29,6.35,319.34,100,69,379
428.28,COMP,329471,18.20,17.13,1,50.01,6.90,345.07,100,71,381
429.30,COMP,330265,18.10,17.13,1,50.45,3.96,199.78,100,67,379
430.32,COMP,331060,18.20,17.13,1,50.20,6.64,333.33,100,70,381
431.34,COMP,331854,18.10,17.13,1,50.06,7.08,354.42,100,70,379
432.36,COMP,332648,18.10,17.13,1,50.68,4.23,214.38,100,67,379
433.38,COMP,333443,18.10,17.13,1,50.53,6.34,320.36,100,71,379
434.40,COMP,334237,18.20,17.13,1,50.83,3.60,182.99,100,65,381
435.41,COMP,335032,18.20,17.14,1,51.10,1.79,91.47,100,64,381
436.43,COMP,335826,18.20,17.14,1,50.85,2.77,140.85,100,65,381
437.45,COMP,336620,18.00,17.14,1,50.87,2.51,127.68,100,66,377
438.48,COMP,337415,18.10,17.14,1,51.08,3.31,169.07,100,66,379
439.50,COMP,338209,18.20,17.14,1,50.75,4.25,215.69,100,66,381
440.50,COMP,339003,18.20,17.14,1,50.47,4.53,228.63,100,67,381
441.51,COMP,339798,18.20,17.14,1,50.48,4.59,231.70,100,68,381
442.53,COMP,340592,18.20,17.14,1,50.66,4.12,208.72,100,67,381
443.55,COMP,341386,18.20,17.14,1,50.32,5.74,288.84,100,69,381
444.57,COMP,342181,18.20,17.14,1,49.85,11.41,568.79,100,76,381
445.59,COMP,342975,18.20,17.14,1,49.29,10.35,510.15,100,75,381
446.61,COMP,343769,18.10,17.14,1,49.96,7.22,360.71,100,72,379
447.63,COMP,344563,18.10,17.14,1,49.92,6.72,335.46,100,70,379
448.65,COMP,345358,18.20,17.14,1,50.03,7.29,364.72,100,70,381
449.67,COMP,346352,18.10,17.14,1,50.17,6.55,328.61,100,70,379
450.67,COMP,347146,18.20,17.14,1,50.20,6.03,302.71,100,70,381
451.68,COMP,347941,18.10,17.14,1,50.24,5.34,268.28,100,69,379
452.70,COMP,348736,18.10,17.14,1,50.41,4.88,246.00,100,68,379
453.73,COMP,349530,18.20,17.14,1,50.61,6.49,328.46,100,69,381
454.75,COMP,350323,18.10,17.15,1,50.10,6.32,316.63,100,70,379
455.77,COMP,351118,18.10,17.15,1,50.40,4.16,209.66,100,68,379
456.79,COMP,351912,18.10,17.15,1,50.38,5.41,272.56,100,69,379
457.82,COMP,352706,18.10,17.15,1,50.38,5.53,278.60,100,68,379
458.84,COMP,353501,18.10,17.15,1,50.40,5.65,284.76,100,68,379
459.87,COMP,354295,18.20,17.15,1,50.11,6.11,306.17,100,70,381
460.88,COMP,355090,18.10,17.15,1,50.80,2.93,148.84,100,65,379
461.89,COMP,355884,18.10,17.15,1,50.45,4.46,225.01,100,68,379
462.91,COMP,356678,18.10,17.15,1,49.48,7.33,362.69,100,71,379
463.92,COMP,357473,18.10,17.15,1,49.62,8.46,419.79,100,72,379
464.94,COMP,358273,18.20,17.15,1,50.85,3.11,158.14,100,66,381
465.95,COMP,359072,18.30,17.15,1,49.97,5.78,288.83,100,70,383
466.97,COMP,359870,18.40,17.15,1,50.53,5.22,263.77,100,68,385
467.99,COMP,360669,18.20,17.15,1,50.18,5.86,294.05,100,70,381
469.00,COMP,361468,18.20,17.15,1,50.31,4.66,234.44,100,70,381
470.02,COMP,362267,18.30,17.15,1,50.59,6.09,308.09,100,70,383
471.05,COMP,363065,18.20,17.16,1,51.17,1.54,78.80,100,63,381
472.07,COMP,363863,18.20,17.16,1,50.29,4.14,208.20,100,67,381
473.09,COMP,364862,18.30,17.15,1,49.81,6.58,327.75,100,70,383
474.10,COMP,365661,18.20,17.15,1,50.38,4.53,228.22,100,68,381
475.12,COMP,366460,18.20,17.16,1,50.27,5.52,277.49,100,70,381
476.15,COMP,367259,18.10,17.16,1,50.69,3.03,153.59,100,67,379
477.16,COMP,368057,18.30,17.16,1,50.96,2.23,113.64,100,65,383
478.18,COMP,368855,18.20,17.16,1,50.32,5.71,287.33,100,69,381
479.19,COMP,369654,18.20,17.16,1,50.59,4.44,224.62,100,67,381
480.22,COMP,370453,18.30,17.16,1,50.57,3.94,199.25,100,67,383
481.25,COMP,371253,18.20,17.16,1,50.08,4.87,243.89,100,68,381
482.26,COMP,372051,18.30,17.16,1,50.53,3.44,173.82,100,67,383
483.28,COMP,372850,18.20,17.16,1,49.71,8.43,419.06,100,74,381
484.30,COMP,373649,18.20,17.16,1,50.03,7.44,372.22,100,71,381
485.31,COMP,374447,18.20,17.16,1,49.83,8.30,413.59,100,73,381
486.33,COMP,375246,18.20,17.16,1,50.45,4.36,219.96,100,68,381
487.35,COMP,376045,18.40,17.16,1,50.06,6.96,348.42,100,72,385
488.36,COMP,376844,18.30,17.16,1,50.18,9.40,471.69,100,73,383
489.38,COMP,377642,18.30,17.16,1,50.13,5.32,266.69,100,71,383
490.40,COMP,378442,18.20,17.16,1,49.85,6.14,306.08,100,70,381
491.43,COMP,379240,18.20,17.17,1,50.52,4.09,206.63,100,68,381
492.45,COMP,380039,18.20,17.17,1,50.32,5.18,260.66,100,69,381
493.47,COMP,380837,18.30,17.17,1,49.22,10.05,494.66,100,74,383
494.49,COMP,381641,18.50,17.17,0,49.67,12.32,611.93,67,78,388
495.51,COMP,382667,19.00,17.17,0,49.20,12.05,592.86,66,79,398
496.54,COMP,383505,19.20,17.17,0,49.15,11.61,570.63,63,80,402
497.57,COMP,384357,19.60,17.17,0,49.22,10.64,523.70,60,80,411
498.59,COMP,385223,19.80,17.17,0,49.51,10.05,497.58,55,80,415
499.61,COMP,386094,20.00,17.16,0,49.38,9.78,482.94,53,81,419
500.63,COMP,386971,20.00,17.16,0,49.90,9.51,474.55,52,81,419
501.66,COMP,387853,20.30,17.16,0,49.44,8.23,406.89,46,80,425
502.67,COMP,388743,20.30,17.16,0,49.85,7.03,350.45,38,79,425
503.68,COMP,389639,20.50,17.16,0,49.13,8.84,434.31,47,81,430
504.69,COMP,390542,20.80,17.16,0,49.76,7.98,397.08,45,81,436
505.70,COMP,391450,20.70,17.16,0,49.83,7.59,378.21,42,81,434
506.71,COMP,392361,20.80,17.16,0,49.96,6.42,320.74,34,80,436
507.72,COMP,393272,20.80,17.16,0,50.06,6.90,345.41,36,80,436
508.73,COMP,394182,20.70,17.16,0,50.13,5.14,257.67,31,77,434
509.75,COMP,395088,20.70,17.16,0,50.25,4.97,249.74,27,77,434
510.76,COMP,395991,20.50,17.16,0,50.41,5.68,286.33,33,78,430
511.78,COMP,396890,20.70,17.16,0,50.11,6.26,313.69,36,78,434
512.80,COMP,397795,20.80,17.15,0,49.32,9.05,446.35,50,82,436
513.81,COMP,398709,20.90,17.15,0,49.39,9.68,478.10,52,84,438
514.82,COMP,399630,21.10,17.15,0,49.57,9.18,455.05,50,84,442
515.84,COMP,400553,20.90,17.15,0,50.59,2.96,149.75,22,76,438
516.85,COMP,401473,20.80,17.15,0,50.04,6.54,327.26,35,80,436
517.86,COMP,402391,20.90,17.15,0,50.13,5.95,298.27,31,79,438
518.88,COMP,403308,20.90,17.15,0,49.90,7.07,352.79,42,81,438
519.89,COMP,404459,21.10,17.14,0,49.83,7.68,382.69,42,82,442
520.90,COMP,405382,21.10,17.14,0,49.57,8.26,409.45,45,83,442
521.93,COMP,406311,21.20,17.14,0,49.67,8.19,406.80,45,83,444
522.95,COMP,407244,21.30,17.14,0,49.57,7.90,391.60,44,83,446
523.95,COMP,408182,21.60,17.14,0,49.66,8.45,419.63,46,85,453
524.96,COMP,409124,21.60,17.14,0,49.27,8.33,410.42,46,84,453
525.98,COMP,410074,21.90,17.14,0,49.46,9.63,476.30,52,87,459
526.99,COMP,411032,22.00,17.14,0,49.51,8.51,421.33,47,86,461
528.01,COMP,411996,22.00,17.13,0,49.69,8.35,414.91,47,86,461
529.02,COMP,412965,22.20,17.13,0,49.99,8.32,415.92,45,86,465
530.03,COMP,413940,22.30,17.13,0,49.53,9.34,462.61,52,89,467
531.05,COMP,414918,22.30,17.13,0,49.76,7.49,372.70,41,86,467
532.07,COMP,415896,22.30,17.13,0,49.57,7.54,373.76,44,87,467
533.08,COMP,416875,22.50,17.12,0,49.81,7.28,362.62,38,86,471
534.09,COMP,417855,22.30,17.12,0,49.92,6.76,337.46,36,85,467
535.10,COMP,418836,22.50,17.12,0,49.83,7.04,350.80,38,86,471
536.11,COMP,419819,22.50,17.12,0,49.90,6.82,340.32,37,86,471
537.11,COMP,420793,21.80,17.12,0,51.05,0.00,0.00,0,0,457
538.12,COMP,421745,21.50,17.11,0,51.12,0.00,0.00,0,0,451
539.13,COMP,422677,21.10,17.11,0,51.10,0.00,0.00,0,0,442
540.14,COMP,423590,20.70,17.11,0,51.10,0.00,0.00,0,0,434
541.17,COMP,424484,20.30,17.11,0,51.15,0.00,0.00,0,0,425
542.18,COMP,425359,19.80,17.11,0,51.15,0.00,0.00,0,0,415
543.20,COMP,426216,19.40,17.11,0,51.17,0.00,0.00,0,0,406
544.22,COMP,427057,19.00,17.11,0,51.19,0.00,0.00,0,0,398
545.24,COMP,427883,18.70,17.11,0,51.20,0.00,0.00,0,0,392
546.26,COMP,428691,18.30,17.11,0,51.22,0.00,0.00,0,0,383
547.28,COMP,429487,18.00,17.11,0,50.29,5.91,297.21,33,68,377
548.30,COMP,430478,18.30,17.11,0,49.36,9.77,482.25,54,74,383
549.32,COMP,431288,18.60,17.11,0,49.22,11.13,547.82,62,77,390
550.35,COMP,432118,19.00,17.11,0,49.08,12.67,621.84,68,81,398
551.38,COMP,432969,19.80,17.11,0,47.30,21.42,1013.17,94,94,415
552.40,COMP,433837,20.00,17.11,0,49.16,10.95,538.30,61,82,419
553.42,COMP,434718,20.00,17.11,0,51.08,0.00,0.00,0,0,419
554.44,COMP,435635,19.70,17.11,0,50.06,5.38,269.32,28,75,413
555.47,COMP,436491,19.40,17.11,0,51.12,0.00,0.00,0,0,406
556.49,COMP,437403,18.90,17.11,0,50.68,4.38,221.98,22,71,396
557.51,COMP,438232,18.90,17.11,0,50.29,5.20,261.51,26,71,396
558.52,COMP,439060,18.90,17.11,0,49.81,8.10,403.46,42,74,396
559.54,COMP,439897,19.30,17.11,0,49.39,9.89,488.47,55,78,404
560.56,COMP,440748,19.60,17.11,0,48.85,10.32,504.13,55,80,411
561.59,COMP,441615,19.80,17.11,0,49.36,9.79,483.23,55,80,415
562.61,COMP,442494,20.30,17.11,0,49.11,9.79,480.79,55,82,425
563.62,COMP,443388,20.50,17.11,0,49.43,9.85,486.89,55,83,430
564.63,COMP,444295,20.90,17.11,0,49.02,11.28,552.95,62,85,438
565.64,COMP,445449,21.20,17.10,0,49.20,10.66,524.47,57,86,444
566.65,COMP,446387,21.60,17.10,0,49.32,10.00,493.20,55,86,453
567.66,COMP,447333,21.50,17.10,0,50.99,0.00,0.00,0,0,451
568.66,COMP,448269,21.30,17.10,0,49.78,7.01,348.96,38,82,446
569.67,COMP,449208,21.50,17.10,0,49.43,8.65,427.57,46,84,451
570.69,COMP,450157,21.90,17.09,0,49.51,8.41,416.38,45,85,459
571.71,COMP,451114,21.90,17.09,0,49.53,8.83,437.35,47,86,459
572.73,COMP,452072,21.80,17.09,0,50.96,0.65,33.12,13,59,457
573.75,COMP,453020,21.60,17.09,0,50.27,4.99,250.85,26,80,453
574.76,COMP,453970,21.90,17.09,0,49.53,8.27,409.61,47,85,459
575.78,COMP,454926,21.90,17.09,0,49.71,7.42,368.85,42,85,459
576.78,COMP,455890,22.20,17.08,0,49.62,8.22,407.88,50,87,465
577.79,COMP,456862,22.30,17.08,0,49.67,8.15,404.81,43,87,467
578.81,COMP,457839,22.30,17.08,0,49.69,7.99,397.02,43,87,467
579.81,COMP,458810,22.00,17.08,0,51.01,0.00,0.00,0,0,461
580.83,COMP,459761,21.60,17.08,0,50.97,0.00,0.00,0,0,453
581.84,COMP,460695,21.20,17.08,0,51.05,0.00,0.00,0,0,444
582.86,COMP,461626,21.10,17.07,0,50.01,5.83,291.56,32,80,442
583.87,COMP,462547,21.10,17.07,0,50.24,5.08,255.22,25,79,442
584.88,COMP,463466,20.90,17.07,0,50.22,4.83,242.56,28,78,438
585.89,COMP,464384,20.80,17.07,0,51.01,0.00,0.00,0,0,436
586.90,COMP,465288,20.50,17.07,0,51.10,0.00,0.00,0,0,430
587.90,COMP,466177,20.30,17.07,0,51.10,0.00,0.00,0,0,425
588.92,COMP,467051,19.80,17.07,0,51.13,0.00,0.00,0,0,415
589.93,COMP,467911,19.40,17.07,0,51.12,0.00,0.00,0,0,406
590.95,COMP,468758,19.20,17.07,0,51.15,0.00,0.00,0,0,402
591.97,COMP,469591,19.00,17.07,0,51.15,0.00,0.00,0,0,398
592.98,COMP,470411,18.20,17.07,0,51.15,0.00,0.00,0,0,381
594.00,COMP,471234,18.50,17.07,0,50.15,5.32,266.80,28,71,388
595.02,COMP,472051,18.70,17.07,0,50.15,5.97,299.40,32,72,392
596.04,COMP,472875,18.80,17.07,0,49.87,6.32,315.18,38,73,394
597.06,COMP,473918,19.10,17.07,0,50.71,3.65,185.09,21,70,400
598.08,COMP,474755,19.20,17.07,0,50.43,4.22,212.81,23,71,402
599.10,COMP,475595,19.10,17.07,0,50.52,3.27,165.20,17,70,400
600.13,COMP,476437,19.30,17.07,0,50.31,5.08,255.57,26,72,404
601.13,COMP,477288,19.30,17.07,0,50.31,4.95,249.03,26,73,404
602.15,COMP,478138,19.30,17.07,0,51.13,0.00,0.00,0,0,404
603.16,COMP,478979,18.90,17.07,0,51.15,0.00,0.00,0,0,396
604.18,COMP,479807,18.80,17.07,0,51.17,0.00,0.00,0,0,394
605.21,COMP,480623,18.60,17.07,0,51.20,0.00,0.00,0,0,390
606.22,COMP,481456,18.60,17.07,1,51.12,0.29,14.82,100,28,390
607.24,COMP,482386,18.30,17.07,1,51.15,0.18,9.21,100,62,383
608.25,COMP,483180,18.10,17.07,1,50.75,2.89,146.67,100,66,379
609.26,COMP,483974,18.10,17.07,1,50.66,4.12,208.72,100,66,379
610.27,COMP,484769,18.10,17.07,1,50.76,2.71,137.56,100,65,379
611.29,COMP,485563,18.10,17.07,1,49.85,7.78,387.83,100,72,379
612.32,COMP,486357,18.30,17.07,1,50.61,3.45,174.60,100,65,383
613.32,COMP,487152,18.20,17.07,1,50.61,3.82,193.33,100,66,381
614.34,COMP,487947,18.10,17.07,1,50.53,3.01,152.10,100,66,379
615.36,COMP,488741,18.20,17.07,1,50.13,5.75,288.25,100,70,381
616.37,COMP,489535,18.00,17.07,1,49.83,7.43,370.24,100,70,377
617.39,COMP,490330,18.00,17.07,1,50.17,5.60,280.95,100,69,377
618.41,COMP,491124,18.10,17.07,1,49.74,7.90,392.95,100,72,379
619.43,COMP,491919,18.20,17.07,1,49.99,6.07,303.44,100,70,381
620.45,COMP,492713,17.80,17.07,1,50.24,4.47,224.57,100,68,373
621.47,COMP,493706,18.10,17.07,1,49.97,5.15,257.35,100,68,379
622.50,COMP,494501,18.10,17.07,1,50.75,2.76,140.07,100,65,379
623.52,COMP,495295,18.10,17.07,1,50.17,5.45,273.43,100,69,379
624.54,COMP,496090,18.00,17.07,1,50.24,4.84,243.16,100,69,377
625.57,COMP,496884,18.20,17.08,1,50.40,3.63,182.95,100,68,381
626.58,COMP,497678,18.10,17.08,1,50.87,1.73,88.01,100,64,379
627.60,COMP,498472,18.20,17.08,1,50.82,2.22,112.82,100,65,381
628.62,COMP,499267,18.20,17.08,1,50.15,5.16,258.77,100,67,381
629.64,COMP,500061,18.10,17.08,1,50.48,3.83,193.34,100,66,379
630.67,COMP,500855,18.00,17.08,1,50.82,1.51,76.74,100,63,377
631.69,COMP,501651,18.20,17.08,1,50.68,2.83,143.42,100,66,381
632.71,COMP,502445,18.10,17.08,1,50.66,1.84,93.21,100,65,379
633.74,COMP,503240,18.20,17.08,1,50.55,3.99,201.69,100,66,381
634.76,COMP,504035,18.00,17.08,1,50.62,4.25,215.13,100,67,377
635.78,COMP,504829,18.20,17.08,1,50.31,4.85,244.00,100,68,381
636.80,COMP,505623,18.10,17.08,1,50.61,2.31,116.91,100,65,379
637.82,COMP,506418,18.10,17.08,1,50.40,4.08,205.63,100,68,379
638.84,COMP,507212,18.20,17.08,1,50.64,2.39,121.03,100,66,381
639.86,COMP,508206,18.10,17.08,1,50.47,3.48,175.64,100,67,379
640.88,COMP,509001,18.00,17.08,1,50.68,2.01,101.87,100,64,377
641.91,COMP,509795,18.10,17.08,1,50.34,4.47,225.02,100,68,379
642.93,COMP,510589,18.30,17.09,1,50.62,3.34,169.07,100,66,383
643.96,COMP,511384,18.00,17.09,1,50.80,2.10,106.68,100,64,377
644.99,COMP,512177,17.90,17.09,1,50.48,3.79,191.32,100,67,375
646.01,COMP,512971,18.20,17.09,1,50.80,2.93,148.84,100,65,381
647.03,COMP,513766,18.10,17.09,1,50.48,4.08,205.96,100,66,379
648.04,COMP,514560,18.10,17.09,1,50.52,3.56,179.85,100,67,379
649.06,COMP,515354,18.10,17.09,1,51.08,0.46,23.50,100,63,379
650.08,COMP,516148,18.10,17.09,1,49.96,6.78,338.73,100,70,379
651.09,COMP,516943,18.10,17.09,1,50.13,5.83,292.26,100,69,379
652.11,COMP,517738,18.10,17.09,1,50.25,5.42,272.36,100,68,379
653.13,COMP,518532,18.10,17.09,1,50.03,6.20,310.19,100,70,379
654.16,COMP,519326,18.20,17.09,1,50.27,4.61,231.74,100,67,381
655.18,COMP,520120,18.10,17.09,1,50.18,4.43,222.30,100,68,379
656.20,COMP,520915,18.10,17.09,1,49.92,7.28,363.42,100,71,379
657.22,COMP,521709,18.20,17.10,1,49.92,6.25,312.00,100,71,381
658.24,COMP,522703,18.20,17.09,1,50.15,5.56,278.83,100,70,381
659.26,COMP,523497,18.00,17.09,1,50.55,2.45,123.85,100,65,377
660.30,COMP,524292,18.20,17.09,1,50.29,4.95,248.94,100,68,381
661.32,COMP,525087,18.20,17.10,1,50.17,5.18,259.88,100,68,381
662.34,COMP,525882,18.10,17.10,1,50.52,5.06,255.63,100,69,379
663.36,COMP,526676,18.10,17.10,1,49.88,5.94,296.29,100,71,379
664.37,COMP,527470,18.20,17.10,1,50.27,5.53,277.99,100,68,381
665.38,COMP,528264,18.20,17.10,1,50.01,5.88,294.06,100,69,381
666.41,COMP,529059,18.10,17.10,1,49.53,5.91,292.72,100,70,379
667.42,COMP,529853,18.20,17.10,1,49.62,7.31,362.72,100,72,381
668.45,COMP,530648,18.20,17.10,1,50.61,2.83,143.23,100,66,381
669.48,COMP,531442,18.10,17.10,1,50.41,3.93,198.11,100,67,379
670.50,COMP,532237,18.10,17.10,1,49.64,8.84,438.82,100,72,379
671.52,COMP,533031,18.00,17.10,1,50.34,3.17,159.58,100,67,377
672.55,COMP,533826,18.10,17.10,1,50.10,5.38,269.54,100,69,379
673.57,COMP,534620,18.20,17.10,1,50.08,5.64,282.45,100,70,381
674.57,COMP,535414,18.00,17.11,1,50.27,4.65,233.76,100,68,377
675.60,COMP,536209,18.10,17.11,1,50.06,6.13,306.87,100,69,379
676.62,COMP,537003,18.10,17.11,1,49.73,7.44,369.99,100,70,379
677.64,COMP,537996,18.10,17.10,1,49.04,8.79,431.06,100,74,379
678.67,COMP,538791,18.20,17.11,1,49.11,11.03,541.68,100,76,381
679.69,COMP,539585,18.10,17.11,1,49.71,7.70,382.77,100,71,379
680.71,COMP,540379,18.20,17.11,1,49.74,6.16,306.40,100,70,381
681.74,COMP,541174,18.20,17.11,1,49.50,7.82,387.09,100,73,381
682.76,COMP,541967,18.10,17.11,1,49.62,6.58,326.50,100,70,379
683.78,COMP,542762,18.20,17.11,1,50.15,5.47,274.32,100,68,381
684.79,COMP,543556,18.20,17.11,1,50.10,5.14,257.51,100,68,381
685.81,COMP,544351,18.10,17.11,1,49.78,7.28,362.40,100,71,379
686.83,COMP,545145,18.10,17.11,1,50.40,3.27,164.81,100,66,379
687.85,COMP,545939,18.10,17.11,1,49.88,5.00,249.40,100,68,379
688.88,COMP,546734,18.10,17.11,1,50.11,5.33,267.09,100,69,379
689.89,COMP,547528,18.10,17.11,1,50.17,5.07,254.36,100,69,379
690.92,COMP,548323,18.00,17.12,1,50.32,3.66,184.17,100,67,377
691.94,COMP,549117,18.00,17.12,1,49.97,6.07,303.32,100,70,377
692.97,COMP,549911,18.20,17.12,1,49.81,5.78,287.90,100,70,381
693.97,COMP,550706,18.10,17.12,1,50.45,3.78,190.70,100,66,379
694.99,COMP,551501,18.00,17.12,1,50.73,2.07,105.01,100,65,377
696.01,COMP,552295,18.10,17.12,1,50.06,4.87,243.79,100,69,379
697.03,COMP,553288,18.20,17.12,1,49.53,7.60,376.43,100,72,381
698.05,COMP,554083,18.10,17.12,1,50.04,5.89,294.74,100,69,379
699.09,COMP,554877,18.10,17.12,1,50.27,3.97,199.57,100,67,379
700.10,COMP,555672,18.20,17.12,1,50.10,6.65,333.17,100,72,381
701.12,COMP,556466,18.00,17.12,1,50.41,3.72,187.53,100,67,377
702.14,COMP,557261,18.20,17.12,1,49.83,5.57,277.55,100,69,381
703.17,COMP,558054,18.10,17.12,1,50.06,5.85,292.85,100,69,379
704.20,COMP,558849,18.10,17.12,1,49.76,6.53,324.93,100,71,379
705.22,COMP,559643,18.10,17.12,1,50.68,2.12,107.44,100,65,379
706.23,COMP,560438,18.10,17.12,1,50.01,4.31,215.54,100,69,379
707.25,COMP,561232,18.20,17.12,1,50.25,4.36,219.09,100,69,381
708.27,COMP,562027,18.10,17.13,1,50.50,2.50,126.25,100,66,379
709.29,COMP,562821,18.10,17.13,1,49.99,5.34,266.95,100,69,379
710.31,COMP,563616,18.20,17.13,1,50.36,4.32,217.56,100,67,381
711.33,COMP,564410,18.20,17.13,1,50.10,5.84,292.58,100,69,381
712.35,COMP,565204,18.10,17.13,1,49.96,5.66,282.77,100,70,379
713.37,COMP,565998,18.00,17.13,1,50.15,4.46,223.67,100,69,377
714.40,COMP,566793,18.20,17.13,1,49.48,6.19,306.28,100,70,381
715.43,COMP,567786,18.00,17.13,1,49.97,6.07,303.32,100,70,377
716.45,COMP,568580,18.20,17.13,1,50.29,4.17,209.71,100,67,381
717.48,COMP,569374,18.20,17.13,1,50.01,5.39,269.55,100,69,381
718.49,COMP,570169,18.10,17.13,1,49.81,7.85,391.01,100,72,379
719.51,COMP,570963,18.10,17.13,1,50.32,4.15,208.83,100,67,379
720.53,COMP,571757,18.10,17.13,1,50.03,5.01,250.65,100,69,379
721.55,COMP,572553,18.20,17.13,1,49.96,5.81,290.27,100,70,381
722.57,COMP,573347,18.10,17.13,1,49.81,6.75,336.22,100,71,379
723.58,COMP,574142,18.20,17.13,1,50.71,2.30,116.63,100,66,381
724.60,COMP,574935,18.10,17.14,1,50.13,4.59,230.10,100,68,379
725.60,COMP,575729,18.10,17.14,1,49.34,7.09,349.82,100,71,379
726.63,COMP,576524,18.10,17.14,1,49.96,5.90,294.76,100,70,379
727.65,COMP,577318,18.00,17.14,1,49.59,6.00,297.54,100,72,377
728.67,COMP,578113,18.10,17.14,1,49.76,6.81,338.87,100,71,379
729.69,COMP,578907,18.20,17.14,1,49.76,6.78,337.37,100,70,381
730.71,COMP,579701,18.20,17.14,1,50.04,5.28,264.21,100,69,381
731.73,COMP,580495,18.10,17.14,1,49.74,6.33,314.85,100,71,379
732.75,COMP,581290,18.20,17.14,1,49.88,6.68,333.20,100,70,381
733.77,COMP,582084,18.20,17.14,1,49.83,6.60,328.88,100,70,381
734.79,COMP,582878,18.20,17.14,1,49.90,5.32,265.47,100,68,381
735.79,COMP,583673,18.10,17.14,1,50.18,4.00,200.72,100,68,379
736.81,COMP,584468,18.20,17.14,1,50.32,3.92,197.25,100,67,381
737.83,COMP,585262,18.10,17.15,1,50.17,4.59,230.28,100,68,379
738.84,COMP,586256,18.10,17.14,1,50.03,5.80,290.17,100,70,379
739.86,COMP,587050,18.20,17.14,1,49.85,6.63,330.51,100,70,381
740.88,COMP,587845,18.10,17.14,1,49.85,5.78,288.13,100,70,379
741.90,COMP,588639,18.20,17.15,1,49.87,4.67,232.89,100,69,381
742.92,COMP,589433,18.10,17.15,1,50.11,4.79,240.03,100,68,379
743.94,COMP,590228,18.20,17.15,1,49.36,9.78,482.74,100,74,381
744.97,COMP,591022,18.20,17.15,1,49.64,6.98,346.49,100,71,381
745.98,COMP,591818,18.30,17.15,1,49.08,11.08,543.81,100,76,383
747.00,COMP,592617,18.20,17.15,1,50.53,2.06,104.09,100,65,381
748.02,COMP,593415,18.30,17.15,1,50.17,4.07,204.19,100,67,383
749.04,COMP,594214,18.30,17.15,1,50.32,3.39,170.58,100,68,383
750.06,COMP,595012,18.20,17.15,1,49.64,7.76,385.21,100,72,381
751.09,COMP,595812,18.30,17.15,1,49.87,6.28,313.18,100,70,383
752.11,COMP,596611,18.20,17.15,1,50.48,2.41,121.66,100,66,381
753.12,COMP,597410,18.20,17.15,1,49.99,5.99,299.44,100,70,381
754.14,COMP,598208,18.20,17.16,1,50.25,4.36,219.09,100,68,381
755.16,COMP,599007,18.30,17.16,1,49.22,6.47,318.45,100,72,383
756.18,COMP,599806,18.10,17.16,1,50.03,4.80,240.14,100,69,379
757.20,COMP,600605,18.30,17.16,1,50.61,3.62,183.21,100,65,383
758.22,COMP,601403,18.20,17.16,1,50.06,5.02,251.30,100,68,381
759.23,COMP,602202,18.20,17.16,1,50.03,5.31,265.66,100,69,381
760.25,COMP,603000,18.30,17.16,1,49.71,5.78,287.32,100,70,383
761.27,COMP,604000,18.20,17.16,1,49.85,6.39,318.54,100,71,381
762.29,COMP,604799,18.20,17.16,1,50.01,4.68,234.05,100,71,381
763.30,COMP,605597,18.10,17.16,1,50.15,3.52,176.53,100,68,379
764.33,COMP,606396,18.30,17.16,1,49.88,5.34,266.36,100,70,383
765.35,COMP,607195,18.20,17.16,1,49.57,8.10,401.52,100,73,381
766.37,COMP,607994,18.20,17.16,1,50.25,4.53,227.63,100,67,381
767.39,COMP,608792,18.30,17.16,1,49.67,6.11,303.48,100,72,383
768.40,COMP,609591,18.10,17.16,1,50.52,2.34,118.22,100,65,379
769.42,COMP,610390,18.30,17.16,1,50.13,5.06,253.66,100,69,383
770.44,COMP,611187,18.30,17.16,1,49.59,6.99,346.63,100,71,383
771.46,COMP,611986,18.20,17.16,1,50.01,5.40,270.05,100,70,381
772.47,COMP,612785,18.30,17.17,1,49.88,3.85,192.04,100,69,383
773.49,COMP,613583,18.20,17.17,1,50.48,2.91,146.90,100,66,381
774.50,COMP,614382,18.20,17.17,1,50.18,4.33,217.28,100,68,381
775.53,COMP,615181,18.20,17.17,1,49.15,7.99,392.71,100,73,381
776.56,COMP,615979,18.20,17.17,1,49.69,7.01,348.33,100,71,381
777.58,COMP,616778,18.00,17.17,1,50.04,5.06,253.20,100,70,377
778.60,COMP,617577,18.30,17.17,1,49.83,5.80,289.01,100,70,383
779.61,COMP,618376,18.30,17.17,1,50.27,3.93,197.56,100,67,383
780.63,COMP,619174,18.30,17.17,1,49.76,5.41,269.20,100,70,383
781.66,COMP,619974,18.20,17.17,1,50.03,4.81,240.64,100,69,381
782.68,COMP,620973,18.20,17.17,1,49.48,7.89,390.40,100,73,381
783.70,COMP,621772,18.20,17.17,1,50.45,4.08,205.84,100,68,381
784.72,COMP,622571,18.20,17.17,1,50.24,3.33,167.30,100,66,381
785.74,COMP,623369,18.30,17.17,1,49.97,5.25,262.34,100,68,383
786.77,COMP,624168,18.20,17.17,1,50.43,1.75,88.25,100,66,381
787.79,COMP,624967,18.30,17.17,1,50.04,5.05,252.70,100,69,383
788.80,COMP,625766,18.20,17.18,1,50.31,2.99,150.43,100,68,381
789.82,COMP,626565,18.30,17.18,1,50.48,1.45,73.20,100,65,383
790.83,COMP,627364,18.40,17.18,1,50.38,2.29,115.37,100,66,385
791.85,COMP,628162,18.30,17.18,1,50.53,2.46,124.30,100,66,383
792.87,COMP,628960,18.30,17.18,1,50.47,3.14,158.48,100,66,383
793.89,COMP,629759,18.10,17.18,1,50.59,2.87,145.19,100,67,379
794.90,COMP,630558,18.20,17.18,1,50.80,0.78,39.62,100,63,381
795.92,COMP,631357,18.20,17.18,1,50.73,1.81,91.82,100,63,381
796.93,COMP,632156,18.20,17.18,1,50.55,2.35,118.79,100,66,381
797.95,COMP,632955,18.20,17.18,1,50.29,3.67,184.56,100,67,381
798.97,COMP,633754,18.20,17.18,1,50.87,1.45,73.76,100,64,381
799.98,COMP,634553,18.20,17.18,1,50.69,1.64,83.13,100,65,381
801.00,COMP,635352,18.20,17.18,1,50.53,3.87,195.55,100,68,381
802.02,COMP,636150,18.30,17.19,1,49.81,5.93,295.37,100,70,383
803.03,COMP,636949,18.20,17.19,1,50.15,4.85,243.23,100,69,381
804.06,COMP,637748,18.20,17.19,1,50.24,3.56,178.85,100,68,381
805.07,COMP,638546,18.30,17.19,1,50.25,4.31,216.58,100,68,383
806.09,COMP,639545,18.10,17.19,1,50.03,5.50,275.16,100,69,379
807.11,COMP,640344,18.30,17.19,1,50.43,2.96,149.27,100,66,383
808.13,COMP,641142,18.20,17.19,1,50.13,4.34,217.56,100,68,381
809.14,COMP,641941,18.30,17.19,1,50.18,4.38,219.79,100,68,383
810.17,COMP,642740,18.20,17.19,1,50.80,0.94,47.75,100,64,381
811.19,COMP,643540,18.20,17.19,1,51.01,0.21,10.71,100,62,381
812.21,COMP,644339,18.30,17.19,1,50.48,2.69,135.79,100,66,383
813.22,COMP,645138,18.30,17.19,1,50.66,2.51,127.16,100,65,383
814.25,COMP,645937,18.30,17.19,1,50.25,2.74,137.69,100,68,383
815.26,COMP,646735,18.30,17.19,1,50.73,0.96,48.70,100,64,383
816.26,COMP,647533,18.20,17.19,1,50.25,4.37,219.59,100,68,381
817.29,COMP,648332,18.20,17.19,1,51.08,0.31,15.83,100,61,381
818.30,COMP,649130,18.20,17.20,1,49.81,5.23,260.51,100,70,381
819.32,COMP,649929,18.20,17.20,1,50.03,4.86,243.15,100,70,381
820.34,COMP,650728,18.10,17.20,1,50.48,3.26,164.56,100,67,379
821.36,COMP,651527,18.20,17.20,1,50.53,2.28,115.21,100,66,381
822.38,COMP,652325,18.20,17.20,1,50.04,4.52,226.18,100,68,381
823.40,COMP,653124,18.20,17.20,1,50.41,3.94,198.62,100,66,381
824.42,COMP,653923,18.30,17.20,1,50.53,2.68,135.42,100,66,383
825.44,COMP,654722,18.10,17.20,1,50.96,0.84,42.81,100,62,379
826.46,COMP,655521,18.20,17.20,1,50.87,0.76,38.66,100,63,381
827.47,COMP,656319,18.30,17.20,1,50.73,1.91,96.89,100,64,383
828.49,COMP,657118,18.20,17.20,1,50.36,3.70,186.33,100,67,381
829.50,COMP,657916,18.30,17.20,1,50.13,4.13,207.04,100,69,383
830.52,COMP,658716,18.20,17.21,1,50.27,2.54,127.69,100,66,381
831.53,COMP,659714,18.20,17.20,1,49.97,3.80,189.89,100,69,381
832.55,COMP,660513,18.20,17.20,1,49.97,5.10,254.85,100,69,381
833.57,COMP,661312,18.20,17.20,1,50.06,5.47,273.83,100,70,381
834.58,COMP,662111,18.20,17.20,1,50.20,5.06,254.01,100,68,381
835.61,COMP,662909,18.30,17.21,1,50.04,4.34,217.17,100,68,383
836.63,COMP,663708,18.20,17.21,1,49.83,6.28,312.93,100,70,381
837.66,COMP,664507,18.20,17.21,1,50.17,4.57,229.28,100,69,381
838.67,COMP,665305,18.20,17.21,1,50.13,4.33,217.06,100,68,381
839.70,COMP,666103,18.30,17.21,1,49.51,7.13,353.01,100,72,383
840.72,COMP,666902,18.30,17.21,1,49.94,5.15,257.19,100,70,383
841.74,COMP,667702,18.20,17.21,1,50.40,3.08,155.23,100,66,381
842.76,COMP,668500,18.30,17.21,1,49.87,5.57,277.78,100,71,383
843.78,COMP,669299,18.30,17.21,1,50.01,5.47,273.55,100,69,383
844.81,COMP,670098,18.20,17.21,1,49.90,5.99,298.90,100,70,381
845.83,COMP,670897,18.20,17.22,1,49.62,5.47,271.42,100,70,381
846.83,COMP,671695,18.20,17.22,1,49.96,5.03,251.30,100,69,381
847.86,COMP,672494,18.30,17.22,1,50.06,4.85,242.79,100,69,383
848.88,COMP,673292,18.20,17.22,1,49.46,7.28,360.07,100,72,381
849.90,COMP,674091,18.20,17.22,1,49.97,4.74,236.86,100,69,381
850.92,COMP,674890,18.30,17.22,1,49.92,4.85,242.11,100,70,383
851.94,COMP,675889,18.20,17.22,1,50.08,4.62,231.37,100,69,381
852.96,COMP,676688,18.30,17.22,1,50.01,4.72,236.05,100,70,383
853.98,COMP,677486,18.20,17.22,1,50.32,3.71,186.69,100,67,381
855.00,COMP,678285,18.30,17.22,1,50.53,2.34,118.24,100,66,383
856.01,COMP,679084,18.30,17.22,1,50.90,0.55,28.00,100,62,383
857.03,COMP,679883,18.20,17.22,1,50.34,3.06,154.04,100,67,381
858.06,COMP,680681,18.30,17.22,1,49.69,5.21,258.88,100,71,383
859.08,COMP,681480,18.20,17.22,1,50.13,4.10,205.53,100,68,381
860.09,COMP,682279,18.30,17.22,1,50.03,4.90,245.15,100,68,383
861.11,COMP,683078,18.20,17.22,1,49.83,5.39,268.58,100,70,381
862.13,COMP,683876,18.20,17.23,1,49.62,7.24,359.25,100,72,381
863.15,COMP,684675,18.10,17.23,1,49.67,6.96,345.70,100,71,379
864.18,COMP,685474,18.20,17.23,1,49.57,6.92,343.02,100,72,381
865.20,COMP,686273,18.20,17.23,1,49.55,7.71,382.03,100,72,381
866.22,COMP,687071,18.20,17.23,1,48.21,10.96,528.38,100,77,381
867.24,COMP,687870,18.20,17.23,1,48.46,12.08,585.40,100,78,381
868.25,COMP,688670,18.30,17.23,1,49.23,6.68,328.86,100,71,383
869.27,COMP,689468,18.30,17.23,1,49.02,8.61,422.06,100,73,383
870.29,COMP,690267,18.30,17.23,1,48.83,9.83,480.00,100,75,383
871.31,COMP,691067,18.30,17.23,1,48.49,10.79,523.21,100,77,383
872.33,COMP,691866,18.20,17.23,1,49.57,5.95,294.94,100,70,381
873.36,COMP,692866,18.20,17.23,1,48.78,8.73,425.85,100,74,381
874.37,COMP,693664,18.10,17.23,1,48.51,10.74,521.00,100,76,379
875.41,COMP,694463,18.20,17.23,1,49.57,5.91,292.96,100,70,381
876.43,COMP,695262,18.30,17.24,1,49.71,5.77,286.83,100,70,383
877.46,COMP,696061,18.20,17.24,1,49.18,9.01,443.11,100,74,381
878.47,COMP,696860,18.30,17.24,1,49.09,9.37,459.97,100,75,383
879.49,COMP,697659,18.30,17.24,1,48.78,7.90,385.36,100,73,383
880.50,COMP,698457,18.50,17.24,1,48.94,8.33,407.67,100,73,388
881.52,COMP,699256,18.30,17.24,1,49.87,5.44,271.29,100,69,383
882.55,COMP,700054,18.30,17.24,1,49.51,7.80,386.18,100,72,383
883.57,COMP,700853,18.30,17.24,1,50.03,4.03,201.62,100,68,383
884.59,COMP,701652,18.30,17.24,1,49.88,4.99,248.90,100,69,383
885.60,COMP,702451,18.20,17.24,1,50.10,5.71,286.07,100,69,381
886.63,COMP,703249,18.20,17.24,1,49.74,5.27,262.13,100,69,381
887.65,COMP,704048,18.20,17.25,1,49.55,7.45,369.15,100,72,381
888.68,COMP,704847,18.20,17.25,1,49.53,7.14,353.64,100,72,381
889.70,COMP,705646,18.20,17.25,1,49.83,5.24,261.11,100,69,381
890.71,COMP,706445,18.30,17.25,1,49.30,8.49,418.56,100,74,383
891.73,COMP,707244,18.30,17.25,1,49.32,9.59,472.98,100,74,383
892.75,COMP,708243,18.10,17.25,1,49.73,5.45,271.03,100,69,379
893.78,COMP,709042,18.20,17.25,1,49.53,7.18,355.63,100,72,381
894.80,COMP,709840,18.20,17.25,1,49.22,7.99,393.27,100,73,381
895.82,COMP,710640,18.30,17.25,1,48.69,10.22,497.61,100,77,383
896.83,COMP,711444,18.20,17.25,1,49.99,4.20,209.96,100,68,381
897.85,COMP,712247,18.30,17.25,1,49.81,5.83,290.39,100,70,383
898.88,COMP,713050,18.30,17.25,1,49.43,6.95,343.54,100,73,383
899.90,COMP,713854,18.40,17.25,1,49.64,6.46,320.67,100,71,385
900.92,COMP,714657,18.40,17.25,1,49.60,6.67,330.83,100,72,385
901.93,COMP,715461,18.40,17.25,1,49.59,6.30,312.42,100,71,385
902.95,COMP,716264,18.30,17.26,1,49.88,4.45,221.97,100,69,383
903.97,COMP,717067,18.30,17.26,1,49.96,4.24,211.83,100,69,383
904.99,COMP,717870,18.40,17.26,1,49.67,6.06,301.00,100,71,385
906.00,COMP,718673,18.40,17.26,1,49.15,8.51,418.27,100,75,385
907.02,COMP,719476,18.30,17.26,1,49.51,6.40,316.86,100,71,383
908.04,COMP,720279,18.10,17.26,1,48.69,9.34,454.76,100,77,379
909.07,COMP,721082,18.30,17.26,1,49.67,4.95,245.87,100,69,383
910.09,COMP,721885,18.30,17.26,1,49.32,7.09,349.68,100,73,383
911.11,COMP,722689,18.40,17.26,1,49.90,4.72,235.53,100,69,385
912.13,COMP,723493,18.40,17.26,1,50.52,0.79,39.91,100,64,385
913.15,COMP,724501,18.50,17.26,1,50.87,0.60,30.52,100,62,388
914.17,COMP,725308,18.50,17.26,1,50.75,0.02,1.02,100,63,388
915.20,COMP,726114,18.40,17.26,1,50.53,2.56,129.36,100,66,385
916.22,COMP,726918,18.40,17.26,1,50.47,3.00,151.41,100,67,385
917.24,COMP,727721,18.30,17.26,1,49.44,7.90,390.58,100,73,383
918.26,COMP,728524,18.30,17.27,1,49.55,7.14,353.79,100,72,383
919.28,COMP,729327,18.40,17.27,1,49.85,4.94,246.26,100,69,385
920.30,COMP,730130,18.30,17.27,1,49.69,6.88,341.87,100,71,383
921.32,COMP,730933,18.40,17.27,1,49.41,7.75,382.93,100,73,385
922.33,COMP,731736,18.20,17.27,1,49.87,4.89,243.86,100,69,381
923.35,COMP,732539,18.30,17.27,1,50.20,3.12,156.62,100,67,383
924.37,COMP,733343,18.40,17.27,1,49.99,3.69,184.46,100,69,385
925.38,COMP,734145,18.40,17.27,1,50.36,1.86,93.67,100,65,385
926.40,COMP,734948,18.40,17.27,1,50.43,2.27,114.48,100,65,385
927.42,COMP,735752,18.30,17.27,1,50.31,1.21,60.88,100,66,383
928.43,COMP,736554,18.30,17.27,1,50.32,3.03,152.47,100,66,383
929.46,COMP,737357,18.40,17.28,1,49.60,5.59,277.26,100,70,385
930.48,COMP,738161,18.30,17.28,1,50.13,3.90,195.51,100,68,383
931.50,COMP,738965,18.40,17.28,1,49.18,7.84,385.57,100,73,385
932.52,COMP,739769,18.30,17.28,1,49.88,4.65,231.94,100,70,383
933.54,COMP,740572,18.40,17.28,1,49.22,8.27,407.05,100,75,385
934.56,COMP,741577,18.30,17.28,1,49.46,9.82,485.70,100,75,383
935.58,COMP,742380,18.30,17.28,1,48.69,11.09,539.97,100,78,383
936.59,COMP,743183,18.30,17.28,1,48.79,9.03,440.57,100,75,383
937.62,COMP,743987,18.30,17.28,1,49.18,10.40,511.47,100,76,383
938.64,COMP,744790,18.40,17.28,1,49.08,9.93,487.36,100,75,385
939.65,COMP,745593,18.40,17.28,1,49.32,7.61,375.33,100,72,385
940.67,COMP,746396,18.30,17.28,1,49.74,5.55,276.06,100,70,383
941.68,COMP,747199,18.30,17.28,1,49.41,6.34,313.26,100,71,383
942.70,COMP,748003,18.40,17.28,1,49.71,5.12,254.52,100,70,385
943.72,COMP,748806,18.40,17.28,1,49.96,4.10,204.84,100,69,385
944.73,COMP,749609,18.40,17.29,1,49.02,8.06,395.10,100,73,385
945.75,COMP,750412,18.30,17.29,1,49.81,4.99,248.55,100,70,383
946.76,COMP,751215,18.30,17.29,1,49.55,5.40,267.57,100,71,383
947.78,COMP,752018,18.20,17.29,1,49.87,4.07,202.97,100,69,381
948.81,COMP,752821,18.30,17.29,1,49.87,4.91,244.86,100,69,383
949.81,COMP,753624,18.30,17.29,1,50.15,4.82,241.72,100,69,383
950.83,COMP,754427,18.40,17.29,1,49.69,5.94,295.16,100,70,385
951.85,COMP,755230,18.30,17.29,1,49.55,6.42,318.11,100,72,383
952.87,COMP,756033,18.40,17.29,1,49.46,6.14,303.68,100,71,385
953.88,COMP,756836,18.30,17.29,1,50.34,2.81,141.46,100,66,383
954.90,COMP,757639,18.30,17.29,1,49.99,4.06,202.96,100,68,383
955.91,COMP,758443,18.30,17.30,1,49.74,3.82,190.01,100,68,383
956.93,COMP,759245,18.40,17.30,1,49.85,3.66,182.45,100,68,385
957.95,COMP,760049,18.30,17.30,1,50.17,2.98,149.51,100,67,383
958.97,COMP,760852,18.30,17.30,1,49.97,3.90,194.88,100,69,383
959.99,COMP,761655,18.40,17.30,1,49.85,5.34,266.20,100,70,385
961.00,COMP,762660,18.30,17.30,1,49.99,3.57,178.46,100,68,383
962.02,COMP,763463,18.20,17.30,1,50.24,2.20,110.53,100,66,381
963.04,COMP,764267,18.40,17.30,1,50.48,2.22,112.07,100,65,385
964.07,COMP,765070,18.30,17.30,1,50.04,3.83,191.65,100,68,383
965.08,COMP,765873,18.40,17.30,1,49.92,4.41,220.15,100,69,385
966.10,COMP,766676,18.30,17.30,1,50.20,3.07,154.11,100,67,383
967.12,COMP,767479,18.20,17.30,1,49.81,4.57,227.63,100,69,381
968.15,COMP,768282,18.40,17.30,1,50.17,3.74,187.64,100,68,385
969.16,COMP,769085,18.40,17.30,1,50.11,3.35,167.87,100,67,385
970.19,COMP,769889,18.40,17.30,1,50.10,5.24,262.52,100,70,385
971.21,COMP,770692,18.30,17.31,1,49.02,7.89,386.77,100,73,383
972.23,COMP,771494,18.20,17.31,1,49.27,6.10,300.55,100,71,381
973.25,COMP,772297,18.20,17.31,1,49.64,5.76,285.93,100,71,381
974.27,COMP,773100,18.40,17.31,1,49.44,7.10,351.02,100,72,385
975.28,COMP,773903,18.30,17.31,1,49.62,6.67,330.97,100,70,383
976.30,COMP,774707,18.40,17.31,1,49.41,6.40,316.22,100,71,385
977.32,COMP,775509,18.40,17.31,1,49.29,6.62,326.30,100,72,385
978.34,COMP,776312,18.50,17.31,1,49.20,6.94,341.45,100,73,388
979.36,COMP,777115,18.40,17.31,1,49.11,7.39,362.92,100,72,385
980.39,COMP,777921,18.60,17.31,0,48.85,10.65,520.25,60,77,390
981.42,COMP,778937,18.70,17.31,0,48.94,9.81,480.10,54,76,392
982.42,COMP,779762,19.00,17.31,0,49.13,8.89,436.77,50,77,398
983.44,COMP,780594,19.00,17.31,0,49.13,8.66,425.47,45,76,398
984.47,COMP,781428,19.00,17.31,0,49.02,8.45,414.22,52,77,398
985.49,COMP,782264,19.10,17.31,0,49.20,9.19,452.15,48,77,400
986.51,COMP,783105,19.30,17.31,0,48.78,9.90,482.92,54,79,404
987.53,COMP,783954,19.40,17.31,0,49.01,9.34,457.75,52,79,406
988.54,COMP,784809,19.60,17.31,0,48.99,9.01,441.40,50,79,411
989.57,COMP,785668,19.60,17.31,0,48.79,8.88,433.26,50,79,411
990.57,COMP,786532,19.80,17.31,0,49.04,9.18,450.19,51,80,415
991.58,COMP,787404,20.00,17.31,0,49.01,9.40,460.69,52,81,419
992.60,COMP,788284,20.30,17.31,0,48.86,9.03,441.21,48,82,425
993.63,COMP,789173,20.50,17.31,0,49.43,9.23,456.24,52,82,430
994.64,COMP,790070,20.70,17.31,0,49.06,8.89,436.14,48,82,434
995.66,COMP,790968,20.40,17.31,0,49.15,7.52,369.61,42,81,427
996.67,COMP,791866,20.70,17.31,0,49.25,7.90,389.08,41,81,434
997.68,COMP,792768,20.70,17.31,0,49.25,7.74,381.19,42,81,434
998.69,COMP,793681,20.40,17.31,0,49.85,4.43,220.84,22,76,427
999.70,COMP,794571,20.20,17.31,0,49.85,4.26,212.36,24,76,423
1000.70,COMP,795451,19.90,17.30,0,50.57,0.03,1.52,5,9,417
1001.72,COMP,796330,19.80,17.30,0,49.73,5.20,258.60,24,74,415
1002.74,COMP,797198,19.70,17.30,0,49.22,6.08,299.26,34,77,413
1003.75,COMP,798065,19.80,17.30,0,49.69,5.66,281.25,28,76,415
1004.77,COMP,798933,19.80,17.30,0,49.59,6.37,315.89,35,77,415
1005.79,COMP,800019,19.80,17.30,0,49.50,6.85,339.07,35,77,415
1006.81,COMP,800890,19.90,17.30,0,49.27,7.51,370.02,37,79,417
1007.82,COMP,801765,20.00,17.30,0,49.29,7.65,377.07,42,79,419
1008.85,COMP,802645,20.20,17.30,0,49.08,7.53,369.57,42,80,423
1009.87,COMP,803531,20.20,17.30,0,49.30,7.50,369.75,40,79,423
1010.88,COMP,804421,20.40,17.30,0,49.62,7.31,362.72,40,80,427
1011.89,COMP,805315,20.40,17.29,0,49.11,7.64,375.20,41,80,427
1012.90,COMP,806216,20.70,17.29,0,49.32,7.21,355.60,38,81,434
1013.91,COMP,807120,20.70,17.29,0,49.29,7.44,366.72,41,80,434
1014.93,COMP,808026,20.70,17.29,0,49.36,7.47,368.72,42,82,434
1015.94,COMP,808936,20.80,17.29,0,49.20,7.91,389.17,44,82,436
1016.95,COMP,809850,20.90,17.29,0,50.45,0.00,0.00,0,0,438
1017.97,COMP,810752,20.40,17.29,0,50.52,0.00,0.00,0,0,427
1018.99,COMP,811637,20.00,17.29,0,50.55,0.00,0.00,3,0,419
1020.02,COMP,812521,20.00,17.29,0,49.44,6.51,321.85,37,78,419
1021.02,COMP,813404,20.20,17.29,0,49.62,5.37,266.46,27,76,423
1022.05,COMP,814290,20.20,17.29,0,49.22,7.96,391.79,42,80,423
1023.07,COMP,815176,19.60,17.28,0,47.95,9.90,474.70,58,82,411
1024.10,COMP,816069,20.50,17.28,0,49.27,7.95,391.70,44,81,430
1025.11,COMP,816969,20.50,17.28,0,49.16,8.04,395.25,44,82,430
1026.12,COMP,817881,20.80,17.28,0,49.44,9.65,477.10,50,83,436
1027.13,COMP,818803,21.20,17.28,0,48.35,9.56,462.23,52,85,444
1028.14,COMP,819735,21.30,17.28,0,48.95,9.56,467.96,52,86,446
1029.15,COMP,820675,21.50,17.28,0,48.95,8.40,411.18,47,85,451
1030.16,COMP,821621,21.60,17.27,0,50.38,0.00,0.00,0,0,453
1031.18,COMP,822561,21.20,17.27,0,49.48,6.08,300.84,34,81,444
1032.19,COMP,823487,21.10,17.27,0,49.48,5.70,282.04,31,81,442
1033.20,COMP,824649,21.10,17.26,0,49.39,7.11,351.16,38,82,442
1034.22,COMP,825574,21.20,17.26,0,49.41,7.20,355.75,40,83,444
1035.23,COMP,826505,21.30,17.26,0,49.34,7.22,356.23,38,83,446
1036.25,COMP,827442,21.50,17.26,0,49.29,7.04,347.00,38,83,451
1037.26,COMP,828384,21.50,17.26,0,48.56,8.64,419.56,46,86,451
1038.27,COMP,829326,21.60,17.26,0,49.41,6.79,335.49,37,83,453
1039.28,COMP,830270,21.60,17.25,0,49.60,7.67,380.43,43,85,453
1040.30,COMP,831219,21.80,17.25,0,49.02,8.79,430.89,47,86,457
1041.32,COMP,832175,21.90,17.25,0,49.36,8.82,435.36,48,87,459
1042.32,COMP,833136,22.00,17.25,0,48.88,9.23,451.16,47,88,461
1043.33,COMP,834104,22.20,17.24,0,48.99,9.27,454.14,50,88,465
1044.34,COMP,835068,21.90,17.24,0,49.60,4.62,229.15,23,83,459
1045.36,COMP,836024,21.90,17.24,0,49.04,8.87,434.98,47,87,459
1046.37,COMP,836982,21.90,17.24,0,49.66,6.90,342.65,37,85,459
1047.38,COMP,837940,21.90,17.23,0,49.39,7.07,349.19,38,85,459
1048.39,COMP,838899,21.90,17.23,0,48.71,9.79,476.87,56,91,459
1049.40,COMP,839857,21.80,17.23,0,49.34,7.07,348.83,37,84,457
1050.42,COMP,840814,21.80,17.23,0,49.53,8.00,396.24,43,85,457
1051.45,COMP,841771,21.60,17.23,0,50.41,0.00,0.00,0,0,453
1052.45,COMP,842708,21.20,17.22,0,50.48,0.00,0.00,0,0,444
1053.47,COMP,843624,20.70,17.22,0,50.47,0.00,0.00,0,0,434
1054.48,COMP,844538,20.40,17.22,0,49.97,3.63,181.39,17,75,427
1055.49,COMP,845436,20.30,17.22,0,50.06,4.47,223.77,16,75,425
1056.51,COMP,846328,20.40,17.22,0,49.81,5.49,273.46,28,77,427
1057.52,COMP,847218,20.30,17.22,0,49.51,5.81,287.65,32,78,425
1058.54,COMP,848118,20.30,17.22,0,49.36,7.04,347.49,40,80,425
1059.55,COMP,849009,20.30,17.22,0,49.39,7.24,357.58,40,80,425
1060.56,COMP,849904,20.50,17.21,0,49.20,7.88,387.70,43,81,430
1061.59,COMP,850807,20.70,17.21,0,49.02,8.15,399.51,45,82,434
1062.60,COMP,851718,20.90,17.21,0,49.04,8.32,408.01,44,83,438
1063.61,COMP,852636,21.20,17.21,0,49.15,8.06,396.15,45,84,444
1064.62,COMP,853554,20.80,17.21,0,50.45,0.00,0.00,0,0,436
1065.63,COMP,854466,20.50,17.21,0,49.92,3.40,169.73,12,75,430
1066.64,COMP,855362,20.50,17.21,0,50.03,4.88,244.15,27,77,430
1067.65,COMP,856257,20.50,17.20,0,49.39,5.53,273.13,35,79,430
1068.66,COMP,857378,20.40,17.20,0,49.62,5.55,275.39,30,78,427
1069.67,COMP,858266,20.00,17.20,0,50.48,0.00,0.00,0,0,419
1070.70,COMP,859140,19.80,17.20,0,50.52,0.00,0.00,0,0,415
1071.70,COMP,860001,19.60,17.20,0,50.52,0.00,0.00,0,0,411
1072.72,COMP,860847,19.10,17.20,0,50.53,0.00,0.00,0,0,400
1073.74,COMP,861678,18.70,17.20,0,50.57,0.00,0.00,0,0,392
1074.76,COMP,862507,18.70,17.20,0,49.29,8.03,395.80,42,75,392
1075.77,COMP,863335,18.90,17.20,0,49.18,7.14,351.15,38,75,396
1076.80,COMP,864176,19.20,17.20,0,49.30,8.45,416.59,44,77,402
1077.81,COMP,865026,19.40,17.20,0,49.08,8.19,401.97,45,78,406
1078.83,COMP,865888,19.90,17.20,0,49.04,8.91,436.95,51,80,417
1079.86,COMP,866766,20.30,17.20,0,49.32,8.75,431.55,51,81,425
1080.88,COMP,867661,20.50,17.20,0,49.22,10.14,499.09,55,84,430
1081.88,COMP,868576,21.10,17.19,0,48.69,10.48,510.27,56,86,442
1082.89,COMP,869509,21.50,17.19,0,48.27,10.34,499.11,56,87,451
1083.90,COMP,870456,21.80,17.19,0,48.71,10.39,506.10,57,88,457
1084.92,COMP,871418,22.00,17.19,0,48.49,10.14,491.69,55,89,461
1085.94,COMP,872389,22.00,17.19,0,50.38,0.00,0.00,0,0,461
1086.95,COMP,873344,21.60,17.18,0,50.36,0.00,0.00,0,0,453
1087.96,COMP,874283,21.20,17.18,0,50.45,0.00,0.00,0,0,444
1088.98,COMP,875204,20.70,17.18,0,50.43,0.00,0.00,0,0,434
1089.99,COMP,876106,20.50,17.18,0,50.47,0.00,0.00,0,0,430
1091.01,COMP,876991,19.90,17.18,0,50.52,0.00,0.00,0,0,417
1092.03,COMP,877860,19.70,17.18,0,50.52,0.00,0.00,0,0,413
1093.05,COMP,878928,19.30,17.17,0,50.55,0.00,0.00,0,0,404
1094.06,COMP,879768,18.90,17.17,0,50.55,0.00,0.00,0,0,396
1095.08,COMP,880595,18.70,17.17,0,50.53,0.00,0.00,0,0,392
1096.11,COMP,881408,18.60,17.17,0,50.57,0.00,0.00,0,0,390
1097.13,COMP,882209,18.30,17.17,0,50.57,0.00,0.00,0,0,383
1098.15,COMP,882999,18.00,17.18,0,50.59,0.00,0.00,0,0,377
1099.17,COMP,883794,18.20,17.18,1,49.04,8.70,426.65,100,74,381
1100.19,COMP,884594,18.10,17.18,1,50.20,2.20,110.44,100,65,379
1101.22,COMP,885393,18.20,17.18,1,49.78,4.86,241.93,100,69,381
1102.25,COMP,886192,18.20,17.18,1,49.85,4.22,210.37,100,67,381
1103.27,COMP,886992,18.20,17.18,1,50.08,4.35,217.85,100,68,381
1104.29,COMP,887790,18.40,17.18,1,49.27,6.69,329.62,100,71,385
1105.31,COMP,888590,18.20,17.18,1,49.60,5.92,293.63,100,71,381
1106.33,COMP,889389,18.20,17.18,1,48.88,8.41,411.08,100,75,381
1107.36,COMP,890189,18.30,17.19,1,49.62,8.11,402.42,100,73,383
1108.38,COMP,890988,18.20,17.19,1,49.48,5.44,269.17,100,71,381
1109.40,COMP,891787,18.20,17.19,1,49.34,5.63,277.78,100,71,381
1110.42,COMP,892787,18.30,17.18,1,49.50,6.49,321.25,100,71,383
1111.45,COMP,893587,18.30,17.19,1,49.29,6.20,305.60,100,72,383
1112.45,COMP,894387,18.10,17.19,1,49.88,5.55,276.83,100,70,379
1113.48,COMP,895186,18.30,17.19,1,49.96,3.90,194.84,100,67,383
1114.50,COMP,895986,18.20,17.19,1,49.96,2.54,126.90,100,67,381
1115.52,COMP,896786,18.30,17.19,1,50.20,2.88,144.58,100,66,383
1116.55,COMP,897585,18.20,17.19,1,50.24,1.29,64.81,100,65,381
1117.57,COMP,898384,18.30,17.19,1,49.67,4.67,231.96,100,70,383
1118.59,COMP,899183,18.30,17.19,1,50.38,1.80,90.68,100,65,383
1119.61,COMP,899982,18.20,17.19,1,49.94,2.84,141.83,100,67,381
1120.64,COMP,900782,18.20,17.20,1,50.01,3.45,172.53,100,68,381
1121.66,COMP,901582,18.20,17.20,1,50.10,1.59,79.66,100,66,381
1122.66,COMP,902381,18.20,17.20,1,50.36,2.02,101.73,100,65,381
1123.68,COMP,903181,18.30,17.20,1,49.99,2.92,145.97,100,66,383
1124.70,COMP,903980,18.20,17.20,1,50.29,1.88,94.55,100,65,381
1125.72,COMP,904778,18.20,17.20,1,49.43,6.32,312.40,100,72,381
1126.74,COMP,905578,18.20,17.20,1,50.32,1.28,64.41,100,65,381
1127.75,COMP,906377,18.20,17.20,1,50.06,2.92,146.18,100,67,381
1128.78,COMP,907177,18.30,17.20,1,49.76,4.91,244.32,100,69,383
1129.80,COMP,907976,18.30,17.21,1,50.13,3.29,164.93,100,66,383
1130.82,COMP,908775,18.20,17.21,1,49.39,6.87,339.31,100,72,381
1131.84,COMP,909775,18.30,17.20,1,50.52,1.26,63.66,100,64,383
1132.87,COMP,910574,18.30,17.20,1,49.96,3.61,180.36,100,68,383
1133.90,COMP,911374,18.30,17.21,1,50.40,1.17,58.97,100,64,383
1134.92,COMP,912173,18.20,17.21,1,50.41,2.04,102.84,100,65,381
1135.94,COMP,912972,18.20,17.21,1,49.51,5.55,274.78,100,70,381
1136.97,COMP,913772,18.30,17.21,1,49.67,6.00,298.02,100,71,383
1137.99,COMP,914571,18.30,17.21,1,49.36,5.36,264.57,100,71,383
1139.01,COMP,915371,18.10,17.21,1,50.47,0.88,44.41,100,64,379
1140.03,COMP,916171,18.20,17.21,1,49.96,5.68,283.77,100,70,381
1141.05,COMP,916970,18.30,17.21,1,49.83,4.66,232.21,100,68,383
1142.07,COMP,917771,18.20,17.22,1,50.18,3.51,176.13,100,67,381
1143.07,COMP,918570,18.20,17.22,1,49.43,6.01,297.07,100,72,381
1144.09,COMP,919369,18.20,17.22,1,50.13,2.49,124.82,100,66,381
1145.11,COMP,920169,18.30,17.22,1,49.69,5.06,251.43,100,70,383
1146.13,COMP,920969,18.30,17.22,1,49.36,5.81,286.78,100,70,383
1147.15,COMP,921768,18.30,17.22,1,49.44,5.73,283.29,100,70,383
1148.16,COMP,922568,18.30,17.22,1,49.73,4.17,207.37,100,70,383
1149.19,COMP,923367,18.20,17.22,1,50.31,2.26,113.70,100,66,381
1150.20,COMP,924166,18.30,17.22,1,50.04,3.35,167.63,100,67,383
1151.22,COMP,924965,18.20,17.23,1,49.71,4.87,242.09,100,70,381
1152.23,COMP,925765,18.30,17.23,1,49.43,6.99,345.52,100,71,383
1153.25,COMP,926564,18.20,17.23,1,49.23,6.43,316.55,100,71,381
1154.26,COMP,927364,18.30,17.23,1,49.69,5.22,259.38,100,70,383
1155.28,COMP,928364,18.20,17.23,1,49.50,5.84,289.08,100,71,381
1156.30,COMP,929163,18.10,17.23,1,49.44,6.25,309.00,100,71,379
1157.33,COMP,929962,18.30,17.23,1,49.57,4.29,212.66,100,69,383
1158.35,COMP,930761,18.20,17.23,1,48.74,7.43,362.14,100,73,381
1159.38,COMP,931561,18.30,17.23,1,48.95,9.52,466.00,100,75,383
1160.39,COMP,932360,18.30,17.23,1,49.43,4.94,244.18,100,69,383
1161.42,COMP,933160,18.20,17.23,1,49.74,4.03,200.45,100,68,381
1162.44,COMP,933959,18.20,17.23,1,49.46,5.95,294.29,100,71,381
1163.47,COMP,934759,18.20,17.24,1,49.36,6.55,323.31,100,72,381
1164.48,COMP,935558,18.20,17.24,1,49.27,7.09,349.32,100,72,381
1165.50,COMP,936358,18.20,17.24,1,49.64,4.04,200.55,100,69,381
1166.52,COMP,937157,18.30,17.24,1,48.95,9.41,460.62,100,74,383
1167.54,COMP,937957,18.30,17.24,1,49.32,7.26,358.06,100,71,383
1168.55,COMP,938756,18.30,17.24,1,49.39,5.84,288.44,100,70,383
1169.57,COMP,939556,18.20,17.24,1,49.53,4.46,220.90,100,70,381
1170.59,COMP,940356,18.20,17.24,1,50.11,0.73,36.58,100,65,381
1171.60,COMP,941156,18.20,17.24,1,49.69,4.81,239.01,100,69,381
1172.63,COMP,941954,18.30,17.25,1,49.16,5.30,260.55,100,70,383
1173.66,COMP,942754,18.20,17.25,1,49.78,4.04,201.11,100,68,381
1174.67,COMP,943554,18.30,17.25,1,49.62,5.79,287.30,100,72,383
1175.69,COMP,944554,18.30,17.24,1,49.71,3.30,164.04,100,68,383
1176.71,COMP,945353,18.20,17.25,1,49.81,3.98,198.24,100,69,381
1177.73,COMP,946153,18.30,17.25,1,49.34,6.44,317.75,100,73,383
1178.75,COMP,946952,18.30,17.25,1,49.97,3.45,172.40,100,67,383
1179.77,COMP,947751,18.30,17.25,1,49.51,5.30,262.40,100,70,383
1180.78,COMP,948552,18.40,17.25,1,49.13,10.61,521.27,100,77,385
1181.80,COMP,949356,18.30,17.25,1,48.94,6.43,314.68,100,72,383
1182.82,COMP,950159,18.40,17.25,1,49.32,5.83,287.54,100,71,385
1183.85,COMP,950964,18.30,17.25,1,49.85,4.92,245.26,100,70,383
1184.86,COMP,951768,18.40,17.26,1,49.74,4.25,211.40,100,68,385
1185.88,COMP,952572,18.30,17.26,1,49.73,2.74,136.26,100,67,383
1186.90,COMP,953375,18.40,17.26,1,49.25,6.86,337.86,100,72,385
1187.92,COMP,954179,18.30,17.26,1,49.29,7.04,347.00,100,73,383
1188.93,COMP,954983,18.30,17.26,1,49.69,4.67,232.05,100,69,383
1189.95,COMP,955787,18.40,17.26,1,49.59,5.05,250.43,100,71,385
1190.96,COMP,956591,18.40,17.26,1,49.87,3.63,181.03,100,69,385
1191.98,COMP,957395,18.30,17.26,1,50.17,2.11,105.86,100,65,383
1193.00,COMP,958198,18.30,17.26,1,48.99,8.98,439.93,100,74,383
1194.03,COMP,959003,18.30,17.27,1,49.88,3.19,159.12,100,69,383
1195.05,COMP,959806,18.10,17.27,1,49.74,4.04,200.95,100,69,379
1196.06,COMP,960610,18.30,17.27,1,50.01,2.93,146.53,100,67,383
1197.08,COMP,961413,18.30,17.27,1,50.06,3.24,162.19,100,66,383
1198.10,COMP,962217,18.40,17.27,1,49.53,5.43,268.95,100,71,385
1199.12,COMP,963021,18.20,17.27,1,49.66,4.34,215.52,100,69,381
1200.15,COMP,964027,18.30,17.27,1,49.51,5.52,273.30,100,71,383
1201.16,COMP,964831,18.30,17.27,1,49.53,6.27,310.55,100,71,383
1202.19,COMP,965635,18.40,17.27,1,49.16,7.90,388.36,100,73,385
1203.20,COMP,966439,18.20,17.27,1,49.44,5.35,264.50,100,72,381
1204.23,COMP,967242,18.40,17.27,1,49.34,6.41,316.27,100,71,385
1205.23,COMP,968046,18.30,17.27,1,49.73,4.44,220.80,100,69,383
1206.26,COMP,968850,18.40,17.28,1,49.39,6.06,299.30,100,71,385
1207.28,COMP,969654,18.40,17.28,1,49.11,7.22,354.57,100,73,385
1208.29,COMP,970458,18.30,17.28,1,49.30,6.37,314.04,100,71,383
1209.31,COMP,971262,18.20,17.28,1,49.39,5.96,294.36,100,71,381
1210.34,COMP,972066,18.30,17.28,1,49.80,5.69,283.36,100,69,383
1211.35,COMP,972869,18.40,17.28,1,49.09,7.30,358.36,100,73,385
1212.37,COMP,973673,18.40,17.28,1,49.29,6.73,331.72,100,72,385
1213.39,COMP,974477,18.40,17.28,1,48.97,8.22,402.53,100,74,385
1214.40,COMP,975281,18.40,17.28,1,49.51,5.05,250.03,100,71,385
1215.42,COMP,976085,18.20,17.29,1,48.79,7.14,348.36,100,73,381
1216.44,COMP,976889,18.30,17.29,1,49.08,7.78,381.84,100,73,383
1217.46,COMP,977693,18.30,17.29,1,49.34,6.98,344.39,100,71,383
1218.48,COMP,978496,18.30,17.29,1,48.83,7.91,386.25,100,74,383
1219.50,COMP,979301,18.30,17.29,1,49.32,6.38,314.66,100,72,383
1220.52,COMP,980104,18.40,17.29,1,48.83,6.42,313.49,100,73,385
1221.54,COMP,980908,18.40,17.29,1,49.34,4.52,223.02,100,69,385
1222.56,COMP,981913,18.40,17.29,1,49.13,7.74,380.27,100,74,385
1223.58,COMP,982716,18.20,17.29,1,49.32,4.98,245.61,100,70,381
1224.61,COMP,983520,18.30,17.29,1,49.08,7.45,365.65,100,73,383
1225.63,COMP,984324,18.30,17.29,1,48.94,6.88,336.71,100,72,383
1226.65,COMP,985128,18.40,17.29,1,48.34,10.52,508.54,100,76,385
1227.67,COMP,985932,18.40,17.30,1,48.74,8.33,406.00,100,74,385
1228.68,COMP,986736,18.30,17.30,1,48.72,9.53,464.30,100,75,383
1229.71,COMP,987540,18.40,17.30,1,48.92,8.62,421.69,100,73,385
1230.72,COMP,988344,18.40,17.30,1,49.43,5.18,256.05,100,70,385
1231.74,COMP,989149,18.30,17.30,1,49.71,5.28,262.47,100,71,383
1232.77,COMP,989953,18.40,17.30,1,49.36,8.72,430.42,100,75,385
1233.79,COMP,990756,18.30,17.30,1,49.08,6.14,301.35,100,72,383
1234.82,COMP,991560,18.30,17.31,1,48.90,7.13,348.66,100,74,383
1235.82,COMP,992364,18.30,17.31,1,49.04,6.97,341.81,100,72,383
1236.84,COMP,993168,18.30,17.31,1,49.22,6.36,313.04,100,72,383
1237.86,COMP,993972,18.30,17.31,1,49.25,6.11,300.92,100,72,383
1238.88,COMP,994776,18.30,17.31,1,49.18,6.12,300.98,100,72,383
1239.90,COMP,995580,18.40,17.31,1,49.46,4.84,239.39,100,70,385
1240.92,COMP,996384,18.30,17.31,1,48.99,6.26,306.68,100,73,383
1241.94,COMP,997189,18.40,17.31,1,49.36,5.00,246.80,100,69,385
1242.95,COMP,997992,18.40,17.32,1,49.55,6.16,305.23,100,72,385
1243.97,COMP,998997,18.20,17.31,1,49.44,5.09,251.65,100,71,381
1244.98,COMP,999801,18.30,17.31,1,49.60,4.93,244.53,100,69,383
1246.00,COMP,1000605,18.40,17.31,1,49.50,4.71,233.15,100,71,385
1247.02,COMP,1001409,18.40,17.32,1,49.22,6.55,322.39,100,72,385
1248.05,COMP,1002213,18.40,17.32,1,49.02,7.33,359.32,100,73,385
1249.06,COMP,1003017,18.30,17.32,1,49.06,6.69,328.21,100,73,383
1250.08,COMP,1003821,18.30,17.32,1,49.48,4.93,243.94,100,69,383
1251.11,COMP,1004626,18.30,17.32,1,49.53,4.35,215.46,100,70,383
1252.13,COMP,1005429,18.30,17.32,1,49.46,4.09,202.29,100,69,383
1253.16,COMP,1006233,18.30,17.32,1,49.73,3.57,177.54,100,68,383
1254.18,COMP,1007038,18.30,17.32,1,49.99,2.37,118.48,100,67,383
1255.21,COMP,1007842,18.40,17.33,1,49.60,3.13,155.25,100,69,385
1256.23,COMP,1008646,18.40,17.33,1,49.55,4.62,228.92,100,70,385
1257.25,COMP,1009450,18.40,17.33,1,49.36,5.97,294.68,100,71,385
1258.27,COMP,1010254,18.30,17.33,1,49.50,4.77,236.12,100,70,383
1259.29,COMP,1011058,18.30,17.33,1,49.25,6.44,317.17,100,72,383
1260.30,COMP,1011862,18.40,17.33,1,49.43,4.82,238.25,100,71,385
1261.33,COMP,1012666,18.20,17.33,1,49.92,2.18,108.83,100,66,381
1262.35,COMP,1013471,18.40,17.34,1,49.74,3.75,186.53,100,69,385
1263.36,COMP,1014274,18.30,17.34,1,49.60,3.65,181.04,100,68,383
1264.38,COMP,1015078,18.40,17.34,1,49.51,5.00,247.55,100,70,385
1265.42,COMP,1016084,18.30,17.33,1,49.83,4.65,231.71,100,69,383
1266.43,COMP,1016888,18.40,17.34,1,49.22,7.31,359.80,100,72,385
1267.46,COMP,1017692,18.40,17.34,1,49.43,6.19,305.97,100,70,385
1268.48,COMP,1018496,18.40,17.34,1,49.30,6.20,305.66,100,72,385
1269.49,COMP,1019300,18.30,17.34,1,49.46,4.45,220.10,100,71,383
1270.51,COMP,1020104,18.40,17.34,1,49.59,4.22,209.27,100,70,385
1271.53,COMP,1020908,18.40,17.34,1,49.46,5.35,264.61,100,70,385
1272.55,COMP,1021712,18.40,17.34,1,49.25,6.36,313.23,100,72,385
1273.58,COMP,1022516,18.40,17.35,1,49.27,6.95,342.43,100,72,385
1274.60,COMP,1023319,18.30,17.35,1,49.46,5.45,269.56,100,71,383
1275.61,COMP,1024123,18.30,17.35,1,49.69,3.44,170.93,100,68,383
1276.63,COMP,1024927,18.40,17.35,1,49.36,5.24,258.65,100,70,385
1277.64,COMP,1025731,18.50,17.35,1,49.69,4.09,203.23,100,69,388
1278.66,COMP,1026536,18.50,17.35,1,49.34,6.40,315.78,100,71,388
1279.68,COMP,1027345,18.50,17.35,1,49.96,2.60,129.90,100,67,388
1280.69,COMP,1028154,18.50,17.36,1,50.03,2.92,146.09,100,67,388
1281.71,COMP,1028962,18.40,17.36,1,49.96,2.47,123.40,100,68,385
1282.72,COMP,1029771,18.40,17.36,1,50.36,1.00,50.36,100,64,385
1283.74,COMP,1030580,18.50,17.36,1,49.80,3.61,179.78,100,69,388
1284.76,COMP,1031389,18.40,17.36,1,50.03,2.16,108.06,100,67,385
1285.78,COMP,1032197,18.40,17.36,1,50.20,1.97,98.89,100,66,385
1286.80,COMP,1033006,18.40,17.36,1,50.01,2.07,103.52,100,67,385
1287.81,COMP,1033814,18.40,17.36,1,49.50,4.98,246.51,100,71,385
1288.83,COMP,1034623,18.50,17.37,1,49.81,5.14,256.02,100,71,388
1289.84,COMP,1035431,18.30,17.37,1,49.57,5.01,248.35,100,71,383
1290.86,COMP,1036441,18.50,17.36,1,49.41,5.91,292.01,100,72,388
1291.88,COMP,1037251,18.40,17.36,1,49.57,5.08,251.82,100,70,385
1292.90,COMP,1038059,18.30,17.37,1,49.64,4.24,210.47,100,69,383
1293.92,COMP,1038868,18.50,17.37,1,49.41,5.48,270.77,100,71,388
1294.94,COMP,1039676,18.50,17.37,1,49.85,2.46,122.63,100,67,388
1295.97,COMP,1040485,18.50,17.37,1,49.96,3.27,163.37,100,68,388
1296.99,COMP,1041293,18.50,17.37,1,49.62,5.36,265.96,100,70,388
1298.00,COMP,1042101,18.40,17.37,1,49.87,3.26,162.58,100,68,385
1299.02,COMP,1042910,18.40,17.37,1,49.85,2.56,127.62,100,69,385
1300.04,COMP,1043719,18.40,17.37,1,50.29,0.64,32.19,100,65,385
1301.07,COMP,1044528,18.40,17.38,1,50.25,0.13,6.53,100,63,385
1302.09,COMP,1045336,18.40,17.38,1,50.17,1.84,92.31,100,66,385
1303.10,COMP,1046145,18.40,17.38,1,50.31,0.60,30.19,100,65,385
1304.13,COMP,1046954,18.50,17.38,1,49.99,3.50,174.97,100,69,388
1305.15,COMP,1047762,18.40,17.38,1,49.73,3.71,184.50,100,69,385
1306.15,COMP,1048570,18.40,17.38,1,49.62,4.84,240.16,100,70,385
1307.18,COMP,1049379,18.50,17.38,1,50.25,1.31,65.83,100,65,388
1308.20,COMP,1050188,18.40,17.39,1,50.27,0.79,39.71,100,65,385
1309.22,COMP,1050996,18.50,17.39,1,49.85,2.82,140.58,100,68,388
1310.24,COMP,1051805,18.50,17.39,1,50.15,2.69,134.90,100,66,388
1311.26,COMP,1052613,18.40,17.39,1,49.78,3.68,183.19,100,69,385
1312.29,COMP,1053623,18.30,17.39,1,50.06,2.07,103.62,100,66,383
1313.31,COMP,1054432,18.50,17.39,1,50.34,0.24,12.08,100,64,388
1314.33,COMP,1055241,18.50,17.39,1,50.18,3.33,167.10,100,68,388
1315.36,COMP,1056049,18.40,17.39,1,50.24,2.34,117.56,100,66,385
1316.39,COMP,1056857,18.50,17.39,1,49.30,6.27,309.11,100,72,388
1317.41,COMP,1057666,18.40,17.39,1,49.36,5.53,272.96,100,72,385
1318.43,COMP,1058474,18.40,17.39,1,49.76,4.55,226.41,100,68,385
1319.44,COMP,1059283,18.40,17.40,1,50.03,3.85,192.62,100,69,385
1320.46,COMP,1060091,18.50,17.40,1,50.13,1.88,94.24,100,66,388
1321.48,COMP,1060901,18.50,17.40,1,49.92,2.95,147.26,100,68,388
1322.50,COMP,1061709,18.40,17.40,1,49.62,4.95,245.62,100,69,385
1323.52,COMP,1062517,18.40,17.40,1,49.50,5.15,254.93,100,71,385
1324.53,COMP,1063326,18.40,17.40,1,49.29,6.01,296.23,100,72,385
1325.56,COMP,1064135,18.30,17.40,1,49.78,3.75,186.67,100,68,383
1326.59,COMP,1064944,18.40,17.41,1,50.27,1.24,62.33,100,64,385
1327.61,COMP,1065752,18.40,17.41,1,49.60,5.10,252.96,100,70,385
1328.63,COMP,1066561,18.50,17.41,1,49.36,6.02,297.15,100,72,388
1329.65,COMP,1067369,18.50,17.41,1,48.79,7.21,351.78,100,73,388
1330.67,COMP,1068178,18.40,17.41,1,49.41,5.15,254.46,100,72,385
1331.68,COMP,1068986,18.50,17.41,1,48.90,6.95,339.86,100,74,388
1332.70,COMP,1069997,18.50,17.41,1,49.50,5.25,259.88,100,71,388
1333.73,COMP,1070806,18.40,17.41,1,49.73,3.77,187.48,100,69,385
1334.75,COMP,1071615,18.40,17.41,1,49.30,6.01,296.29,100,73,385
1335.77,COMP,1072423,18.50,17.41,1,49.67,3.90,193.71,100,69,388
1336.77,COMP,1073232,18.40,17.42,1,49.69,3.32,164.97,100,68,385
1337.79,COMP,1074040,18.50,17.42,1,49.51,5.11,253.00,100,70,388
1338.81,COMP,1074849,18.50,17.42,1,49.46,3.37,166.68,100,68,388
1339.84,COMP,1075657,18.50,17.42,1,49.66,4.64,230.42,100,70,388
1340.86,COMP,1076466,18.50,17.42,1,49.53,4.91,243.19,100,70,388
1341.89,COMP,1077275,18.40,17.42,1,49.96,2.73,136.39,100,67,385
1342.90,COMP,1078083,18.40,17.42,1,50.03,2.12,106.06,100,68,385
1343.93,COMP,1078892,18.40,17.43,1,50.32,1.48,74.47,100,64,385
1344.95,COMP,1079701,18.40,17.43,1,49.96,2.67,133.39,100,67,385
1345.97,COMP,1080509,18.40,17.43,1,50.10,2.87,143.79,100,67,385
1346.98,COMP,1081318,18.40,17.43,1,49.78,3.08,153.32,100,69,385
1348.00,COMP,1082126,18.50,17.43,1,49.34,6.41,316.27,100,71,388
1349.02,COMP,1082935,18.50,17.43,1,49.78,3.07,152.82,100,70,388
1350.04,COMP,1083743,18.50,17.44,1,49.02,7.62,373.53,100,73,388
1351.07,COMP,1084552,18.40,17.44,1,49.41,6.12,302.39,100,71,385
1352.09,COMP,1085362,18.30,17.44,1,49.48,5.35,264.72,100,71,383
1353.10,COMP,1086170,18.50,17.44,1,48.64,9.53,463.54,100,75,388
1354.12,COMP,1087181,18.40,17.44,1,49.04,7.48,366.82,100,74,385
1355.14,COMP,1087989,18.40,17.44,1,49.43,5.57,275.33,100,71,385
1356.17,COMP,1088798,18.40,17.44,1,49.25,6.13,301.90,100,73,385
1357.19,COMP,1089607,18.50,17.44,1,49.43,8.22,406.31,100,74,388
1358.22,COMP,1090415,18.50,17.44,1,48.60,10.61,515.65,100,77,388
1359.23,COMP,1091224,18.50,17.44,1,48.72,9.17,446.76,100,76,388
1360.25,COMP,1092032,18.40,17.45,1,48.51,9.76,473.46,100,77,385
1361.27,COMP,1092841,18.40,17.45,1,48.44,10.98,531.87,100,78,385
1362.28,COMP,1093653,18.50,17.45,1,49.69,3.12,155.03,100,68,388
1363.30,COMP,1094461,18.50,17.45,1,49.01,7.49,367.08,100,74,388
1364.31,COMP,1095270,18.50,17.45,1,48.90,8.33,407.34,100,73,388
1365.33,COMP,1096079,18.60,17.45,1,48.44,11.19,542.04,100,78,390
1366.35,COMP,1096892,18.50,17.45,1,48.85,8.02,391.78,100,75,388
1367.38,COMP,1097704,18.40,17.46,1,48.99,5.85,286.59,100,73,385
1368.40,COMP,1098517,18.50,17.46,1,48.41,11.93,577.53,100,78,388
1369.42,COMP,1099330,18.30,17.46,1,49.64,3.12,154.88,100,69,383
1370.44,COMP,1100143,18.60,17.46,1,49.43,4.22,208.59,100,70,390
1371.45,COMP,1100955,18.60,17.46,1,49.08,6.77,332.27,100,73,390
1372.47,COMP,1101768,18.50,17.46,1,49.32,5.31,261.89,100,71,388
1373.49,COMP,1102580,18.50,17.46,1,49.36,4.58,226.07,100,70,388
1374.50,COMP,1103393,18.50,17.47,1,49.25,6.20,305.35,100,72,388
1375.52,COMP,1104205,18.50,17.47,1,48.85,6.88,336.09,100,73,388
1376.55,COMP,1105018,18.60,17.47,1,48.72,8.76,426.79,100,76,390
1377.58,COMP,1106033,18.50,17.47,1,48.69,8.97,436.75,100,75,388
1378.60,COMP,1106846,18.50,17.47,1,48.25,11.90,574.18,100,79,388
1379.63,COMP,1107659,18.50,17.47,1,48.42,10.94,529.71,100,78,388
1380.65,COMP,1108472,18.50,17.47,1,48.69,8.48,412.89,100,76,388
1381.67,COMP,1109286,18.50,17.47,1,48.14,7.93,381.75,100,76,388
1382.69,COMP,1110098,18.50,17.47,1,48.99,5.39,264.06,100,71,388
1383.72,COMP,1110911,18.40,17.47,1,48.94,7.09,346.98,100,74,385
1384.74,COMP,1111724,18.60,17.48,1,49.01,7.02,344.05,100,74,390
1385.76,COMP,1112537,18.60,17.48,1,49.62,4.81,238.67,100,71,390
1386.78,COMP,1113349,18.50,17.48,1,49.36,4.01,197.93,100,70,388
1387.80,COMP,1114162,18.60,17.48,1,48.81,8.09,394.87,100,75,390
1388.83,COMP,1114975,18.60,17.48,1,48.83,5.89,287.61,100,72,390
1389.85,COMP,1115787,18.60,17.48,1,48.72,8.63,420.45,100,75,390
1390.86,COMP,1116599,18.50,17.49,1,48.46,7.89,382.35,100,75,388
1391.89,COMP,1117412,18.60,17.49,1,49.04,6.37,312.38,100,73,390
1392.91,COMP,1118224,18.50,17.49,1,48.92,6.20,303.30,100,73,388
1393.93,COMP,1119037,18.60,17.49,1,48.79,8.18,399.10,100,74,390
1394.95,COMP,1119850,18.60,17.49,1,49.16,5.63,276.77,100,72,390
1395.95,COMP,1120662,18.60,17.49,1,48.86,6.87,335.67,100,73,390
1396.97,COMP,1121475,18.60,17.50,1,49.18,5.39,265.08,100,72,390
1398.00,COMP,1122491,18.60,17.49,1,50.27,0.15,7.54,100,64,390
1399.02,COMP,1123306,18.20,17.49,1,50.06,0.59,29.54,100,64,381
1400.05,COMP,1124120,18.50,17.49,1,50.13,0.13,6.52,100,64,388
1401.06,COMP,1124933,18.50,17.50,1,50.13,0.53,26.57,100,63,388
1402.09,COMP,1125746,18.50,17.50,1,49.85,2.16,107.68,100,68,388
1403.10,COMP,1126558,18.50,17.50,1,48.46,8.62,417.73,100,75,388
1404.12,COMP,1127372,18.50,17.50,1,49.15,5.86,288.02,100,73,388
1405.14,COMP,1128185,18.50,17.50,1,49.62,5.11,253.56,100,71,388
1406.16,COMP,1128997,18.40,17.50,1,48.94,7.41,362.65,100,74,385
1407.19,COMP,1129810,18.50,17.51,1,48.97,7.03,344.26,100,74,388
1408.19,COMP,1130622,18.40,17.51,1,49.39,4.57,225.71,100,70,385
1409.21,COMP,1131435,18.60,17.51,1,49.50,4.70,232.65,100,71,390
1410.23,COMP,1132248,18.50,17.51,1,49.74,1.93,96.00,100,67,388
1411.26,COMP,1133060,18.60,17.51,1,50.10,1.61,80.66,100,65,390
1412.28,COMP,1133874,18.50,17.51,1,49.46,5.02,248.29,100,70,388
1413.30,COMP,1134686,18.50,17.52,1,49.92,1.29,64.40,100,67,388
1414.32,COMP,1135499,18.60,17.52,1,49.50,3.64,180.18,100,71,390
1415.32,COMP,1136312,18.50,17.52,1,49.76,2.00,99.52,100,67,388
1416.35,COMP,1137124,18.50,17.52,1,49.71,3.16,157.08,100,69,388
1417.37,COMP,1137937,18.50,17.52,1,49.43,4.66,230.34,100,70,388
1418.39,COMP,1138750,18.50,17.52,1,49.11,5.62,276.00,100,72,388
1419.41,COMP,1139765,18.60,17.52,1,48.60,10.01,486.49,100,77,390
1420.43,COMP,1140581,18.50,17.52,1,50.01,0.56,28.01,100,65,388
1421.46,COMP,1141392,18.50,17.52,1,48.28,10.31,497.77,100,77,388
1422.48,COMP,1142204,18.50,17.53,1,48.02,11.54,554.15,100,79,388
1423.50,COMP,1143017,18.50,17.53,1,47.60,11.92,567.39,100,79,388
1424.53,COMP,1143829,18.50,17.53,1,48.41,10.81,523.31,100,78,388
1425.55,COMP,1144641,18.50,17.53,1,48.83,7.38,360.37,100,74,388
1426.57,COMP,1145454,18.50,17.53,1,48.99,6.66,326.27,100,73,388
1427.59,COMP,1146267,18.60,17.53,1,48.83,7.63,372.57,100,74,390
1428.62,COMP,1147080,18.40,17.54,1,49.04,5.94,291.30,100,72,385
1429.65,COMP,1147892,18.50,17.54,1,48.88,6.84,334.34,100,73,388
1430.66,COMP,1148705,18.60,17.54,1,49.29,5.31,261.73,100,71,390
1431.68,COMP,1149518,18.60,17.54,1,49.69,3.54,175.90,100,69,390
1432.70,COMP,1150330,18.50,17.54,1,49.29,5.13,252.86,100,72,388
1433.72,COMP,1151143,18.50,17.55,1,48.99,6.93,339.50,100,74,388
1434.74,COMP,1151955,18.60,17.55,1,48.76,7.97,388.62,100,74,390
1435.76,COMP,1152768,18.60,17.55,1,49.15,5.81,285.56,100,72,390
1436.78,COMP,1153580,18.50,17.55,1,49.69,2.69,133.67,100,68,388
1437.80,COMP,1154394,18.60,17.55,1,48.64,8.48,412.47,100,76,390
1438.82,COMP,1155415,18.70,17.55,1,49.13,6.23,306.08,100,73,392
1439.84,COMP,1156232,18.70,17.55,1,49.08,6.23,305.77,100,73,392
1440.86,COMP,1157049,18.60,17.55,1,49.13,5.51,270.71,100,72,390
1441.88,COMP,1157867,18.60,17.55,1,49.20,5.12,251.90,100,72,390
1442.90,COMP,1158684,18.60,17.55,1,49.11,5.08,249.48,100,73,390
1443.92,COMP,1159501,18.60,17.56,1,49.23,5.04,248.12,100,73,390
1444.94,COMP,1160318,18.50,17.56,1,49.34,4.37,215.62,100,70,388
1445.96,COMP,1161136,18.60,17.56,1,49.48,3.66,181.10,100,69,390
1446.98,COMP,1161952,18.60,17.56,1,49.50,4.39,217.30,100,70,390
1448.01,COMP,1162769,18.60,17.56,1,49.50,4.63,229.19,100,70,390
1449.04,COMP,1163586,18.70,17.57,1,49.13,5.76,282.99,100,72,392
1450.06,COMP,1164403,18.60,17.57,1,49.64,2.51,124.60,100,68,390
1451.08,COMP,1165220,18.70,17.57,1,49.11,6.13,301.04,100,73,392
1452.10,COMP,1166037,18.70,17.57,1,49.32,5.19,255.97,100,71,392
1453.12,COMP,1166854,18.60,17.57,0,50.08,0.00,0.00,0,0,390
1454.14,COMP,1167675,18.60,17.57,0,48.60,9.44,458.78,52,77,390
1455.16,COMP,1168494,18.80,17.58,0,48.44,10.08,488.28,56,78,394
1456.18,COMP,1169328,19.10,17.58,0,48.23,11.70,564.29,65,81,400
1457.20,COMP,1170180,19.70,17.58,0,48.16,12.05,580.33,65,83,413
1458.20,COMP,1171049,19.90,17.58,0,48.16,11.41,549.51,62,84,417
1459.23,COMP,1172152,20.00,17.57,0,48.74,8.99,438.17,50,82,419
1460.25,COMP,1173022,19.70,17.57,0,49.25,7.20,354.60,40,78,413
1461.26,COMP,1173887,19.70,17.57,0,48.60,7.80,379.08,43,79,413
1462.29,COMP,1174756,19.80,17.57,0,48.74,8.24,401.62,45,80,415
1463.31,COMP,1175624,19.80,17.57,0,48.76,7.63,372.04,43,79,415
1464.34,COMP,1176495,19.70,17.57,0,49.97,0.00,0.00,0,0,413
1465.36,COMP,1177365,19.30,17.57,0,49.36,3.95,194.97,15,72,404
1466.38,COMP,1178213,19.40,17.57,0,48.90,7.69,376.04,43,77,406
1467.39,COMP,1179063,19.40,17.57,0,48.97,6.50,318.30,33,75,406
1468.41,COMP,1179912,19.30,17.57,0,49.20,4.41,216.97,30,75,404
1469.41,COMP,1180757,19.20,17.57,0,48.76,7.00,341.32,36,76,402
1470.43,COMP,1181604,19.20,17.57,0,49.04,8.93,437.93,46,78,402
1471.45,COMP,1182457,19.60,17.57,0,48.35,9.21,445.30,52,80,411
1472.47,COMP,1183318,19.60,17.57,0,49.96,0.00,0.00,0,0,411
1473.49,COMP,1184162,19.00,17.57,0,50.01,0.00,0.00,0,0,398
1474.51,COMP,1185001,19.10,17.57,0,48.56,8.60,417.62,46,78,400
1475.53,COMP,1185842,19.20,17.58,0,48.58,8.74,424.59,46,78,402
1476.56,COMP,1186694,19.60,17.58,0,49.01,8.90,436.19,50,80,411
1477.58,COMP,1187556,19.80,17.58,0,48.48,9.60,465.41,52,81,415
1478.60,COMP,1188648,19.90,17.57,0,48.13,9.22,443.76,47,81,417
1479.61,COMP,1189525,19.60,17.57,0,49.11,5.82,285.82,33,77,411
1480.64,COMP,1190390,19.80,17.57,0,48.90,7.32,357.95,40,79,415
1481.68,COMP,1191259,19.90,17.57,0,49.96,0.00,0.00,0,0,417
1482.70,COMP,1192122,19.20,17.57,0,49.23,5.63,277.16,23,74,402
1483.72,COMP,1192975,19.60,17.57,0,48.81,8.32,406.10,45,79,411
1484.74,COMP,1193835,19.70,17.57,0,48.23,8.53,411.40,45,80,413
1485.76,COMP,1194702,19.90,17.57,0,48.60,7.68,373.25,43,80,417
1486.79,COMP,1195577,20.00,17.57,0,48.71,8.01,390.17,45,80,419
1487.80,COMP,1196458,20.20,17.57,0,48.71,7.74,377.02,42,80,423
1488.82,COMP,1197344,20.30,17.57,0,48.72,7.48,364.43,43,81,425
1489.85,COMP,1198234,20.40,17.57,0,48.78,7.95,387.80,44,81,427
1490.88,COMP,1199129,20.40,17.57,0,48.62,8.12,394.79,44,82,427
1491.90,COMP,1200031,20.40,17.57,0,48.13,9.44,454.35,55,85,427
1492.91,COMP,1200940,20.90,17.56,0,48.62,8.29,403.06,45,83,438
1493.92,COMP,1201855,20.90,17.56,0,48.53,8.88,430.95,50,85,438
1494.93,COMP,1202777,21.10,17.56,0,48.60,8.47,411.64,47,85,442
1495.94,COMP,1203705,21.10,17.56,0,48.67,8.26,402.01,45,85,442
1496.96,COMP,1204640,21.50,17.55,0,48.65,8.37,407.20,47,86,451
1497.97,COMP,1205581,21.50,17.55,0,48.51,8.96,434.65,50,87,451
1498.98,COMP,1206765,21.60,17.54,0,48.58,9.02,438.19,51,87,453
1500.00,COMP,1207718,21.60,17.53,0,48.58,8.74,424.59,47,87,453
1501.02,COMP,1208678,21.90,17.53,0,47.77,11.22,535.98,62,93,459
1502.03,COMP,1209649,22.20,17.53,0,48.41,9.78,473.45,52,90,465
1503.04,COMP,1210615,21.90,17.52,0,48.64,7.29,354.59,40,86,459
1504.05,COMP,1211578,22.00,17.52,0,48.99,8.44,413.48,47,88,461
1505.06,COMP,1212544,21.90,17.51,0,48.30,8.01,386.88,43,87,459
1506.07,COMP,1213512,22.20,17.51,0,48.55,8.64,419.47,46,88,465
1507.09,COMP,1214486,22.30,17.51,0,48.71,9.91,482.72,53,91,467
1508.10,COMP,1215469,22.50,17.50,0,48.51,8.98,435.62,51,90,471
1509.11,COMP,1216461,22.80,17.50,0,48.62,8.19,398.20,46,90,478
1510.14,COMP,1217452,22.50,17.49,0,49.85,0.00,0.00,0,0,471
1511.14,COMP,1218430,22.20,17.49,0,49.30,4.16,205.09,22,83,465
1512.16,COMP,1219397,22.00,17.48,0,49.32,5.01,247.09,24,83,461
1513.17,COMP,1220360,22.00,17.48,0,49.25,4.63,228.03,22,82,461
1514.19,COMP,1221323,21.90,17.47,0,48.85,6.86,335.11,36,86,459
1515.19,COMP,1222286,22.00,17.47,0,48.92,6.70,327.76,36,86,461
1516.20,COMP,1223250,22.00,17.46,0,48.32,7.97,385.11,42,87,461
1517.20,COMP,1224220,22.20,17.46,0,48.69,7.99,389.03,42,88,465
1518.21,COMP,1225196,22.50,17.45,0,48.62,7.96,387.02,44,89,471
1519.22,COMP,1226181,22.60,17.45,0,48.60,7.98,387.83,44,90,474
1520.25,COMP,1227172,22.50,17.44,0,47.93,8.62,413.16,46,90,471
1521.27,COMP,1228166,22.80,17.44,0,48.56,8.74,424.41,48,91,478
1522.28,COMP,1229164,22.80,17.43,0,48.56,8.60,417.62,46,91,478
1523.29,COMP,1230162,22.80,17.43,0,49.81,0.00,0.00,0,0,478
1524.30,COMP,1231140,22.20,17.42,0,49.90,0.00,0.00,0,0,465
1525.31,COMP,1232102,32.70,17.42,0,49.88,0.19,9.48,11,24,685
1526.32,COMP,1233048,21.50,17.41,0,49.09,4.51,221.40,27,82,451
1527.33,COMP,1233989,21.50,17.41,0,49.02,6.01,294.61,33,83,451
1528.34,COMP,1234927,21.30,17.41,0,48.94,6.33,309.79,36,83,446
1529.36,COMP,1235865,21.20,17.40,0,48.83,6.87,335.46,36,84,444
1530.38,COMP,1236805,21.50,17.40,0,48.72,7.36,358.58,42,85,451
1531.40,COMP,1237749,21.60,17.40,0,48.76,7.28,354.97,43,85,453
1532.40,COMP,1238696,21.60,17.39,0,48.60,7.70,374.22,42,86,453
1533.42,COMP,1239646,21.60,17.39,0,48.92,6.05,295.97,37,84,453
1534.43,COMP,1240599,21.80,17.39,0,48.69,8.03,390.98,44,87,457
1535.44,COMP,1241556,21.90,17.38,0,48.11,8.16,392.58,45,87,459
1536.45,COMP,1242516,21.90,17.38,0,48.56,9.19,446.27,50,88,459
1537.46,COMP,1243480,22.00,17.37,0,48.56,8.68,421.50,47,88,461
1538.47,COMP,1244449,22.20,17.37,0,48.02,9.19,441.30,51,89,465
1539.49,COMP,1245668,22.20,17.35,0,48.48,8.88,430.50,47,90,465
1540.52,COMP,1246652,22.50,17.35,0,48.74,9.74,474.73,52,91,471
1541.52,COMP,1247641,22.60,17.34,0,48.37,9.52,460.48,53,91,474
1542.54,COMP,1248636,22.80,17.34,0,48.30,9.11,440.01,51,92,478
1543.55,COMP,1249640,23.00,17.33,0,48.49,8.95,433.99,51,92,482
1544.56,COMP,1250650,23.00,17.32,0,49.76,0.00,0.00,0,0,482
1545.57,COMP,1251649,22.60,17.32,0,49.85,0.00,0.00,0,0,474
1546.58,COMP,1252630,22.00,17.31,0,49.88,0.00,0.00,0,0,461
1547.59,COMP,1253592,21.80,17.31,0,49.90,0.00,0.00,0,0,457
1548.60,COMP,1254538,21.60,17.30,0,49.92,0.00,0.00,0,0,453
1549.61,COMP,1255466,20.90,17.30,0,49.96,0.00,0.00,0,0,438
1550.63,COMP,1256374,20.50,17.30,0,49.94,0.00,0.00,0,0,430
1551.65,COMP,1257281,20.50,17.29,0,48.85,6.36,310.69,37,80,430
1552.66,COMP,1258188,20.70,17.29,0,49.34,5.90,291.11,33,80,434
1553.67,COMP,1259097,20.80,17.29,0,48.85,7.04,343.90,38,82,436
1554.69,COMP,1260011,20.90,17.29,0,48.71,7.42,361.43,42,83,438
1555.70,COMP,1260933,21.20,17.28,0,48.76,7.76,378.38,42,84,444
1556.71,COMP,1261861,21.20,17.28,0,49.88,0.00,0.00,0,0,444
1557.72,COMP,1262778,20.80,17.28,0,49.92,0.00,0.00,0,0,436
1558.73,COMP,1263691,20.70,17.27,0,49.15,5.76,283.10,32,80,434
1559.74,COMP,1264595,20.50,17.27,0,49.15,5.30,260.50,27,79,430
1560.77,COMP,1265502,20.80,17.27,0,48.83,6.73,328.63,35,81,436
1561.78,COMP,1266418,20.90,17.26,0,48.78,7.40,360.97,43,83,438
1562.79,COMP,1267341,21.10,17.26,0,48.79,6.63,323.48,35,82,442
1563.81,COMP,1268263,20.80,17.26,0,49.92,0.00,0.00,0,0,436
1564.82,COMP,1269170,20.50,17.26,0,49.96,0.00,0.00,0,0,430
1565.83,COMP,1270064,20.30,17.25,0,49.96,0.00,0.00,0,0,425
1566.85,COMP,1270944,19.90,17.25,0,50.03,0.00,0.00,0,0,417
1567.86,COMP,1271812,19.60,17.25,0,50.01,0.00,0.00,0,0,411
1568.88,COMP,1272665,19.30,17.25,0,50.03,0.00,0.00,0,0,404
1569.90,COMP,1273505,19.10,17.25,0,50.03,0.00,0.00,0,0,400
1570.93,COMP,1274555,19.00,17.24,0,49.39,3.19,157.55,16,70,398
1571.95,COMP,1275390,19.10,17.24,0,48.94,5.09,249.10,30,74,400
1572.98,COMP,1276245,18.90,17.24,0,49.62,1.97,97.75,17,70,396
1574.00,COMP,1277068,18.60,17.25,0,49.57,2.53,125.41,14,68,390
1575.02,COMP,1277883,18.50,17.25,0,50.03,0.02,1.00,4,5,388
1576.04,COMP,1278720,18.50,17.25,0,48.28,10.25,494.87,57,78,388
1577.06,COMP,1279542,18.80,17.25,1,49.85,0.03,1.50,100,65,394
1578.09,COMP,1280355,18.40,17.25,1,50.10,0.03,1.50,100,63,385
1579.11,COMP,1281157,18.20,17.25,1,49.32,5.42,267.31,100,69,381
1580.11,COMP,1281957,18.40,17.25,1,48.83,6.88,335.95,100,73,385
1581.14,COMP,1282761,18.30,17.26,1,49.02,4.68,229.41,100,70,383
1582.16,COMP,1283566,18.30,17.26,1,48.85,7.31,357.09,100,74,383
1583.18,COMP,1284370,18.30,17.26,1,49.53,3.15,156.02,100,68,383
1584.19,COMP,1285174,18.40,17.26,1,49.22,4.44,218.54,100,71,385
1585.21,COMP,1285978,18.40,17.27,1,48.60,8.54,415.04,100,75,385
1586.23,COMP,1286782,18.40,17.27,1,48.48,8.30,402.38,100,75,385
1587.26,COMP,1287586,18.30,17.27,1,48.35,9.31,450.14,100,75,383
1588.28,COMP,1288391,18.20,17.27,1,49.41,4.93,243.59,100,71,381
1589.30,COMP,1289195,18.40,17.27,1,48.78,7.81,380.97,100,74,385
1590.32,COMP,1290200,18.30,17.27,1,49.48,2.66,131.62,100,68,383
1591.35,COMP,1291004,18.30,17.27,1,49.16,3.87,190.25,100,69,383
1592.38,COMP,1291808,18.30,17.27,1,48.58,6.72,326.46,100,73,383
1593.39,COMP,1292612,18.30,17.28,1,48.60,6.91,335.83,100,74,383
1594.41,COMP,1293417,18.40,17.28,1,49.13,5.66,278.08,100,71,385
1595.43,COMP,1294220,18.30,17.28,1,48.76,5.60,273.06,100,71,383
1596.45,COMP,1295025,18.30,17.28,1,49.53,2.72,134.72,100,68,383
1597.47,COMP,1295829,18.30,17.28,1,49.32,3.90,192.35,100,69,383
1598.48,COMP,1296633,18.40,17.29,1,49.46,3.42,169.15,100,69,385
1599.50,COMP,1297437,18.40,17.29,1,49.62,2.86,141.91,100,67,385
1600.53,COMP,1298241,18.40,17.29,1,49.74,2.77,137.78,100,66,385
1601.53,COMP,1299045,18.30,17.29,1,49.29,3.58,176.46,100,69,383
1602.55,COMP,1299850,18.30,17.29,1,49.71,2.22,110.36,100,67,383
1603.57,COMP,1300654,18.50,17.30,1,49.43,4.95,244.68,100,70,388
1604.59,COMP,1301458,18.40,17.30,1,49.18,5.32,261.64,100,71,385
1605.61,COMP,1302262,18.40,17.30,1,49.29,4.78,235.61,100,70,385
1606.63,COMP,1303066,18.40,17.30,1,49.27,5.50,270.99,100,70,385
1607.64,COMP,1303870,18.30,17.31,1,49.20,4.97,244.52,100,71,383
1608.66,COMP,1304674,18.20,17.31,1,49.53,2.86,141.66,100,68,381
1609.68,COMP,1305478,18.30,17.31,1,49.43,3.57,176.47,100,69,383
1610.69,COMP,1306282,18.40,17.31,1,49.60,2.17,107.63,100,67,385
1611.70,COMP,1307086,18.40,17.32,1,49.02,6.36,311.77,100,72,385
1612.72,COMP,1307890,18.30,17.32,1,49.50,3.77,186.62,100,69,383
1613.74,COMP,1308694,18.30,17.32,1,49.13,4.91,241.23,100,71,383
1614.76,COMP,1309700,18.30,17.31,1,49.46,4.94,244.33,100,70,383
1615.78,COMP,1310504,18.30,17.32,1,49.55,2.24,110.99,100,67,383
1616.80,COMP,1311308,18.30,17.32,1,49.20,3.92,192.86,100,71,383
1617.83,COMP,1312112,18.20,17.32,1,49.60,3.03,150.29,100,67,381
1618.86,COMP,1312916,18.40,17.32,1,49.25,4.69,230.98,100,70,385
1619.87,COMP,1313720,18.30,17.33,1,49.32,4.37,215.53,100,69,383
1620.90,COMP,1314524,18.30,17.33,1,49.08,4.90,240.49,100,69,383
1621.93,COMP,1315329,18.30,17.33,1,49.06,4.83,236.96,100,71,383
1622.95,COMP,1316134,18.40,17.33,1,49.18,4.34,213.44,100,70,385
1623.97,COMP,1316938,18.40,17.34,1,49.48,3.08,152.40,100,68,385
1624.99,COMP,1317742,18.40,17.34,1,49.55,2.57,127.34,100,68,385
1626.01,COMP,1318546,18.30,17.34,1,49.01,6.10,298.96,100,71,383
1627.03,COMP,1319350,18.30,17.35,1,48.78,7.52,366.83,100,74,383
1628.05,COMP,1320154,18.30,17.35,1,49.27,4.68,230.58,100,70,383
1629.07,COMP,1320958,18.30,17.35,1,48.90,5.14,251.35,100,72,383
1630.09,COMP,1321763,18.50,17.35,1,49.27,4.46,219.74,100,70,388
1631.11,COMP,1322567,18.40,17.36,1,49.06,5.95,291.91,100,71,385
1632.11,COMP,1323371,18.30,17.36,1,49.46,3.76,185.97,100,69,383
1633.13,COMP,1324176,18.50,17.36,1,48.14,10.20,491.03,100,77,388
1634.15,COMP,1324985,18.40,17.36,1,48.60,7.80,379.08,100,75,385
1635.16,COMP,1325793,18.50,17.36,1,48.71,6.56,319.54,100,73,388
1636.18,COMP,1326602,18.40,17.37,1,49.11,5.16,253.41,100,71,385
1637.20,COMP,1327411,18.50,17.37,1,49.18,4.68,230.16,100,71,388
1638.21,COMP,1328421,18.40,17.36,1,49.15,4.27,209.87,100,71,385
1639.23,COMP,1329229,18.40,17.36,1,49.06,5.93,290.93,100,72,385
1640.24,COMP,1330038,18.40,17.37,1,49.48,2.62,129.64,100,68,385
1641.27,COMP,1330846,18.40,17.37,1,48.72,8.02,390.73,100,75,385
1642.30,COMP,1331655,18.50,17.37,1,49.16,5.26,258.58,100,70,388
1643.33,COMP,1332463,18.40,17.37,1,48.46,9.88,478.78,100,76,385
1644.35,COMP,1333271,18.40,17.38,1,48.18,8.98,432.66,100,75,385
1645.36,COMP,1334080,18.40,17.38,1,48.94,5.71,279.45,100,72,385
1646.39,COMP,1334889,18.40,17.38,1,49.01,5.45,267.10,100,72,385
1647.40,COMP,1335698,18.40,17.38,1,49.01,5.68,278.38,100,73,385
1648.42,COMP,1336506,18.50,17.39,1,48.04,11.19,537.57,100,79,388
1649.43,COMP,1337315,18.40,17.39,1,48.32,9.57,462.42,100,77,385
1650.46,COMP,1338124,18.50,17.39,1,48.69,7.47,363.71,100,74,388
1651.48,COMP,1338932,18.50,17.40,1,48.46,8.19,396.89,100,74,388
1652.49,COMP,1339742,18.50,17.40,1,48.23,9.98,481.34,100,78,388
1653.51,COMP,1340551,18.60,17.40,1,48.69,7.62,371.02,100,75,390
1654.52,COMP,1341359,18.40,17.40,1,49.55,1.94,96.13,100,67,385
1655.55,COMP,1342168,18.40,17.41,1,49.29,3.49,172.02,100,70,385
1656.57,COMP,1342977,18.40,17.41,1,49.96,0.26,12.99,100,64,385
1657.57,COMP,1343785,18.50,17.41,1,49.50,3.44,170.28,100,69,388
1658.59,COMP,1344594,18.40,17.41,1,48.86,6.61,322.96,100,73,385
1659.60,COMP,1345402,18.40,17.42,1,49.22,5.00,246.10,100,70,385
1660.62,COMP,1346211,18.40,17.42,1,49.51,2.95,146.05,100,68,385
1661.65,COMP,1347019,18.40,17.42,1,49.55,2.30,113.96,100,68,385
1662.68,COMP,1348030,18.40,17.41,1,48.94,5.42,265.25,100,73,385
1663.70,COMP,1348838,18.30,17.42,1,49.06,4.58,224.69,100,71,383
1664.72,COMP,1349647,18.50,17.42,1,49.22,3.67,180.64,100,70,388
1665.74,COMP,1350455,18.40,17.42,1,49.02,4.66,228.43,100,71,385
1666.76,COMP,1351264,18.50,17.42,1,49.18,4.64,228.20,100,71,388
1667.78,COMP,1352072,18.40,17.43,1,48.79,6.46,315.18,100,73,385
1668.80,COMP,1352881,18.40,17.43,1,49.16,4.62,227.12,100,70,385
1669.81,COMP,1353689,18.50,17.43,1,49.06,5.62,275.72,100,71,388
1670.83,COMP,1354497,18.40,17.44,1,48.83,4.58,223.64,100,72,385
1671.85,COMP,1355306,18.50,17.44,1,49.13,4.57,224.52,100,70,388
1672.86,COMP,1356115,18.60,17.44,1,49.20,4.26,209.59,100,70,390
1673.88,COMP,1356923,18.40,17.44,1,49.64,1.98,98.29,100,68,385
1674.89,COMP,1357732,18.50,17.45,1,49.90,1.79,89.32,100,63,388
1675.91,COMP,1358540,18.50,17.45,1,48.02,9.20,441.78,100,77,388
1676.93,COMP,1359349,18.50,17.45,1,48.88,6.91,337.76,100,73,388
1677.94,COMP,1360157,18.50,17.46,1,48.88,4.41,215.56,100,71,388
1678.97,COMP,1360967,18.50,17.46,1,48.55,8.97,435.49,100,76,388
1679.98,COMP,1361780,18.60,17.46,1,48.69,7.51,365.66,100,75,390
1681.01,COMP,1362593,18.60,17.46,1,49.34,4.36,215.12,100,70,390
1682.03,COMP,1363406,18.60,17.47,1,49.46,2.69,133.05,100,68,390
1683.04,COMP,1364219,18.50,17.47,1,49.09,5.76,282.76,100,71,388
1684.06,COMP,1365032,18.60,17.47,1,49.01,6.67,326.90,100,72,390
1685.07,COMP,1365844,18.60,17.48,1,49.01,5.44,266.61,100,72,390
1686.09,COMP,1366657,18.40,17.48,1,48.97,5.26,257.58,100,73,385
1687.11,COMP,1367673,18.50,17.47,1,49.04,3.99,195.67,100,69,388
1688.13,COMP,1368485,18.50,17.47,1,48.71,6.28,305.90,100,73,388
1689.14,COMP,1369298,18.60,17.48,1,49.15,5.39,264.92,100,71,390
1690.16,COMP,1370110,18.50,17.48,1,48.79,5.54,270.30,100,73,388
1691.19,COMP,1370923,18.50,17.48,1,49.08,4.82,236.57,100,71,388
1692.22,COMP,1371736,18.50,17.48,1,49.13,4.64,227.96,100,71,388
1693.22,COMP,1372548,18.60,17.49,1,49.50,2.80,138.60,100,68,390
1694.24,COMP,1373361,18.50,17.49,1,49.04,5.20,255.01,100,72,388
1695.27,COMP,1374174,18.60,17.49,1,49.18,5.65,277.87,100,73,390
1696.30,COMP,1374986,18.50,17.50,1,48.48,8.31,402.87,100,77,388
1697.32,COMP,1375799,18.60,17.50,1,48.67,7.59,369.41,100,75,390
1698.33,COMP,1376612,18.60,17.50,1,48.81,6.78,330.93,100,73,390
1699.35,COMP,1377424,18.50,17.51,1,48.42,7.78,376.71,100,74,388
1700.37,COMP,1378237,18.50,17.51,1,48.94,4.85,237.36,100,72,388
1701.39,COMP,1379050,18.40,17.51,1,49.22,4.13,203.28,100,70,385
1702.41,COMP,1379863,18.60,17.52,1,48.78,7.01,341.95,100,73,390
1703.44,COMP,1380675,18.60,17.52,1,48.78,5.70,278.05,100,72,390
1704.45,COMP,1381488,18.50,17.52,1,48.95,5.23,256.01,100,72,388
1705.47,COMP,1382300,18.60,17.53,1,48.48,7.32,354.87,100,74,390
1706.50,COMP,1383113,18.60,17.53,1,49.01,4.44,217.60,100,71,390
1707.51,COMP,1383926,18.50,17.53,1,48.74,6.62,322.66,100,74,388
1708.53,COMP,1384739,18.50,17.53,1,48.99,5.68,278.26,100,73,388
1709.55,COMP,1385754,18.50,17.53,1,48.51,8.00,388.08,100,75,388
1710.58,COMP,1386566,18.60,17.53,1,48.58,6.40,310.91,100,73,390
1711.61,COMP,1387380,18.50,17.53,1,48.72,7.53,366.86,100,75,388
1712.63,COMP,1388192,18.50,17.54,1,48.41,8.86,428.91,100,76,388
1713.63,COMP,1389005,18.50,17.54,1,48.85,5.56,271.61,100,73,388
1714.65,COMP,1389818,18.50,17.54,1,49.20,3.97,195.32,100,70,388
1715.67,COMP,1390633,18.60,17.55,1,49.16,3.46,170.09,100,71,390
1716.68,COMP,1391450,18.50,17.55,1,49.30,2.78,137.05,100,69,388
1717.70,COMP,1392267,18.60,17.55,1,49.41,2.88,142.30,100,69,390
1718.71,COMP,1393084,18.70,17.55,1,49.16,4.94,242.85,100,71,392
1719.73,COMP,1393901,18.60,17.56,1,49.39,3.38,166.94,100,69,390
1720.75,COMP,1394718,18.60,17.56,1,49.11,4.13,202.82,100,70,390
1721.77,COMP,1395536,18.60,17.56,1,49.09,4.64,227.78,100,70,390
1722.79,COMP,1396352,18.60,17.57,1,48.60,6.99,339.71,100,73,390
1723.79,COMP,1397170,18.60,17.57,1,48.56,8.76,425.39,100,77,390
1724.81,COMP,1397987,18.70,17.57,1,48.44,6.38,309.05,100,74,392
1725.83,COMP,1398804,18.60,17.58,1,48.06,7.09,340.75,100,75,390
1726.86,COMP,1399620,18.50,17.58,1,48.95,4.77,233.49,100,72,388
1727.86,COMP,1400437,18.60,17.58,1,49.13,5.20,255.48,100,71,390
1728.88,COMP,1401254,18.60,17.59,1,49.18,4.21,207.05,100,70,390
1729.90,COMP,1402071,18.60,17.59,1,49.25,3.93,193.55,100,70,390
1730.92,COMP,1402889,18.60,17.59,1,49.51,2.99,148.03,100,70,390
1731.93,COMP,1403705,18.70,17.60,1,48.30,6.79,327.96,100,74,392
1732.95,COMP,1404523,18.50,17.60,1,49.04,7.10,348.18,100,74,388
1733.97,COMP,1405340,18.70,17.60,1,48.07,9.24,444.17,100,76,392
1735.00,COMP,1406157,18.60,17.61,1,48.23,6.36,306.74,100,74,390
1736.01,COMP,1407178,18.70,17.60,1,49.16,4.35,213.85,100,71,392
1737.03,COMP,1407995,18.60,17.60,1,49.20,3.11,153.01,100,71,390
1738.05,COMP,1408811,18.60,17.60,1,49.43,2.96,146.31,100,69,390
1739.07,COMP,1409628,18.70,17.61,1,49.02,5.49,269.12,100,71,392
1740.09,COMP,1410445,18.70,17.61,1,49.34,3.92,193.41,100,69,392
1741.12,COMP,1411262,18.60,17.61,1,49.11,5.00,245.55,100,71,390
1742.13,COMP,1412080,18.60,17.62,1,48.81,6.06,295.79,100,74,390
1743.15,COMP,1412897,18.60,17.62,1,48.11,9.93,477.73,100,79,390
1744.16,COMP,1413714,18.60,17.62,1,48.64,6.36,309.35,100,73,390
1745.18,COMP,1414531,18.70,17.63,1,47.77,9.11,435.18,100,78,392
1746.20,COMP,1415349,18.50,17.63,1,48.97,7.18,351.60,100,75,388
1747.23,COMP,1416166,18.60,17.64,1,48.72,6.14,299.14,100,73,390
1748.24,COMP,1416983,18.70,17.64,1,48.97,4.99,244.36,100,72,392
1749.26,COMP,1417801,18.60,17.64,1,49.43,2.16,106.77,100,67,390
1750.28,COMP,1418618,18.70,17.65,1,49.20,4.30,211.56,100,70,392
1751.30,COMP,1419434,18.60,17.65,1,49.32,3.64,179.52,100,69,390
1752.31,COMP,1420251,18.70,17.65,1,48.97,5.32,260.52,100,72,392
1753.34,COMP,1421069,18.80,17.66,1,48.85,9.22,450.40,100,76,394
1754.37,COMP,1421890,18.70,17.66,1,48.92,5.31,259.77,100,73,392
1755.38,COMP,1422712,18.70,17.67,1,49.04,4.80,235.39,100,72,392
1756.40,COMP,1423533,18.80,17.67,1,48.99,5.58,273.36,100,73,394
1757.42,COMP,1424354,18.80,17.67,1,48.62,5.65,274.70,100,73,394
1758.43,COMP,1425176,18.70,17.68,1,49.34,3.51,173.18,100,70,392
1759.45,COMP,1426203,18.80,17.66,1,49.01,3.16,154.87,100,70,394
1760.47,COMP,1427025,18.80,17.67,1,49.53,3.58,177.32,100,70,394
1761.48,COMP,1427846,18.70,17.67,1,49.67,1.47,73.01,100,67,392
1762.50,COMP,1428668,18.70,17.68,1,49.59,1.58,78.35,100,67,392
1763.50,COMP,1429489,18.70,17.68,1,49.53,2.83,140.17,100,69,392
1764.54,COMP,1430311,18.80,17.68,1,49.74,1.34,66.65,100,67,394
1765.55,COMP,1431132,18.70,17.69,1,49.50,1.82,90.09,100,68,392
1766.58,COMP,1431954,18.80,17.69,1,48.72,6.89,335.68,100,75,394
1767.60,COMP,1432776,18.80,17.69,1,49.11,2.86,140.45,100,69,394
1768.62,COMP,1433597,18.70,17.70,1,48.92,5.58,272.97,100,74,392
1769.64,COMP,1434419,18.70,17.70,1,48.83,5.01,244.64,100,72,392
1770.66,COMP,1435240,18.70,17.71,1,48.56,6.79,329.72,100,76,392
1771.69,COMP,1436062,18.70,17.71,1,48.44,7.02,340.05,100,75,392
1772.70,COMP,1436884,18.70,17.71,1,49.06,4.59,225.19,100,72,392
1773.73,COMP,1437706,18.60,17.72,1,49.27,3.59,176.88,100,70,390
1774.74,COMP,1438527,18.70,17.72,1,49.29,3.24,159.70,100,70,392
1775.76,COMP,1439349,18.60,17.73,1,49.51,1.83,90.60,100,68,390
1776.78,COMP,1440171,18.70,17.73,1,49.57,1.29,63.95,100,67,392
1777.80,COMP,1440992,18.70,17.74,1,49.55,1.28,63.42,100,67,392
1778.81,COMP,1441814,18.70,17.74,1,49.67,1.43,71.03,100,67,392
1779.83,COMP,1442636,18.80,17.74,1,49.64,1.31,65.03,100,66,394
1780.84,COMP,1443457,18.70,17.75,1,49.64,1.73,85.88,100,68,392
1781.86,COMP,1444279,18.70,17.75,1,49.67,0.58,28.81,100,67,392
1782.88,COMP,1445101,18.70,17.76,1,49.78,0.41,20.41,100,64,392
1783.90,COMP,1445923,18.80,17.76,1,48.85,6.38,311.66,100,74,394
1784.91,COMP,1446955,18.80,17.75,1,48.94,6.24,305.39,100,74,394
1785.93,COMP,1447781,18.80,17.75,1,49.11,3.98,195.46,100,73,394
1786.95,COMP,1448607,18.70,17.75,1,49.01,2.90,142.13,100,71,392
1787.96,COMP,1449433,18.70,17.76,1,49.59,3.28,162.66,100,70,392
1788.99,COMP,1450258,18.70,17.76,1,49.78,0.88,43.81,100,67,392
1790.02,COMP,1451084,18.80,17.77,1,49.27,3.53,173.92,100,72,394
1791.05,COMP,1451910,18.80,17.77,1,49.60,1.77,87.79,100,68,394
1792.07,COMP,1452736,18.80,17.78,1,49.62,1.77,87.83,100,67,394
1793.09,COMP,1453562,18.70,17.78,1,49.59,3.10,153.73,100,68,392
1794.12,COMP,1454388,18.80,17.79,1,49.66,0.91,45.19,100,67,394
1795.13,COMP,1455214,18.90,17.79,1,49.13,4.89,240.25,100,72,396
1796.15,COMP,1456040,18.90,17.80,1,48.83,6.82,333.02,100,75,396
1797.17,COMP,1456866,18.80,17.80,1,49.32,2.69,132.67,100,70,394
1798.19,COMP,1457692,18.90,17.80,1,49.43,2.56,126.54,100,69,396
1799.21,COMP,1458518,18.80,17.81,1,48.78,6.78,330.73,100,75,394
1800.23,COMP,1459344,18.80,17.81,1,48.86,6.42,313.68,100,74,394
1801.26,COMP,1460170,18.80,17.82,1,49.13,4.49,220.59,100,72,394
1802.28,COMP,1460996,18.80,17.82,1,49.27,4.00,197.08,100,70,394
1803.30,COMP,1461822,18.80,17.83,1,48.72,6.14,299.14,100,74,394
1804.33,COMP,1462855,18.90,17.82,1,49.01,5.33,261.22,100,73,396
1805.33,COMP,1463680,18.80,17.82,1,48.72,6.25,304.50,100,74,394
1806.35,COMP,1464506,18.90,17.82,1,48.83,5.71,278.82,100,74,396
1807.36,COMP,1465332,18.80,17.83,1,48.74,6.08,296.34,100,73,394
1808.39,COMP,1466158,18.80,17.83,1,48.90,4.53,221.52,100,73,394
1809.41,COMP,1466984,18.90,17.84,1,48.32,8.96,432.95,100,78,396
1810.43,COMP,1467812,18.80,17.84,1,49.01,3.93,192.61,100,72,394
1811.44,COMP,1468643,18.90,17.85,1,49.27,5.05,248.81,100,74,396
1812.46,COMP,1469473,19.00,17.85,1,48.55,7.84,380.63,100,77,398
1813.48,COMP,1470303,18.90,17.86,1,49.32,2.73,134.64,100,70,396
1814.50,COMP,1471133,19.00,17.86,1,48.48,6.88,333.54,100,75,398
1815.52,COMP,1471964,18.90,17.87,1,48.94,5.17,253.02,100,73,396
1816.54,COMP,1472794,18.90,17.87,1,48.88,4.60,224.85,100,73,396
1817.55,COMP,1473625,18.90,17.87,1,48.62,7.16,348.12,100,76,396
1818.58,COMP,1474455,19.00,17.88,1,48.99,5.23,256.22,100,73,398
1819.60,COMP,1475286,18.90,17.88,1,49.22,4.24,208.69,100,72,396
1820.61,COMP,1476116,18.90,17.89,1,49.29,3.59,176.95,100,71,396
1821.63,COMP,1476946,18.90,17.89,1,49.32,2.89,142.53,100,70,396
1822.65,COMP,1477776,19.00,17.90,1,49.08,4.64,227.73,100,72,398
1823.66,COMP,1478606,18.90,17.90,1,49.01,3.30,161.73,100,72,396
1824.69,COMP,1479437,18.90,17.91,1,49.55,1.99,98.60,100,69,396
1825.71,COMP,1480267,18.90,17.92,1,48.88,6.51,318.21,100,74,396
1826.74,COMP,1481097,18.90,17.92,1,49.51,3.02,149.52,100,69,396
1827.76,COMP,1482135,18.80,17.91,1,49.04,7.45,365.35,100,76,394
1828.79,COMP,1482965,18.80,17.91,1,48.41,8.10,392.12,100,77,394
1829.83,COMP,1483796,18.80,17.92,1,48.74,6.58,320.71,100,75,394
1830.83,COMP,1484626,18.90,17.92,1,48.30,8.15,393.64,100,77,396
1831.85,COMP,1485458,18.80,17.93,1,49.04,6.79,332.98,100,75,394
1832.86,COMP,1486288,18.90,17.93,1,48.28,9.26,447.07,100,78,396
1833.89,COMP,1487118,18.90,17.94,1,48.07,9.24,444.17,100,79,396
1834.90,COMP,1487948,18.90,17.94,1,47.23,11.50,543.15,100,81,396
1835.91,COMP,1488782,18.90,17.95,1,48.60,4.03,195.86,100,73,396
1836.93,COMP,1489613,18.90,17.95,1,48.79,8.55,417.15,100,78,396
1837.96,COMP,1490443,18.90,17.96,1,48.06,11.94,573.84,100,81,396
1838.98,COMP,1491272,18.80,17.97,1,47.51,11.95,567.74,100,81,394
1839.98,COMP,1492101,18.90,17.97,1,47.10,11.85,558.14,100,81,396
1840.99,COMP,1492932,19.00,17.98,1,48.21,11.95,576.11,100,81,398
1842.01,COMP,1493766,19.00,17.98,1,47.58,12.21,580.95,100,82,398
1843.03,COMP,1494601,19.00,17.99,1,47.83,10.08,482.13,100,80,398
1844.05,COMP,1495436,18.90,17.99,1,47.74,11.64,555.69,100,82,396
1845.06,COMP,1496271,19.10,18.00,1,48.21,8.95,431.48,100,78,400
1846.06,COMP,1497106,19.00,18.00,1,48.20,9.47,456.45,100,78,398
1847.08,COMP,1497941,19.00,18.01,1,49.04,5.90,289.34,100,74,398
1848.10,COMP,1498775,19.00,18.01,1,48.60,6.67,324.16,100,76,398
1849.12,COMP,1499609,19.00,18.02,1,48.02,7.30,350.55,100,76,398
1850.15,COMP,1500444,18.90,18.03,1,48.60,5.22,253.69,100,75,396
1851.17,COMP,1501278,19.00,18.03,1,48.95,3.65,178.67,100,73,398
1852.20,COMP,1502113,19.10,18.04,1,48.85,5.23,255.49,100,73,400
1853.23,COMP,1503157,19.00,18.02,1,48.78,4.96,241.95,100,74,398
1854.25,COMP,1503991,19.00,18.03,1,48.83,4.93,240.73,100,74,398
1855.25,COMP,1504826,19.00,18.03,1,48.46,7.34,355.70,100,76,398
1856.26,COMP,1505661,19.00,18.04,1,48.88,5.37,262.49,100,74,398
1857.30,COMP,1506496,19.10,18.05,1,48.81,4.89,238.68,100,74,400
1858.33,COMP,1507330,19.00,18.05,1,48.16,8.17,393.47,100,77,398
1859.35,COMP,1508166,19.10,18.06,1,47.74,11.32,540.42,100,81,400
1860.37,COMP,1509006,19.10,18.07,1,48.11,9.09,437.32,100,79,400
1861.39,COMP,1509846,19.20,18.07,1,48.23,8.59,414.30,100,80,402
1862.41,COMP,1510687,19.00,18.08,1,48.92,6.32,309.17,100,75,398
1863.42,COMP,1511526,19.00,18.08,1,48.14,8.91,428.93,100,78,398
1864.42,COMP,1512366,19.00,18.09,1,48.60,5.71,277.51,100,75,398
1865.44,COMP,1513205,19.00,18.10,1,48.16,6.53,314.48,100,77,398
1866.46,COMP,1514045,19.00,18.10,1,48.69,5.47,266.33,100,75,398
1867.48,COMP,1514885,19.10,18.11,1,48.78,5.66,276.09,100,74,400
1868.51,COMP,1515724,19.00,18.11,1,48.30,7.40,357.42,100,77,398
1869.53,COMP,1516564,19.10,18.12,1,48.27,8.36,403.54,100,78,400
1870.53,COMP,1517404,19.20,18.13,1,48.14,9.33,449.15,100,79,402
1871.56,COMP,1518244,19.10,18.13,1,47.99,10.67,512.05,100,80,400
1872.56,COMP,1519084,19.20,18.14,1,48.32,8.73,421.83,100,79,402
1873.58,COMP,1519923,19.10,18.15,1,48.37,7.16,346.33,100,77,400
1874.60,COMP,1520764,19.20,18.15,1,48.13,9.52,458.20,100,79,402
1875.62,COMP,1521607,19.10,18.16,1,49.50,0.79,39.10,100,68,400
1876.65,COMP,1522453,19.30,18.17,1,49.55,0.46,22.79,100,68,404
1877.67,COMP,1523302,19.30,18.17,1,49.71,-0.03,-1.49,100,67,404
1878.69,COMP,1524365,19.20,18.15,1,49.64,0.59,29.29,100,68,402
1879.71,COMP,1525208,19.30,18.16,1,48.76,3.03,147.74,100,73,404
1880.73,COMP,1526052,19.20,18.17,1,47.93,9.67,463.48,100,80,402
1881.72,COMP,1526896,19.30,18.17,1,47.88,10.26,491.25,100,81,404
1882.75,COMP,1527740,19.20,18.18,1,48.67,6.61,321.71,100,76,402
1883.77,COMP,1528584,19.20,18.18,1,48.42,8.24,398.98,100,78,402
1884.79,COMP,1529428,19.20,18.19,1,48.07,7.28,349.95,100,78,402
1885.82,COMP,1530271,19.20,18.20,1,48.79,5.03,245.41,100,74,402
1886.84,COMP,1531115,19.20,18.21,1,49.16,2.81,138.14,100,72,402
1887.87,COMP,1531959,19.10,18.22,1,49.30,2.38,117.33,100,70,400
1888.89,COMP,1532802,19.20,18.22,1,48.90,3.01,147.19,100,73,402
1889.91,COMP,1533646,19.20,18.23,1,48.99,3.32,162.65,100,73,402
1890.93,COMP,1534489,19.20,18.24,1,49.06,3.16,155.03,100,72,402
1891.96,COMP,1535334,19.20,18.25,1,49.20,2.76,135.79,100,71,402
1892.98,COMP,1536179,19.40,18.26,1,48.27,9.76,471.12,100,79,406
1894.00,COMP,1537027,19.30,18.26,1,49.20,2.70,132.84,100,72,404
1895.02,COMP,1537874,19.30,18.27,1,48.90,4.76,232.76,100,74,404
1896.04,COMP,1538722,19.20,18.28,1,48.97,5.36,262.48,100,75,402
1897.05,COMP,1539569,19.30,18.29,1,47.79,10.59,506.10,100,82,404
1898.07,COMP,1540417,19.30,18.29,1,47.72,10.62,506.79,100,83,404
1899.07,COMP,1541266,19.40,18.30,1,47.30,11.60,548.68,100,82,406
1900.10,COMP,1542113,19.20,18.31,1,48.00,9.76,468.48,100,80,402
1901.13,COMP,1543174,19.30,18.29,1,48.28,7.86,379.48,100,78,404
1902.17,COMP,1544022,19.30,18.30,1,48.21,7.41,357.24,100,77,404
1903.16,COMP,1544871,19.30,18.30,1,48.06,6.90,331.61,100,76,404
1904.19,COMP,1545718,19.40,18.31,1,48.85,4.69,229.11,100,74,406
1905.21,COMP,1546566,19.30,18.32,1,48.71,6.84,333.18,100,77,404
1906.23,COMP,1547414,19.20,18.33,1,48.99,2.96,145.01,100,73,402
1907.24,COMP,1548262,19.30,18.34,1,48.56,5.54,269.02,100,76,404
1908.27,COMP,1549110,19.40,18.35,1,47.25,11.95,564.64,100,83,406
1909.29,COMP,1549963,19.30,18.36,1,48.64,5.66,275.30,100,75,404
1910.30,COMP,1550815,19.30,18.36,1,48.23,7.14,344.36,100,77,404
1911.33,COMP,1551668,19.30,18.37,1,48.79,5.15,251.27,100,75,404
1912.33,COMP,1552521,19.30,18.38,1,49.22,2.42,119.11,100,71,404
1913.34,COMP,1553374,19.40,18.39,1,48.07,6.16,296.11,100,78,406
1914.36,COMP,1554226,19.40,18.40,1,48.49,7.22,350.10,100,76,406
1915.38,COMP,1555079,19.40,18.41,1,48.85,4.52,220.80,100,75,406
1916.39,COMP,1555931,19.40,18.41,1,48.85,4.40,214.94,100,74,406
1917.40,COMP,1556784,19.40,18.42,1,48.69,5.13,249.78,100,75,406
1918.40,COMP,1557637,19.30,18.43,1,48.62,4.47,217.33,100,76,404
1919.42,COMP,1558490,19.40,18.44,1,47.99,7.24,347.45,100,79,406
1920.43,COMP,1559342,19.40,18.45,1,48.27,8.78,423.81,100,79,406
1921.46,COMP,1560194,19.30,18.46,1,48.64,6.15,299.14,100,76,404
1922.48,COMP,1561047,19.40,18.47,1,48.81,4.57,223.06,100,74,406
1923.51,COMP,1561900,19.30,18.48,1,48.81,5.17,252.35,100,75,404
1924.51,COMP,1562757,19.40,18.49,1,48.56,5.35,259.80,100,77,406
1925.54,COMP,1563613,19.40,18.50,1,47.93,8.77,420.35,100,80,406
1926.55,COMP,1564470,19.60,18.51,1,48.35,6.19,299.29,100,76,411
1927.56,COMP,1565328,19.40,18.52,1,49.15,1.86,91.42,100,71,406
1928.58,COMP,1566184,19.40,18.53,1,49.04,3.23,158.40,100,74,406
1929.60,COMP,1567260,19.40,18.50,0,49.53,0.00,0.00,0,0,406
1930.62,COMP,1568100,19.00,18.51,0,49.55,0.00,0.00,0,0,398
1931.63,COMP,1568936,19.00,18.52,0,47.69,11.03,526.02,61,81,398
1932.66,COMP,1569781,19.30,18.54,0,47.70,11.01,525.18,60,82,404
1933.69,COMP,1570639,19.30,18.55,0,47.51,9.97,473.67,54,81,404
1934.70,COMP,1571478,18.80,18.57,0,49.55,0.00,0.00,0,0,394
1935.73,COMP,1572294,18.40,18.59,0,49.55,0.00,0.00,0,0,385
1936.75,COMP,1573090,18.10,18.61,0,49.60,0.00,0.00,0,0,379
1937.75,COMP,1573868,17.50,18.64,0,49.62,0.00,0.00,0,0,367
1938.77,COMP,1574624,17.00,18.67,0,49.60,0.00,0.00,0,0,356
1939.79,COMP,1575356,16.40,18.71,0,49.62,0.00,0.00,0,0,344
1940.80,COMP,1576068,16.00,18.75,0,49.62,0.00,0.00,0,0,335
1941.83,COMP,1576760,15.30,18.80,0,49.62,0.00,0.00,0,0,320
1942.85,COMP,1577435,15.20,18.85,0,49.64,0.00,0.00,0,0,318
1943.87,COMP,1578090,14.80,18.92,0,49.69,0.00,0.00,0,0,310
1944.90,COMP,1578725,14.30,18.98,0,49.67,0.00,0.00,0,0,299
1945.91,COMP,1579335,13.70,19.05,0,49.69,0.00,0.00,0,0,287
1946.93,COMP,1579919,13.00,19.13,0,49.69,0.00,0.00,0,0,272
1947.97,COMP,1580607,12.00,19.19,0,49.69,0.00,0.00,0,0,251
1948.97,COMP,1581131,11.70,19.28,0,49.71,0.00,0.00,0,0,245
1949.97,COMP,1581635,11.30,19.38,0,49.73,0.00,0.00,0,0,237
1950.97,COMP,1582166,11.10,19.48,0,48.97,4.05,198.33,24,45,232
1951.98,COMP,1582656,11.10,19.59,0,48.71,5.11,248.91,31,47,232
1952.98,COMP,1583159,11.70,19.69,0,48.13,8.07,388.41,44,52,245
1953.98,COMP,1583679,11.90,19.80,0,49.64,0.00,0.00,0,0,249
1955.02,COMP,1584188,11.40,19.91,0,49.69,0.00,0.00,0,0,239
1956.02,COMP,1584683,11.20,20.03,0,49.71,0.00,0.00,0,0,234
1957.05,COMP,1585207,11.20,20.15,0,48.92,3.82,186.87,20,45,234
1958.06,COMP,1585697,11.20,20.27,0,48.67,4.19,203.93,23,45,234
1959.06,COMP,1586189,11.10,20.40,0,49.69,0.00,0.00,0,0,232
1960.07,COMP,1586669,10.80,20.53,0,49.71,0.00,0.00,0,0,226
1961.07,COMP,1587135,10.50,20.67,0,49.73,0.00,0.00,0,0,220
1962.10,COMP,1587587,10.20,20.82,0,49.71,0.00,0.00,0,0,213
1963.10,COMP,1588025,9.80,20.98,0,49.73,0.00,0.00,0,0,205
1964.10,COMP,1588448,9.60,21.14,0,49.73,0.00,0.00,0,0,201
1965.10,COMP,1588858,9.20,21.31,0,49.74,0.00,0.00,0,0,192
1966.11,COMP,1589255,9.00,21.49,0,49.74,0.00,0.00,0,0,188
1967.11,COMP,1589640,8.70,21.67,0,49.76,0.00,0.00,0,0,182
1968.13,COMP,1590013,8.40,21.87,0,49.76,0.00,0.00,0,0,176
1969.13,COMP,1590373,8.10,22.08,0,49.74,0.00,0.00,0,0,169
1970.13,COMP,1590721,7.80,22.29,0,49.76,0.00,0.00,0,0,163
1971.14,COMP,1591056,7.50,22.52,0,49.73,0.00,0.00,0,0,157
1972.15,COMP,1591379,7.30,22.75,0,49.78,0.00,0.00,0,0,153
1973.15,COMP,1591691,7.00,23.00,0,49.76,0.00,0.00,0,0,146
1974.16,COMP,1591990,6.70,23.25,0,49.81,0.00,0.00,0,0,140
1975.16,COMP,1592275,6.40,23.52,0,49.74,0.00,0.00,0,0,134
1976.18,COMP,1592546,6.10,23.81,0,49.78,0.00,0.00,0,0,127
1977.21,COMP,1592806,5.80,24.12,0,49.78,0.00,0.00,0,0,121
1978.22,COMP,1593054,5.50,24.43,0,49.81,0.00,0.00,0,0,115
1979.23,COMP,1593287,5.20,24.76,0,49.80,0.00,0.00,0,0,109
1980.24,COMP,1593509,4.90,25.10,0,49.81,0.00,0.00,0,0,102
