Time,State,Ticks,Speed,Target,SmartCruise,Volts,Amps,PowerInst,Throttle,Duty,RPM
1.01,COMP,79,3.20,16.88,1,45.68,11.94,545.42,100,23,67
2.01,COMP,284,3.50,16.88,1,48.55,12.27,595.71,100,28,73
3.01,COMP,449,4.40,16.89,1,46.72,11.81,551.76,100,33,92
4.01,COMP,683,6.10,16.90,1,46.44,11.97,555.89,100,38,127
5.02,COMP,985,7.50,16.90,1,47.19,11.87,560.15,100,43,157
6.02,COMP,1346,8.80,16.91,1,46.95,11.98,562.46,100,47,184
7.03,COMP,1760,10.00,16.91,1,47.46,11.79,559.55,100,51,209
8.04,COMP,2220,10.90,16.91,1,47.28,11.85,560.27,100,54,228
9.06,COMP,2724,12.00,16.92,1,47.35,11.94,565.36,100,57,251
10.07,COMP,3268,12.90,16.92,1,47.62,11.97,570.01,100,60,270
11.08,COMP,3849,13.60,16.92,1,47.16,12.18,574.41,100,63,285
12.11,COMP,4466,14.50,16.93,1,47.32,11.87,561.69,100,66,304
13.13,COMP,5116,15.20,16.93,1,47.65,11.76,560.36,100,68,318
14.15,COMP,5797,15.70,16.93,1,47.88,11.91,570.25,100,70,329
15.17,COMP,6506,16.60,16.93,1,47.77,11.86,566.55,100,73,348
16.18,COMP,7242,17.00,16.93,1,48.06,12.33,592.58,100,75,356
17.20,COMP,8002,17.50,16.93,1,47.44,12.29,583.04,100,76,367
18.23,COMP,8785,18.00,16.93,1,49.02,4.21,206.37,100,68,377
19.25,COMP,9569,17.90,16.93,1,48.99,4.41,216.05,100,69,375
20.26,COMP,10354,17.90,16.93,1,48.97,7.49,366.79,100,73,375
21.29,COMP,11139,18.00,16.93,1,49.11,4.27,209.70,100,68,377
22.31,COMP,11923,17.90,16.94,1,48.94,4.66,228.06,100,69,375
23.33,COMP,12708,17.90,16.94,1,48.58,7.05,342.49,100,72,375
24.35,COMP,13493,17.90,16.94,1,49.30,3.30,162.69,100,67,375
25.36,COMP,14278,17.90,16.94,1,49.13,3.69,181.29,100,67,375
26.38,COMP,15063,18.00,16.94,1,48.99,4.45,218.01,100,69,377
27.39,COMP,15848,17.90,16.94,1,48.92,5.34,261.23,100,70,375
28.41,COMP,16632,18.00,16.94,1,48.72,6.38,310.83,100,71,377
29.43,COMP,17613,18.00,16.94,1,48.97,4.52,221.34,100,69,377
30.45,COMP,18399,17.90,16.94,1,48.56,6.94,337.01,100,72,375
31.47,COMP,19184,17.90,16.94,1,49.22,2.64,129.94,100,67,375
32.51,COMP,19968,17.90,16.94,1,48.83,5.17,252.45,100,70,375
33.52,COMP,20753,18.00,16.94,1,48.64,6.80,330.75,100,72,377
34.54,COMP,21538,17.90,16.94,1,48.14,9.10,438.07,100,75,375
35.56,COMP,22323,17.90,16.94,1,48.58,5.68,275.93,100,70,375
36.58,COMP,23108,18.00,16.94,1,48.55,7.09,344.22,100,72,377
37.59,COMP,23893,18.00,16.94,1,47.92,6.16,295.19,100,72,377
38.61,COMP,24677,17.80,16.94,1,49.22,3.56,175.22,100,67,373
39.63,COMP,25462,17.90,16.94,1,49.08,6.06,297.42,100,71,375
40.64,COMP,26247,18.00,16.94,1,48.69,6.17,300.42,100,71,377
41.67,COMP,27032,18.00,16.94,1,48.79,5.02,244.93,100,70,377
42.70,COMP,27816,17.90,16.94,1,48.78,4.85,236.58,100,69,375
43.72,COMP,28601,17.90,16.94,1,49.18,3.40,167.21,100,67,375
44.74,COMP,29386,17.90,16.94,1,48.34,7.86,379.95,100,72,375
45.75,COMP,30171,18.00,16.95,1,48.62,5.99,291.23,100,71,377
46.77,COMP,30955,18.00,16.95,1,48.71,4.94,240.63,100,70,377
47.79,COMP,31740,17.90,16.95,1,48.74,4.53,220.79,100,71,375
48.81,COMP,32721,18.00,16.94,1,48.85,4.94,241.32,100,70,377
49.83,COMP,33506,17.90,16.95,1,49.02,3.27,160.30,100,68,375
50.84,COMP,34290,17.90,16.95,1,48.62,4.81,233.86,100,69,375
51.88,COMP,35075,17.90,16.95,1,48.71,5.38,262.06,100,71,375
52.88,COMP,35860,17.90,16.95,1,48.86,4.42,215.96,100,69,375
53.90,COMP,36644,17.90,16.95,1,48.48,7.43,360.21,100,73,375
54.92,COMP,37429,17.90,16.95,1,48.55,6.47,314.12,100,72,375
55.93,COMP,38213,18.00,16.95,1,48.74,4.58,223.23,100,69,377
56.95,COMP,38998,17.90,16.95,1,48.85,3.29,160.72,100,69,375
57.97,COMP,39783,18.00,16.95,1,48.56,6.18,300.10,100,71,377
58.98,COMP,40568,18.00,16.95,1,48.44,7.50,363.30,100,72,377
60.00,COMP,41355,18.00,16.95,1,49.20,2.94,144.65,100,68,377
61.02,COMP,42145,18.10,16.95,1,48.37,5.96,288.29,100,72,379
62.04,COMP,42935,18.00,16.95,1,48.76,5.36,261.35,100,70,377
63.06,COMP,43725,18.00,16.95,1,49.16,5.66,278.25,100,71,377
64.08,COMP,44514,18.30,16.95,1,48.42,6.89,333.61,100,71,383
65.09,COMP,45304,18.10,16.95,1,48.85,4.57,223.24,100,69,379
66.11,COMP,46094,18.00,16.95,1,49.32,3.53,174.10,100,68,377
67.13,COMP,46883,17.90,16.95,1,49.01,4.51,221.04,100,69,375
68.15,COMP,47672,18.00,16.95,1,48.58,5.41,262.82,100,71,377
69.16,COMP,48462,18.00,16.95,1,48.83,4.64,226.57,100,70,377
70.18,COMP,49251,18.20,16.96,1,48.55,6.11,296.64,100,72,381
71.20,COMP,50041,18.10,16.96,1,49.32,3.84,189.39,100,68,379
72.22,COMP,51027,18.00,16.95,1,48.67,4.54,220.96,100,71,377
73.24,COMP,51817,18.00,16.95,1,48.90,3.83,187.29,100,69,377
74.27,COMP,52607,18.00,16.96,1,48.90,6.91,337.90,100,73,377
75.29,COMP,53397,18.10,16.96,1,49.06,2.38,116.76,100,66,379
76.30,COMP,54186,18.10,16.96,1,49.01,3.65,178.89,100,69,379
77.32,COMP,54975,18.20,16.96,1,48.42,7.26,351.53,100,73,381
78.34,COMP,55764,18.10,16.96,1,48.76,4.07,198.45,100,69,379
79.35,COMP,56554,18.00,16.96,1,48.67,5.49,267.20,100,70,377
80.37,COMP,57344,18.00,16.96,1,48.62,6.21,301.93,100,72,377
81.39,COMP,58133,18.10,16.96,1,48.62,6.03,293.18,100,71,379
82.41,COMP,58923,18.00,16.96,1,48.58,5.12,248.73,100,71,377
83.43,COMP,59712,18.00,16.96,1,48.51,6.59,319.68,100,72,377
84.45,COMP,60502,18.10,16.96,1,48.92,3.44,168.28,100,68,379
85.47,COMP,61291,18.00,16.96,1,48.92,3.69,180.51,100,69,377
86.49,COMP,62081,18.00,16.96,1,49.04,2.92,143.20,100,68,377
87.51,COMP,62871,18.00,16.96,1,49.02,3.74,183.33,100,68,377
88.52,COMP,63660,18.10,16.96,1,48.86,4.66,227.69,100,69,379
89.54,COMP,64450,18.10,16.96,1,48.28,4.89,236.09,100,71,379
90.56,COMP,65239,18.10,16.96,1,49.15,3.01,147.94,100,67,379
91.58,COMP,66029,18.10,16.96,1,48.42,7.28,352.50,100,72,379
92.60,COMP,66819,18.00,16.96,1,49.16,3.00,147.48,100,68,377
93.62,COMP,67806,18.10,16.96,1,48.94,4.08,199.68,100,69,379
94.64,COMP,68595,18.00,16.96,1,48.41,6.95,336.45,100,73,377
95.66,COMP,69385,17.90,16.96,1,49.43,1.53,75.63,100,64,375
96.68,COMP,70174,18.10,16.96,1,48.76,4.17,203.33,100,69,379
97.70,COMP,70964,18.10,16.96,1,48.85,5.26,256.95,100,70,379
98.72,COMP,71753,18.10,16.96,1,48.78,4.29,209.27,100,70,379
99.73,COMP,72543,18.10,16.97,1,48.69,4.14,201.58,100,70,379
100.75,COMP,73332,18.00,16.97,1,48.69,5.73,278.99,100,70,377
101.77,COMP,74122,17.90,16.97,1,49.20,2.75,135.30,100,67,375
102.79,COMP,74912,17.90,16.97,1,48.74,4.33,211.04,100,69,375
103.81,COMP,75702,18.10,16.97,1,48.90,3.96,193.64,100,70,379
104.84,COMP,76492,18.00,16.97,1,48.32,5.84,282.19,100,70,377
105.85,COMP,77282,17.90,16.97,1,49.27,4.21,207.43,100,69,375
106.87,COMP,78071,18.10,16.97,1,48.90,3.40,166.26,100,68,379
107.89,COMP,78861,18.00,16.97,1,49.22,2.85,140.28,100,67,377
108.90,COMP,79651,18.00,16.97,1,49.02,4.32,211.77,100,69,377
109.92,COMP,80441,18.10,16.97,1,48.60,3.70,179.82,100,70,379
110.94,COMP,81231,18.10,16.97,1,49.44,1.50,74.16,100,63,379
111.96,COMP,82020,18.10,16.97,1,49.20,3.49,171.71,100,67,379
112.98,COMP,82810,18.00,16.97,1,49.25,2.36,116.23,100,66,377
114.00,COMP,83798,18.10,16.97,1,49.53,1.19,58.94,100,64,379
115.02,COMP,84587,18.00,16.97,1,49.22,1.56,76.78,100,66,377
116.04,COMP,85377,18.00,16.97,1,49.43,0.90,44.49,100,63,377
117.07,COMP,86167,18.10,16.97,1,48.88,4.80,234.62,100,69,379
118.08,COMP,86957,18.10,16.97,1,49.06,3.41,167.29,100,68,379
119.10,COMP,87747,17.90,16.97,1,49.27,3.08,151.75,100,67,375
120.13,COMP,88537,18.00,16.97,1,48.78,4.97,242.44,100,70,377
121.15,COMP,89328,18.00,16.97,1,48.88,4.06,198.45,100,69,377
122.18,COMP,90117,18.00,16.97,1,47.67,8.89,423.79,100,75,377
123.20,COMP,90908,18.10,16.98,1,48.65,6.05,294.33,100,70,379
124.21,COMP,91698,18.10,16.98,1,48.27,6.34,306.03,100,71,379
125.23,COMP,92488,18.00,16.98,1,47.63,8.06,383.90,100,73,377
126.26,COMP,93278,18.10,16.98,1,48.62,5.02,244.07,100,70,379
127.28,COMP,94068,18.10,16.98,1,48.88,4.21,205.78,100,69,379
128.30,COMP,94858,18.10,16.98,1,48.64,4.94,240.28,100,70,379
129.32,COMP,95647,18.00,16.98,1,48.09,7.26,349.13,100,73,377
130.34,COMP,96437,17.90,16.98,1,48.60,5.26,255.64,100,70,375
131.37,COMP,97227,18.10,16.98,1,49.15,1.68,82.57,100,66,379
132.40,COMP,98215,18.00,16.98,1,49.39,1.38,68.16,100,64,377
133.43,COMP,99005,18.10,16.98,1,49.44,1.84,90.97,100,65,379
134.44,COMP,99795,18.10,16.98,1,49.13,4.95,243.19,100,70,379
135.46,COMP,100585,18.00,16.98,1,48.88,1.70,83.10,100,67,377
136.49,COMP,101375,18.20,16.98,1,48.92,3.72,181.98,100,69,381
137.50,COMP,102165,18.10,16.98,1,49.25,2.77,136.42,100,67,379
138.52,COMP,102955,18.00,16.98,1,48.76,3.64,177.49,100,68,377
139.55,COMP,103745,18.00,16.98,1,48.78,4.29,209.27,100,69,377
140.57,COMP,104535,18.00,16.98,1,48.92,4.02,196.66,100,69,377
141.59,COMP,105325,18.00,16.98,1,48.60,5.89,286.25,100,71,377
142.61,COMP,106115,18.10,16.98,1,49.01,3.82,187.22,100,68,379
143.63,COMP,106905,18.00,16.98,1,49.02,3.75,183.82,100,68,377
144.65,COMP,107695,18.10,16.98,1,49.23,2.37,116.68,100,66,379
145.67,COMP,108485,18.10,16.98,1,49.11,2.29,112.46,100,67,379
146.70,COMP,109275,18.00,16.99,1,49.23,3.70,182.15,100,69,377
147.71,COMP,110064,18.10,16.99,1,48.97,2.66,130.26,100,68,379
148.74,COMP,110854,18.00,16.99,1,48.71,4.47,217.73,100,70,377
149.76,COMP,111842,18.00,16.99,1,49.04,2.39,117.21,100,66,377
150.78,COMP,112633,18.00,16.99,1,48.85,3.81,186.12,100,69,377
151.80,COMP,113423,18.10,16.99,1,48.97,2.97,145.44,100,69,379
152.83,COMP,114213,18.10,16.99,1,48.94,3.70,181.08,100,68,379
153.85,COMP,115003,18.10,16.99,1,48.88,4.17,203.83,100,69,379
154.88,COMP,115793,17.90,16.99,1,49.02,3.03,148.53,100,69,375
155.88,COMP,116583,18.00,16.99,1,49.36,1.27,62.69,100,64,377
156.90,COMP,117373,18.00,16.99,1,49.04,2.73,133.88,100,68,377
157.92,COMP,118163,18.00,16.99,1,48.94,3.71,181.57,100,68,377
158.94,COMP,118953,18.00,16.99,1,48.64,4.69,228.12,100,70,377
159.96,COMP,119743,18.10,16.99,1,48.72,4.70,228.98,100,70,379
160.98,COMP,120533,18.00,16.99,1,48.49,6.17,299.18,100,71,377
162.01,COMP,121323,18.00,16.99,1,48.55,5.85,284.02,100,72,377
163.03,COMP,122112,17.90,16.99,1,48.35,4.89,236.43,100,70,375
164.05,COMP,122903,18.00,16.99,1,48.76,5.03,245.26,100,69,377
165.08,COMP,123692,18.00,16.99,1,48.64,5.16,250.98,100,70,377
166.10,COMP,124482,18.10,16.99,1,48.46,6.31,305.78,100,72,379
167.12,COMP,125272,18.00,16.99,1,48.32,6.12,295.72,100,72,377
168.14,COMP,126063,18.10,16.99,1,48.39,5.17,250.18,100,71,379
169.16,COMP,127050,18.10,16.99,1,48.64,4.75,231.04,100,71,379
170.18,COMP,127840,18.00,16.99,1,48.42,6.54,316.67,100,72,377
171.21,COMP,128631,18.00,16.99,1,48.62,5.83,283.45,100,70,377
172.23,COMP,129421,17.90,16.99,1,48.78,4.79,233.66,100,69,375
173.26,COMP,130211,18.10,17.00,1,48.34,7.16,346.11,100,73,379
174.28,COMP,131001,18.00,17.00,1,48.55,5.35,259.74,100,71,377
175.31,COMP,131791,18.10,17.00,1,48.46,5.61,271.86,100,71,379
176.32,COMP,132582,18.10,17.00,1,48.99,4.79,234.66,100,70,379
177.34,COMP,133372,18.00,17.00,1,48.94,5.13,251.06,100,69,377
178.36,COMP,134162,18.10,17.00,1,48.51,5.97,289.60,100,71,379
179.38,COMP,134951,18.00,17.00,1,48.51,4.91,238.18,100,71,377
180.40,COMP,135741,18.10,17.00,1,48.60,4.64,225.50,100,69,379
181.41,COMP,136533,18.00,17.00,1,48.49,6.42,311.31,100,72,377
182.44,COMP,137322,18.00,17.00,1,48.27,4.42,213.35,100,71,377
183.46,COMP,138112,17.90,17.00,1,47.88,8.11,388.31,100,74,375
184.49,COMP,138902,17.90,17.00,1,47.49,11.93,566.56,100,78,375
185.49,COMP,139692,18.00,17.00,1,47.07,11.97,563.43,100,78,377
186.51,COMP,140483,18.00,17.00,1,48.42,4.96,240.16,100,71,377
187.53,COMP,141273,18.00,17.00,1,48.16,7.31,352.05,100,74,377
188.55,COMP,142260,18.10,17.00,1,48.20,5.86,282.45,100,72,379
189.57,COMP,143050,18.10,17.00,1,48.37,6.20,299.89,100,71,379
190.59,COMP,143840,18.00,17.00,1,48.65,4.09,198.98,100,69,377
191.61,COMP,144631,18.00,17.00,1,48.94,4.58,224.15,100,71,377
192.63,COMP,145421,18.00,17.00,1,48.90,2.78,135.94,100,67,377
193.65,COMP,146211,18.00,17.00,1,48.76,3.65,177.97,100,67,377
194.67,COMP,147000,18.00,17.00,1,48.32,5.39,260.44,100,70,377
195.67,COMP,147791,18.10,17.01,1,48.35,6.00,290.10,100,72,379
196.70,COMP,148581,18.00,17.01,1,49.04,2.37,116.22,100,66,377
197.72,COMP,149371,18.00,17.01,1,48.67,4.44,216.09,100,69,377
198.74,COMP,150161,18.00,17.01,1,48.35,6.44,311.37,100,72,377
199.76,COMP,150951,18.10,17.01,1,48.85,3.54,172.93,100,68,379
200.77,COMP,151741,18.10,17.01,1,48.60,4.61,224.05,100,70,379
201.79,COMP,152531,18.00,17.01,1,48.56,5.07,246.20,100,70,377
202.81,COMP,153321,18.00,17.01,1,49.04,4.04,198.12,100,69,377
203.83,COMP,154110,18.00,17.01,1,48.86,3.49,170.52,100,68,377
204.86,COMP,154901,18.10,17.01,1,48.92,5.27,257.81,100,70,379
205.87,COMP,155690,18.00,17.01,1,48.32,6.96,336.31,100,72,377
206.90,COMP,156480,18.20,17.01,1,48.20,5.45,262.69,100,72,381
207.92,COMP,157271,18.00,17.01,1,48.72,3.58,174.42,100,68,377
208.94,COMP,158061,18.10,17.01,1,48.55,5.59,271.39,100,71,379
209.97,COMP,159048,18.00,17.01,1,48.62,4.79,232.89,100,70,377
210.97,COMP,159839,18.10,17.01,1,48.46,7.09,343.58,100,71,379
212.00,COMP,160629,18.00,17.01,1,49.22,1.00,49.22,100,64,377
213.03,COMP,161419,18.00,17.01,1,48.72,3.97,193.42,100,69,377
214.05,COMP,162210,18.10,17.01,1,48.72,3.58,174.42,100,70,379
215.08,COMP,163000,18.00,17.01,1,48.51,6.01,291.55,100,71,377
216.10,COMP,163790,18.10,17.01,1,48.58,5.01,243.39,100,70,379
217.12,COMP,164580,18.00,17.02,1,48.85,3.23,157.79,100,68,377
218.15,COMP,165370,18.10,17.02,1,48.28,6.95,335.55,100,72,379
219.16,COMP,166160,18.00,17.02,1,48.86,3.67,179.32,100,68,377
220.19,COMP,166950,17.90,17.02,1,48.74,3.71,180.83,100,68,375
221.21,COMP,167741,18.00,17.02,1,48.46,5.24,253.93,100,72,377
222.23,COMP,168531,18.10,17.02,1,48.37,6.62,320.21,100,72,379
223.26,COMP,169321,17.90,17.02,1,48.65,3.69,179.52,100,70,375
224.28,COMP,170111,18.10,17.02,1,48.13,6.82,328.25,100,73,379
225.30,COMP,170901,18.00,17.02,1,48.28,6.97,336.51,100,73,377
226.32,COMP,171691,18.20,17.02,1,46.98,9.48,445.37,100,76,381
227.34,COMP,172678,18.00,17.02,1,48.48,4.95,239.98,100,71,377
228.36,COMP,173468,18.00,17.02,1,48.21,6.60,318.19,100,73,377
229.39,COMP,174258,18.00,17.02,1,48.60,5.47,265.84,100,70,377
230.41,COMP,175048,18.00,17.02,1,48.28,6.30,304.16,100,72,377
231.44,COMP,175838,18.00,17.02,1,48.34,5.84,282.31,100,72,377
232.46,COMP,176628,18.00,17.02,1,48.42,5.32,257.59,100,71,377
233.48,COMP,177417,18.00,17.02,1,48.00,5.91,283.68,100,71,377
234.50,COMP,178208,18.10,17.02,1,48.23,6.58,317.35,100,73,379
235.53,COMP,178998,18.00,17.02,1,48.41,5.80,280.78,100,72,377
236.53,COMP,179788,17.90,17.02,1,48.16,7.02,338.08,100,73,375
237.55,COMP,180578,18.10,17.02,1,48.27,6.62,319.55,100,72,379
238.58,COMP,181368,18.00,17.03,1,47.88,6.57,314.57,100,73,377
239.60,COMP,182157,18.00,17.03,1,48.30,6.04,291.73,100,72,377
240.63,COMP,182947,18.10,17.03,1,48.65,4.42,215.03,100,69,379
241.65,COMP,183738,18.10,17.03,1,48.34,5.79,279.89,100,71,379
242.67,COMP,184528,18.00,17.03,1,47.99,7.35,352.73,100,73,377
243.69,COMP,185319,18.00,17.03,1,47.86,6.12,292.90,100,72,377
244.71,COMP,186306,18.00,17.03,1,48.35,5.72,276.56,100,72,377
245.74,COMP,187096,18.10,17.03,1,48.34,3.94,190.46,100,69,379
246.74,COMP,187886,18.00,17.03,1,48.13,7.32,352.31,100,73,377
247.78,COMP,188676,18.00,17.03,1,48.58,6.67,324.03,100,73,377
248.80,COMP,189466,18.00,17.03,1,48.51,3.66,177.55,100,70,377
249.83,COMP,190256,18.00,17.03,1,48.92,3.07,150.18,100,67,377
250.85,COMP,191046,18.10,17.03,1,48.46,5.22,252.96,100,71,379
251.88,COMP,191836,18.10,17.03,1,48.02,6.81,327.02,100,73,379
252.90,COMP,192626,17.90,17.03,1,48.46,5.43,263.14,100,71,375
253.93,COMP,193416,18.10,17.03,1,48.13,7.30,351.35,100,74,379
254.95,COMP,194206,18.10,17.03,1,48.28,6.18,298.37,100,71,379
255.98,COMP,194996,17.90,17.03,1,48.42,5.57,269.70,100,71,375
256.98,COMP,195786,18.10,17.03,1,48.42,4.40,213.05,100,71,379
258.00,COMP,196577,18.00,17.03,1,48.41,4.87,235.76,100,69,377
259.02,COMP,197367,18.00,17.04,1,48.34,6.52,315.18,100,72,377
260.04,COMP,198156,18.00,17.04,1,47.97,5.91,283.50,100,72,377
261.06,COMP,198947,18.10,17.04,1,48.18,7.14,344.01,100,73,379
262.08,COMP,199737,18.00,17.04,1,48.60,4.42,214.81,100,70,377
263.10,COMP,200724,18.00,17.04,1,48.30,5.61,270.96,100,72,377
264.12,COMP,201514,18.00,17.04,1,48.13,6.89,331.62,100,72,377
265.15,COMP,202304,18.00,17.04,1,48.00,7.16,343.68,100,74,377
266.18,COMP,203094,18.00,17.04,1,48.97,2.18,106.75,100,67,377
267.19,COMP,203884,18.00,17.04,1,48.37,5.10,246.69,100,71,377
268.21,COMP,204674,18.00,17.04,1,48.18,6.75,325.22,100,73,377
269.23,COMP,205464,18.00,17.04,1,48.72,3.71,180.75,100,68,377
270.26,COMP,206255,18.00,17.04,1,49.01,1.60,78.42,100,66,377
271.29,COMP,207046,18.10,17.04,1,48.46,4.81,233.09,100,69,379
272.32,COMP,207836,18.00,17.04,1,48.02,7.18,344.78,100,74,377
273.32,COMP,208626,18.00,17.04,1,48.69,3.44,167.49,100,69,377
274.34,COMP,209416,18.00,17.04,1,48.62,3.95,192.05,100,69,377
275.36,COMP,210206,18.00,17.04,1,48.56,3.98,193.27,100,69,377
276.38,COMP,210996,18.00,17.04,1,48.18,5.42,261.14,100,71,377
277.40,COMP,211787,18.00,17.04,1,48.90,3.81,186.31,100,69,377
278.42,COMP,212576,18.00,17.04,1,48.16,6.16,296.67,100,72,377
279.45,COMP,213366,18.00,17.05,1,48.14,5.41,260.44,100,72,377
280.47,COMP,214157,18.00,17.05,1,48.83,4.49,219.25,100,70,377
281.50,COMP,215144,18.10,17.04,1,48.13,7.01,337.39,100,73,379
282.53,COMP,215934,18.10,17.04,1,48.60,3.60,174.96,100,69,379
283.55,COMP,216724,18.10,17.05,1,48.13,7.58,364.83,100,74,379
284.57,COMP,217514,18.10,17.05,1,48.41,5.34,258.51,100,70,379
285.60,COMP,218304,18.10,17.05,1,48.44,4.48,217.01,100,70,379
286.62,COMP,219094,18.10,17.05,1,48.55,3.93,190.80,100,69,379
287.65,COMP,219884,18.10,17.05,1,48.60,6.18,300.35,100,72,379
288.66,COMP,220674,18.10,17.05,1,48.23,5.95,286.97,100,71,379
289.68,COMP,221464,17.90,17.05,1,48.27,3.40,164.12,100,69,375
290.71,COMP,222253,18.00,17.05,1,48.06,6.08,292.20,100,72,377
291.73,COMP,223046,18.20,17.05,1,48.00,7.68,368.64,100,74,381
292.74,COMP,223841,18.10,17.05,1,48.09,4.77,229.39,100,71,379
293.76,COMP,224635,18.10,17.05,1,48.48,4.68,226.89,100,70,379
294.78,COMP,225429,18.10,17.05,1,48.69,3.71,180.64,100,69,379
295.79,COMP,226224,18.10,17.05,1,48.74,3.49,170.10,100,69,379
296.81,COMP,227018,18.20,17.05,1,48.69,3.58,174.31,100,69,381
297.84,COMP,227813,18.10,17.05,1,48.85,4.98,243.27,100,70,379
298.85,COMP,228607,18.20,17.05,1,48.85,2.72,132.87,100,68,381
299.87,COMP,229599,18.10,17.05,1,48.90,2.87,140.34,100,68,379
300.90,COMP,230394,18.10,17.05,1,48.86,2.50,122.15,100,67,379
301.93,COMP,231189,18.20,17.05,1,48.86,3.21,156.84,100,68,381
302.94,COMP,231983,18.10,17.05,1,48.83,2.98,145.51,100,68,379
303.96,COMP,232777,18.10,17.05,1,48.79,3.07,149.79,100,68,379
304.98,COMP,233571,18.20,17.06,1,48.72,3.55,172.96,100,69,381
306.00,COMP,234366,18.10,17.06,1,48.86,4.82,235.51,100,71,379
307.02,COMP,235160,18.20,17.06,1,48.56,4.53,219.98,100,70,381
308.02,COMP,235954,18.10,17.06,1,48.14,6.22,299.43,100,73,379
309.04,COMP,236749,18.10,17.06,1,48.11,5.24,252.10,100,71,379
310.06,COMP,237543,18.20,17.06,1,48.41,5.76,278.84,100,72,381
311.08,COMP,238337,18.10,17.06,1,48.92,2.53,123.77,100,68,379
312.10,COMP,239131,18.10,17.06,1,48.39,5.34,258.40,100,71,379
313.11,COMP,239926,18.20,17.06,1,48.62,3.53,171.63,100,69,381
314.13,COMP,240720,18.20,17.06,1,48.55,5.41,262.66,100,70,381
315.15,COMP,241514,18.20,17.06,1,48.48,4.16,201.68,100,70,381
316.16,COMP,242309,18.10,17.06,1,48.72,3.33,162.24,100,68,379
317.18,COMP,243103,18.20,17.06,1,49.23,0.79,38.89,100,64,381
318.20,COMP,243897,18.20,17.06,1,48.92,2.06,100.78,100,67,381
319.22,COMP,244692,18.00,17.06,1,49.13,0.75,36.85,100,64,377
320.23,COMP,245486,18.10,17.06,1,49.36,0.04,1.97,100,64,379
321.25,COMP,246280,18.00,17.06,1,48.69,2.57,125.13,100,68,377
322.27,COMP,247075,18.20,17.06,1,48.97,1.59,77.86,100,68,381
323.28,COMP,247869,18.20,17.07,1,48.42,3.69,178.67,100,69,381
324.31,COMP,248862,18.10,17.06,1,48.83,1.88,91.80,100,67,379
325.32,COMP,249657,18.10,17.06,1,48.42,5.40,261.47,100,72,379
326.34,COMP,250452,18.10,17.06,1,49.11,0.52,25.54,100,65,379
327.37,COMP,251246,18.20,17.07,1,48.49,3.86,187.17,100,70,381
328.38,COMP,252041,18.10,17.07,1,48.56,4.69,227.75,100,70,379
329.39,COMP,252835,18.10,17.07,1,49.13,1.33,65.34,100,65,379
330.42,COMP,253629,18.10,17.07,1,48.65,3.74,181.95,100,70,379
331.44,COMP,254425,18.20,17.07,1,49.01,1.99,97.53,100,67,381
332.45,COMP,255220,18.20,17.07,1,48.64,3.88,188.72,100,69,381
333.47,COMP,256014,18.10,17.07,1,49.06,2.57,126.08,100,66,379
334.49,COMP,256808,18.20,17.07,1,47.88,6.59,315.53,100,73,381
335.51,COMP,257603,18.10,17.07,1,48.76,3.50,170.66,100,69,379
336.53,COMP,258398,18.20,17.07,1,48.21,6.72,323.97,100,73,381
337.55,COMP,259192,18.10,17.07,1,47.37,7.97,377.54,100,74,379
338.56,COMP,259986,18.10,17.07,1,48.23,5.87,283.11,100,73,379
339.58,COMP,260781,18.10,17.07,1,48.49,4.16,201.72,100,71,379
340.60,COMP,261575,18.10,17.07,1,48.65,3.43,166.87,100,69,379
341.63,COMP,262369,18.10,17.07,1,48.16,7.28,350.60,100,73,379
342.65,COMP,263163,18.10,17.07,1,48.41,5.18,250.76,100,71,379
343.67,COMP,263958,18.10,17.07,1,48.86,3.17,154.89,100,70,379
344.69,COMP,264752,18.10,17.07,1,48.35,5.38,260.12,100,71,379
345.70,COMP,265546,18.10,17.08,1,47.88,8.03,384.48,100,74,379
346.72,COMP,266539,18.20,17.07,1,48.37,5.26,254.43,100,70,381
347.75,COMP,267334,18.20,17.07,1,48.56,3.23,156.85,100,69,381
348.78,COMP,268128,18.10,17.07,1,48.64,3.81,185.32,100,69,379
349.80,COMP,268922,18.10,17.08,1,48.14,5.76,277.29,100,72,379
350.82,COMP,269717,18.20,17.08,1,48.27,6.50,313.76,100,72,381
351.84,COMP,270511,18.20,17.08,1,48.09,6.30,302.97,100,72,381
352.87,COMP,271306,18.10,17.08,1,48.42,5.18,250.82,100,71,379
353.89,COMP,272101,18.20,17.08,1,48.92,2.65,129.64,100,67,381
354.91,COMP,272895,18.10,17.08,1,48.64,4.05,196.99,100,69,379
355.94,COMP,273689,18.10,17.08,1,48.11,6.39,307.42,100,72,379
356.96,COMP,274484,18.00,17.08,1,48.62,3.79,184.27,100,69,377
357.99,COMP,275279,18.10,17.08,1,48.99,1.96,96.02,100,68,379
359.02,COMP,276073,18.00,17.08,1,48.90,2.29,111.98,100,67,377
360.04,COMP,276867,18.10,17.08,1,49.04,1.94,95.14,100,67,379
361.06,COMP,277662,18.10,17.08,1,49.29,0.17,8.38,100,64,379
362.08,COMP,278456,18.10,17.08,1,48.76,2.47,120.44,100,68,379
363.09,COMP,279449,18.10,17.08,1,48.97,1.89,92.55,100,67,379
364.11,COMP,280244,18.20,17.08,1,48.94,3.12,152.69,100,69,381
365.13,COMP,281038,18.10,17.08,1,48.94,1.89,92.50,100,66,379
366.15,COMP,281833,18.10,17.08,1,48.42,5.51,266.79,100,71,379
367.17,COMP,282627,18.10,17.08,1,48.49,4.54,220.14,100,71,379
368.20,COMP,283422,18.20,17.08,1,48.44,5.24,253.83,100,71,381
369.23,COMP,284216,18.20,17.09,1,48.60,4.51,219.19,100,70,381
370.25,COMP,285011,18.10,17.09,1,48.64,3.72,180.94,100,69,379
371.27,COMP,285805,18.10,17.09,1,48.09,6.37,306.33,100,73,379
372.29,COMP,286599,18.20,17.09,1,48.14,7.07,340.35,100,73,381
373.30,COMP,287393,18.20,17.09,1,48.20,6.36,306.55,100,72,381
374.33,COMP,288188,18.10,17.09,1,47.93,7.88,377.69,100,75,379
375.35,COMP,288982,18.10,17.09,1,48.48,3.47,168.23,100,69,379
376.37,COMP,289777,18.10,17.09,1,48.02,6.90,331.34,100,74,379
377.39,COMP,290571,18.10,17.09,1,48.00,7.29,349.92,100,74,379
378.41,COMP,291366,18.20,17.09,1,47.92,7.76,371.86,100,74,381
379.41,COMP,292160,18.20,17.09,1,47.86,7.07,338.37,100,74,381
380.43,COMP,292955,18.00,17.09,1,48.23,5.22,251.76,100,72,377
381.45,COMP,293749,18.20,17.09,1,47.49,9.32,442.61,100,76,381
382.48,COMP,294544,18.20,17.09,1,47.70,9.32,444.56,100,76,381
383.49,COMP,295536,18.10,17.09,1,47.72,7.30,348.36,100,74,379
384.51,COMP,296331,18.20,17.09,1,47.70,9.34,445.52,100,76,381
385.53,COMP,297126,18.20,17.09,1,48.23,9.02,435.03,100,76,381
386.56,COMP,297920,18.10,17.09,1,48.06,6.82,327.77,100,73,379
387.58,COMP,298714,18.20,17.09,1,48.28,5.14,248.16,100,71,381
388.61,COMP,299508,18.10,17.09,1,48.55,3.41,165.56,100,69,379
389.61,COMP,300302,18.20,17.09,1,47.65,8.15,388.35,100,75,381
390.64,COMP,301097,18.10,17.10,1,48.23,5.08,245.01,100,71,379
391.66,COMP,301892,18.30,17.10,1,48.06,6.16,296.05,100,74,383
392.67,COMP,302686,18.20,17.10,1,47.76,7.97,380.65,100,75,381
393.69,COMP,303481,18.20,17.10,1,48.44,3.77,182.62,100,70,381
394.71,COMP,304275,18.10,17.10,1,47.81,7.96,380.57,100,75,379
395.73,COMP,305069,18.20,17.10,1,48.16,5.97,287.52,100,72,381
396.75,COMP,305863,18.20,17.10,1,47.39,9.66,457.79,100,76,381
397.77,COMP,306658,18.20,17.10,1,48.41,5.99,289.98,100,73,381
398.79,COMP,307452,18.10,17.10,1,48.06,5.85,281.15,100,73,379
399.80,COMP,308247,18.20,17.10,1,48.56,5.80,281.65,100,71,381
400.82,COMP,309041,18.00,17.10,1,48.25,5.48,264.41,100,70,377
401.85,COMP,309835,18.10,17.10,1,47.46,10.50,498.33,100,77,379
402.87,COMP,310629,18.10,17.10,1,47.63,7.01,333.89,100,75,379
403.89,COMP,311424,18.10,17.10,1,48.37,5.16,249.59,100,71,379
404.91,COMP,312417,18.10,17.10,1,47.79,7.97,380.89,100,75,379
405.93,COMP,313211,18.10,17.10,1,48.02,6.59,316.45,100,72,379
406.96,COMP,314006,18.20,17.10,1,47.93,7.03,336.95,100,73,381
407.98,COMP,314801,18.20,17.10,1,47.77,6.06,289.49,100,73,381
408.98,COMP,315595,18.20,17.10,1,48.04,5.43,260.86,100,73,381
410.00,COMP,316389,18.10,17.10,1,48.35,4.20,203.07,100,71,379
411.02,COMP,317183,18.10,17.11,1,47.72,7.09,338.33,100,73,379
412.04,COMP,317978,18.20,17.11,1,47.81,7.62,364.31,100,74,381
413.06,COMP,318772,18.20,17.11,1,47.58,7.24,344.48,100,74,381
414.07,COMP,319567,18.20,17.11,1,47.83,7.84,374.99,100,75,381
415.10,COMP,320362,18.10,17.11,1,48.44,5.84,282.89,100,71,379
416.12,COMP,321156,18.20,17.11,1,47.84,8.03,384.16,100,74,381
417.14,COMP,321950,18.10,17.11,1,47.35,7.98,377.85,100,75,379
418.16,COMP,322745,18.20,17.11,1,48.23,5.53,266.71,100,71,381
419.18,COMP,323539,18.10,17.11,1,48.92,1.63,79.74,100,67,379
420.20,COMP,324335,18.20,17.11,1,49.04,0.04,1.96,100,64,381
421.22,COMP,325132,18.30,17.11,1,48.95,0.62,30.35,100,66,383
422.24,COMP,325933,18.20,17.11,1,49.11,0.04,1.96,100,64,381
423.27,COMP,326732,18.30,17.11,1,48.74,2.08,101.38,100,68,383
424.29,COMP,327527,18.20,17.11,1,47.90,7.85,376.02,100,75,381
425.32,COMP,328520,18.20,17.11,1,47.86,7.46,357.04,100,75,381
426.34,COMP,329314,18.20,17.11,1,47.81,7.57,361.92,100,74,381
427.36,COMP,330109,18.10,17.11,1,48.23,4.97,239.70,100,71,379
428.38,COMP,330903,18.00,17.11,1,48.20,4.79,230.88,100,72,377
429.41,COMP,331698,18.20,17.11,1,48.18,6.13,295.34,100,72,381
430.43,COMP,332493,18.20,17.12,1,48.37,4.90,237.01,100,70,381
431.46,COMP,333287,18.10,17.12,1,48.18,6.12,294.86,100,72,379
432.47,COMP,334081,18.10,17.12,1,48.60,3.22,156.49,100,69,379
433.49,COMP,334875,18.20,17.12,1,48.94,1.72,84.18,100,66,381
434.51,COMP,335670,18.20,17.12,1,48.83,1.79,87.41,100,66,381
435.53,COMP,336464,18.10,17.12,1,48.16,6.13,295.22,100,72,379
436.56,COMP,337259,18.10,17.12,1,48.79,2.08,101.48,100,67,379
437.57,COMP,338053,18.10,17.12,1,48.56,3.06,148.59,100,68,379
438.59,COMP,338847,18.30,17.12,1,47.72,4.47,213.31,100,74,383
439.61,COMP,339642,18.10,17.12,1,48.13,5.68,273.38,100,72,379
440.64,COMP,340436,18.10,17.12,1,47.79,7.01,335.01,100,75,379
441.65,COMP,341231,18.20,17.12,1,48.16,5.61,270.18,100,72,381
442.67,COMP,342025,18.10,17.12,1,47.47,9.52,451.91,100,76,379
443.69,COMP,343018,18.20,17.12,1,47.56,10.34,491.77,100,76,381
444.71,COMP,343812,17.90,17.12,1,47.51,8.50,403.84,100,75,375
445.73,COMP,344607,18.10,17.12,1,47.84,8.02,383.68,100,74,379
446.77,COMP,345401,18.20,17.12,1,47.88,6.50,311.22,100,73,381
447.78,COMP,346196,18.10,17.12,1,48.06,5.68,272.98,100,72,379
448.80,COMP,346991,18.10,17.12,1,48.23,7.10,342.43,100,74,379
449.82,COMP,347785,18.20,17.13,1,47.81,7.74,370.05,100,74,381
450.83,COMP,348580,18.10,17.13,1,47.67,7.67,365.63,100,74,379
451.85,COMP,349375,18.20,17.13,1,48.07,5.84,280.73,100,72,381
452.87,COMP,350169,18.10,17.13,1,48.20,5.15,248.23,100,71,379
453.88,COMP,350964,18.10,17.13,1,48.37,6.00,290.22,100,72,379
454.90,COMP,351758,18.20,17.13,1,47.79,6.30,301.08,100,74,381
455.92,COMP,352553,18.20,17.13,1,48.06,6.12,294.13,100,72,381
456.94,COMP,353347,18.20,17.13,1,47.99,5.47,262.51,100,72,381
457.97,COMP,354142,18.10,17.13,1,47.93,6.22,298.12,100,72,379
458.99,COMP,354936,18.10,17.13,1,48.27,4.02,194.05,100,70,379
460.01,COMP,355731,18.10,17.13,1,48.62,3.69,179.41,100,69,379
461.02,COMP,356525,18.20,17.13,1,48.07,5.70,274.00,100,72,381
462.05,COMP,357319,18.10,17.13,1,48.78,1.89,92.19,100,66,379
463.06,COMP,358113,18.10,17.13,1,47.92,6.48,310.52,100,73,379
464.08,COMP,358908,18.10,17.13,1,48.02,5.70,273.71,100,73,379
465.10,COMP,359901,18.00,17.13,1,48.44,3.36,162.76,100,69,377
466.14,COMP,360695,18.20,17.13,1,48.35,3.79,183.25,100,70,381
467.16,COMP,361490,18.10,17.13,1,48.86,1.24,60.59,100,65,379
468.18,COMP,362284,18.00,17.13,1,48.28,3.83,184.91,100,70,377
469.20,COMP,363079,18.10,17.14,1,48.72,3.78,184.16,100,69,379
470.22,COMP,363873,18.10,17.14,1,48.60,2.26,109.84,100,68,379
471.23,COMP,364667,18.00,17.14,1,48.92,2.23,109.09,100,65,377
472.25,COMP,365461,18.20,17.14,1,47.51,7.69,365.35,100,75,381
473.27,COMP,366256,18.10,17.14,1,48.32,4.69,226.62,100,70,379
474.29,COMP,367050,18.00,17.14,1,48.25,4.68,225.81,100,71,377
475.32,COMP,367845,18.10,17.14,1,47.95,7.00,335.65,100,73,379
476.34,COMP,368639,18.10,17.14,1,48.07,6.01,288.90,100,73,379
477.36,COMP,369433,18.20,17.14,1,47.99,5.05,242.35,100,72,381
478.38,COMP,370228,18.10,17.14,1,48.00,6.20,297.60,100,72,379
479.39,COMP,371022,18.20,17.14,1,48.02,5.53,265.55,100,72,381
480.42,COMP,371816,18.10,17.14,1,47.79,7.09,338.83,100,73,379
481.44,COMP,372612,18.20,17.14,1,47.90,8.19,392.30,100,75,381
482.46,COMP,373406,18.10,17.14,1,47.79,7.38,352.69,100,74,379
483.49,COMP,374201,18.20,17.14,1,48.51,2.87,139.22,100,67,381
484.51,COMP,375193,18.10,17.14,1,48.32,4.86,234.84,100,70,379
485.53,COMP,375988,18.10,17.14,1,48.00,6.64,318.72,100,72,379
486.56,COMP,376782,18.10,17.14,1,47.30,7.92,374.62,100,74,379
487.58,COMP,377577,18.10,17.15,1,47.63,7.70,366.75,100,76,379
488.60,COMP,378371,18.00,17.15,1,48.32,4.11,198.60,100,69,377
489.63,COMP,379166,18.20,17.15,1,48.20,7.11,342.70,100,74,381
490.63,COMP,379960,18.20,17.15,1,47.63,7.13,339.60,100,75,381
491.65,COMP,380754,18.10,17.15,1,47.84,6.02,288.00,100,73,379
492.68,COMP,381549,18.10,17.15,1,48.16,4.97,239.36,100,72,379
493.70,COMP,382343,18.10,17.15,1,47.76,7.00,334.32,100,74,379
494.72,COMP,383140,18.20,17.15,1,47.76,7.43,354.86,100,74,381
495.75,COMP,383939,18.20,17.15,1,47.81,6.89,329.41,100,74,381
496.76,COMP,384738,18.20,17.15,1,47.35,6.93,328.14,100,75,381
497.78,COMP,385535,18.20,17.15,1,48.62,1.92,93.35,100,67,381
498.80,COMP,386330,18.20,17.15,1,47.14,10.36,488.37,100,77,381
499.82,COMP,387129,18.30,17.15,1,47.95,6.00,287.70,100,72,383
500.84,COMP,387928,18.20,17.15,1,48.02,5.98,287.16,100,72,381
501.87,COMP,388727,18.10,17.15,1,48.16,5.51,265.36,100,72,379
502.89,COMP,389725,18.30,17.15,1,47.90,5.95,285.00,100,73,383
503.91,COMP,390524,18.20,17.15,1,48.02,5.23,251.14,100,73,381
504.92,COMP,391323,18.20,17.15,1,48.34,3.62,174.99,100,70,381
505.95,COMP,392122,18.30,17.15,1,47.99,7.15,343.13,100,73,383
506.96,COMP,392920,18.20,17.16,1,47.65,7.78,370.72,100,74,381
507.98,COMP,393719,18.20,17.16,1,47.72,7.02,334.99,100,75,381
509.00,COMP,394518,18.20,17.16,1,48.42,3.60,174.31,100,69,381
510.02,COMP,395316,18.30,17.16,1,48.13,3.97,191.08,100,70,383
511.05,COMP,396116,18.30,17.16,1,48.04,5.09,244.52,100,73,383
512.05,COMP,396915,18.10,17.16,1,48.16,5.22,251.40,100,72,379
513.07,COMP,397714,18.20,17.16,1,48.28,5.35,258.30,100,72,381
514.09,COMP,398512,18.20,17.16,1,48.20,3.81,183.64,100,71,381
515.10,COMP,399311,18.20,17.16,1,47.90,7.20,344.88,100,73,381
516.12,COMP,400110,18.30,17.16,1,47.51,6.40,304.06,100,74,383
517.14,COMP,400908,18.20,17.16,1,48.14,4.61,221.93,100,72,381
518.15,COMP,401707,18.30,17.16,1,47.88,6.91,330.85,100,74,383
519.17,COMP,402506,18.30,17.16,1,48.09,5.36,257.76,100,72,383
520.19,COMP,403305,18.20,17.16,1,48.20,5.25,253.05,100,71,381
521.21,COMP,404103,18.20,17.16,1,47.62,7.26,345.72,100,75,381
522.21,COMP,404902,18.20,17.16,1,47.79,5.96,284.83,100,73,381
523.23,COMP,405701,18.10,17.17,1,47.93,5.61,268.89,100,74,379
524.25,COMP,406500,18.30,17.17,1,48.27,4.64,223.97,100,71,383
525.27,COMP,407298,18.30,17.17,1,47.86,6.84,327.36,100,73,383
526.29,COMP,408097,18.20,17.17,1,48.16,4.62,222.50,100,71,381
527.31,COMP,408896,18.20,17.17,1,47.72,6.12,292.05,100,73,381
528.33,COMP,409894,18.10,17.17,1,48.49,5.54,268.63,100,67,379
529.35,COMP,410693,18.20,17.17,1,48.37,3.66,177.03,100,70,381
530.38,COMP,411492,18.10,17.17,1,48.48,2.99,144.96,100,68,379
531.41,COMP,412291,18.20,17.17,1,48.60,1.72,83.59,100,67,381
532.41,COMP,413089,18.30,17.17,1,47.83,6.66,318.55,100,73,383
533.43,COMP,413888,18.20,17.17,1,48.35,3.13,151.34,100,70,381
534.45,COMP,414687,18.20,17.17,1,47.92,6.64,318.19,100,73,381
535.48,COMP,415485,18.30,17.17,1,47.62,5.84,278.10,100,74,383
536.49,COMP,416285,18.30,17.17,1,48.37,3.85,186.22,100,69,383
537.51,COMP,417083,18.30,17.17,1,48.02,5.82,279.48,100,73,383
538.53,COMP,417882,18.30,17.17,1,48.02,5.37,257.87,100,72,383
539.54,COMP,418681,18.20,17.17,1,47.74,5.30,253.02,100,71,381
540.56,COMP,419480,18.20,17.17,1,48.37,3.71,179.45,100,70,381
541.58,COMP,420280,18.30,17.17,1,48.13,4.66,224.29,100,71,383
542.59,COMP,421079,18.20,17.17,1,48.21,4.02,193.80,100,71,381
543.60,COMP,421877,18.20,17.18,1,48.55,2.39,116.03,100,68,381
544.62,COMP,422676,18.10,17.18,1,48.00,6.00,288.00,100,73,379
545.65,COMP,423475,18.30,17.18,1,48.27,4.55,219.63,100,70,383
546.65,COMP,424274,18.20,17.18,1,48.27,4.66,224.94,100,71,381
547.67,COMP,425073,18.20,17.18,1,48.32,4.48,216.47,100,70,381
548.68,COMP,425872,18.30,17.18,1,47.77,7.33,350.15,100,75,383
549.70,COMP,426671,18.20,17.18,1,48.30,3.25,156.97,100,70,381
550.72,COMP,427470,18.20,17.18,1,48.16,4.51,217.20,100,72,381
551.74,COMP,428268,18.30,17.18,1,47.70,7.54,359.66,100,75,383
552.76,COMP,429267,18.30,17.18,1,47.86,7.08,338.85,100,74,383
553.78,COMP,430066,18.20,17.18,1,48.28,2.39,115.39,100,68,381
554.79,COMP,430864,18.30,17.18,1,47.76,6.71,320.47,100,73,383
555.81,COMP,431663,18.10,17.18,1,48.06,5.09,244.63,100,72,379
556.84,COMP,432462,18.10,17.18,1,47.90,6.08,291.23,100,74,379
557.86,COMP,433261,18.20,17.18,1,48.58,2.07,100.56,100,67,381
558.88,COMP,434059,18.20,17.18,1,48.06,4.80,230.69,100,72,381
559.91,COMP,434858,18.30,17.18,1,48.14,4.34,208.93,100,71,383
560.93,COMP,435657,18.20,17.18,1,48.07,4.60,221.12,100,72,381
561.95,COMP,436456,18.20,17.19,1,48.25,3.90,188.18,100,70,381
562.97,COMP,437255,18.20,17.19,1,48.09,3.66,176.01,100,70,381
563.99,COMP,438053,18.30,17.19,1,48.06,4.68,224.92,100,71,383
565.00,COMP,438852,18.20,17.19,1,47.93,5.24,251.15,100,73,381
566.02,COMP,439651,18.30,17.19,1,47.86,6.78,324.49,100,74,383
567.03,COMP,440450,18.20,17.19,1,48.11,4.87,234.30,100,71,381
568.05,COMP,441249,18.20,17.19,1,48.30,4.12,199.00,100,70,381
569.06,COMP,442047,18.20,17.19,1,47.90,5.53,264.89,100,73,381
570.08,COMP,442846,18.30,17.19,1,47.49,6.23,295.86,100,74,383
571.11,COMP,443646,18.10,17.19,1,48.25,3.67,177.08,100,70,379
572.14,COMP,444445,18.30,17.19,1,47.92,5.88,281.77,100,73,383
573.16,COMP,445443,18.20,17.19,1,48.44,2.80,135.63,100,69,381
574.19,COMP,446242,18.30,17.19,1,48.11,4.85,233.33,100,71,383
575.21,COMP,447041,18.30,17.19,1,48.46,3.36,162.83,100,69,383
576.24,COMP,447840,18.30,17.19,1,47.92,6.71,321.54,100,73,383
577.26,COMP,448638,18.30,17.19,1,47.76,5.71,272.71,100,73,383
578.27,COMP,449437,18.30,17.19,1,48.16,4.86,234.06,100,71,383
579.29,COMP,450236,18.30,17.19,1,48.14,4.13,198.82,100,72,383
580.30,COMP,451035,18.40,17.19,1,48.00,6.49,311.52,100,73,385
581.32,COMP,451834,18.30,17.20,1,47.72,7.03,335.47,100,75,383
582.34,COMP,452632,18.20,17.20,1,48.37,2.49,120.44,100,69,381
583.34,COMP,453431,18.20,17.20,1,47.86,6.27,300.08,100,74,381
584.36,COMP,454230,18.30,17.20,1,48.23,5.01,241.63,100,71,383
585.38,COMP,455029,18.20,17.20,1,48.27,4.12,198.87,100,71,381
586.40,COMP,455827,18.30,17.20,1,47.93,5.99,287.10,100,73,383
587.41,COMP,456626,18.10,17.20,1,48.44,2.35,113.83,100,69,379
588.43,COMP,457425,18.20,17.20,1,48.28,3.60,173.81,100,71,381
589.46,COMP,458223,18.50,17.20,1,47.84,4.76,227.72,100,72,388
590.47,COMP,459022,18.20,17.20,1,48.28,3.51,169.46,100,69,381
591.49,COMP,459821,18.20,17.20,1,48.28,4.29,207.12,100,70,381
592.51,COMP,460619,18.10,17.20,1,48.71,1.75,85.24,100,67,379
593.52,COMP,461418,18.20,17.20,1,48.06,5.46,262.41,100,72,381
594.53,COMP,462217,18.30,17.20,1,47.92,6.13,293.75,100,73,383
595.56,COMP,463016,18.30,17.21,1,48.02,5.71,274.19,100,72,383
596.57,COMP,463815,18.20,17.21,1,48.28,4.58,221.12,100,71,381
597.59,COMP,464813,18.20,17.20,1,48.16,4.31,207.57,100,72,381
598.61,COMP,465612,18.00,17.20,1,48.37,3.57,172.68,100,69,377
599.63,COMP,466411,18.10,17.21,1,48.55,2.07,100.50,100,68,379
600.67,COMP,467211,18.30,17.21,1,48.56,2.40,116.54,100,68,383
601.69,COMP,468009,18.30,17.21,1,48.28,4.53,218.71,100,71,383
602.71,COMP,468808,18.20,17.21,1,48.18,3.49,168.15,100,70,381
603.71,COMP,469607,18.20,17.21,1,48.42,4.22,204.33,100,71,381
604.73,COMP,470405,18.20,17.21,1,48.56,2.10,101.98,100,68,381
605.76,COMP,471204,18.30,17.21,1,48.18,4.82,232.23,100,71,383
606.77,COMP,472003,18.30,17.21,1,48.06,5.23,251.35,100,73,383
607.78,COMP,472802,18.20,17.21,1,48.44,3.65,176.81,100,70,381
608.80,COMP,473600,18.30,17.21,1,48.20,3.38,162.92,100,71,383
609.82,COMP,474399,18.20,17.21,1,48.25,4.10,197.82,100,71,381
610.83,COMP,475198,18.20,17.21,1,48.18,4.03,194.17,100,70,381
611.85,COMP,475997,18.20,17.21,1,48.37,5.42,262.17,100,72,381
612.87,COMP,476795,18.20,17.21,1,48.37,3.65,176.55,100,70,381
613.90,COMP,477594,18.10,17.22,1,48.02,5.50,264.11,100,73,379
614.92,COMP,478393,18.20,17.22,1,48.56,2.24,108.77,100,67,381
615.95,COMP,479192,18.30,17.22,1,47.86,5.45,260.84,100,71,383
616.97,COMP,479990,18.20,17.22,1,48.14,4.16,200.26,100,71,381
618.00,COMP,480988,18.30,17.22,1,48.42,3.88,187.87,100,68,383
619.02,COMP,481787,18.20,17.22,1,47.81,5.40,258.17,100,72,381
620.05,COMP,482585,18.20,17.22,1,48.30,2.99,144.42,100,71,381
621.07,COMP,483384,18.20,17.22,1,48.71,1.52,74.04,100,66,381
622.09,COMP,484182,18.30,17.22,1,48.13,4.14,199.26,100,71,383
623.12,COMP,484981,18.40,17.22,1,47.62,8.47,403.34,100,76,385
624.15,COMP,485780,18.30,17.22,1,47.86,6.59,315.40,100,73,383
625.16,COMP,486579,18.20,17.22,1,48.37,2.86,138.34,100,70,381
626.19,COMP,487377,18.20,17.22,1,48.11,4.63,222.75,100,71,381
627.21,COMP,488176,18.10,17.22,1,47.84,5.94,284.17,100,72,379
628.23,COMP,488975,18.30,17.22,1,46.74,11.26,526.29,100,79,383
629.25,COMP,489774,18.20,17.22,1,47.77,5.69,271.81,100,73,381
630.27,COMP,490573,18.20,17.22,1,47.65,5.88,280.18,100,75,381
631.29,COMP,491373,18.30,17.23,1,47.90,6.10,292.19,100,73,383
632.31,COMP,492171,18.20,17.23,1,48.04,3.91,187.84,100,70,381
633.34,COMP,492970,18.20,17.23,1,47.76,6.52,311.40,100,74,381
634.36,COMP,493770,18.10,17.23,1,48.34,2.79,134.87,100,69,379
635.38,COMP,494768,18.30,17.23,1,48.13,4.76,229.10,100,72,383
636.40,COMP,495567,18.20,17.23,1,48.16,4.38,210.94,100,72,381
637.43,COMP,496366,18.10,17.23,1,48.41,1.93,93.43,100,67,379
638.45,COMP,497165,18.20,17.23,1,48.62,2.24,108.91,100,68,381
639.47,COMP,497963,18.30,17.23,1,47.99,5.57,267.30,100,72,383
640.49,COMP,498762,18.30,17.23,1,47.88,5.51,263.82,100,73,383
641.51,COMP,499561,18.20,17.23,1,47.92,6.16,295.19,100,73,381
642.53,COMP,500360,18.20,17.23,1,47.92,5.50,263.56,100,72,381
643.56,COMP,501158,18.30,17.23,1,48.37,2.71,131.08,100,68,383
644.59,COMP,501957,18.30,17.23,1,48.06,4.20,201.85,100,71,383
645.61,COMP,502756,18.20,17.23,1,47.99,6.26,300.42,100,72,381
646.63,COMP,503554,18.20,17.23,1,47.60,5.80,276.08,100,74,381
647.65,COMP,504353,18.20,17.24,1,48.18,4.48,215.85,100,71,381
648.67,COMP,505152,18.30,17.24,1,48.28,3.88,187.33,100,70,383
649.69,COMP,505951,18.30,17.24,1,48.16,4.79,230.69,100,71,383
650.70,COMP,506750,18.30,17.24,1,48.32,3.09,149.31,100,69,383
651.72,COMP,507549,18.10,17.24,1,47.88,4.13,197.74,100,72,379
652.75,COMP,508347,18.30,17.24,1,48.28,4.27,206.16,100,70,383
653.77,COMP,509345,18.20,17.24,1,47.95,4.60,220.57,100,72,381
654.80,COMP,510144,18.20,17.24,1,48.42,3.16,153.01,100,69,381
655.82,COMP,510943,18.20,17.24,1,48.18,3.75,180.68,100,70,381
656.84,COMP,511742,18.20,17.24,1,47.88,5.91,282.97,100,73,381
657.86,COMP,512541,18.20,17.24,1,48.09,4.64,223.14,100,71,381
658.88,COMP,513339,18.20,17.24,1,47.97,3.69,177.01,100,71,381
659.89,COMP,514139,18.30,17.24,1,48.55,2.85,138.37,100,69,383
660.92,COMP,514938,18.30,17.24,1,48.46,3.75,181.72,100,68,383
661.94,COMP,515737,18.20,17.24,1,47.99,6.44,309.06,100,72,381
662.95,COMP,516536,18.20,17.24,1,47.86,5.66,270.89,100,74,381
663.97,COMP,517334,18.30,17.25,1,47.79,6.21,296.78,100,73,383
664.98,COMP,518133,18.30,17.25,1,48.60,1.88,91.37,100,67,383
666.00,COMP,518932,18.20,17.25,1,47.74,6.25,298.38,100,74,381
667.02,COMP,519731,18.20,17.25,1,47.56,7.89,375.25,100,76,381
668.04,COMP,520530,18.20,17.25,1,47.76,7.06,337.19,100,75,381
669.06,COMP,521328,18.30,17.25,1,47.81,4.48,214.19,100,71,383
670.08,COMP,522128,18.30,17.25,1,48.46,4.47,216.62,100,70,383
671.10,COMP,522927,18.30,17.25,1,47.39,9.93,470.58,100,78,383
672.12,COMP,523730,18.20,17.25,1,48.16,3.70,178.19,100,70,381
673.15,COMP,524528,18.20,17.25,1,47.67,6.22,296.51,100,75,381
674.17,COMP,525529,18.30,17.25,1,47.84,6.41,306.65,100,74,383
675.18,COMP,526332,18.30,17.25,1,47.62,6.71,319.53,100,75,383
676.21,COMP,527135,18.30,17.25,1,47.63,7.83,372.94,100,75,383
677.23,COMP,527938,18.40,17.25,1,47.49,7.32,347.63,100,75,385
678.26,COMP,528741,18.40,17.25,1,47.67,7.24,345.13,100,74,385
679.28,COMP,529545,18.30,17.25,1,47.92,6.02,288.48,100,73,383
680.30,COMP,530348,18.30,17.25,1,47.30,9.47,447.93,100,78,383
681.32,COMP,531151,18.30,17.26,1,47.16,9.69,456.98,100,79,383
682.34,COMP,531954,18.30,17.26,1,47.70,6.54,311.96,100,74,383
683.36,COMP,532757,18.30,17.26,1,48.04,5.16,247.89,100,72,383
684.38,COMP,533561,18.30,17.26,1,47.37,6.93,328.27,100,74,383
685.41,COMP,534363,18.30,17.26,1,47.25,8.43,398.32,100,76,383
686.43,COMP,535167,18.40,17.26,1,47.63,7.00,333.41,100,75,385
687.44,COMP,535970,18.20,17.26,1,48.09,4.41,212.08,100,71,381
688.46,COMP,536773,18.40,17.26,1,47.54,7.83,372.24,100,75,385
689.48,COMP,537577,18.40,17.26,1,47.05,7.56,355.70,100,75,385
690.50,COMP,538379,18.40,17.26,1,46.63,11.32,527.85,100,79,385
691.52,COMP,539184,18.30,17.26,1,47.65,6.19,294.95,100,74,383
692.54,COMP,539987,18.40,17.26,1,48.00,4.43,212.64,100,71,385
693.55,COMP,540990,18.40,17.26,1,47.09,7.50,353.17,100,75,385
694.59,COMP,541794,18.30,17.26,1,47.60,7.03,334.63,100,75,383
695.61,COMP,542597,18.20,17.26,1,48.00,4.26,204.48,100,72,381
696.63,COMP,543401,18.30,17.26,1,48.65,0.73,35.51,100,66,383
697.65,COMP,544204,18.30,17.26,1,47.90,5.65,270.64,100,72,383
698.66,COMP,545007,18.40,17.26,1,47.72,6.62,315.91,100,74,385
699.68,COMP,545810,18.30,17.27,1,47.32,6.81,322.25,100,75,383
700.70,COMP,546614,18.30,17.27,1,47.70,5.51,262.83,100,74,383
701.72,COMP,547417,18.30,17.27,1,48.41,4.03,195.09,100,71,383
702.74,COMP,548220,18.40,17.27,1,47.90,5.56,266.32,100,73,385
703.75,COMP,549023,18.30,17.27,1,47.74,6.69,319.38,100,74,383
704.77,COMP,549827,18.40,17.27,1,48.02,4.91,235.78,100,71,385
705.80,COMP,550630,18.40,17.27,1,47.46,7.73,366.87,100,76,385
706.82,COMP,551433,18.30,17.27,1,47.74,5.84,278.80,100,74,383
707.84,COMP,552236,18.30,17.27,1,47.99,5.17,248.11,100,72,383
708.85,COMP,553039,18.30,17.27,1,47.76,6.95,331.93,100,74,383
709.87,COMP,553842,18.40,17.27,1,47.35,6.86,324.82,100,76,385
710.90,COMP,554646,18.50,17.27,1,47.32,8.81,416.89,100,77,388
711.92,COMP,555449,18.40,17.27,1,47.63,6.88,327.69,100,75,385
712.94,COMP,556252,18.30,17.28,1,47.90,4.80,229.92,100,72,383
713.96,COMP,557256,18.40,17.27,1,48.20,3.41,164.36,100,70,385
714.99,COMP,558059,18.40,17.27,1,48.32,2.70,130.46,100,70,385
716.00,COMP,558862,18.30,17.27,1,48.62,0.09,4.38,100,66,383
717.02,COMP,559665,18.30,17.28,1,47.90,4.40,210.76,100,72,383
718.03,COMP,560468,18.30,17.28,1,48.14,3.11,149.72,100,70,383
719.06,COMP,561271,18.40,17.28,1,47.92,4.89,234.33,100,72,385
720.08,COMP,562074,18.30,17.28,1,47.62,6.79,323.34,100,75,383
721.10,COMP,562879,18.20,17.28,1,48.28,2.39,115.39,100,69,381
722.12,COMP,563682,18.30,17.28,1,48.42,2.97,143.81,100,69,383
723.14,COMP,564485,18.30,17.28,1,48.09,4.75,228.43,100,71,383
724.17,COMP,565288,18.40,17.28,1,46.82,10.90,510.34,100,80,385
725.19,COMP,566092,18.30,17.28,1,47.88,4.27,204.45,100,73,383
726.22,COMP,566895,18.40,17.28,1,47.37,6.76,320.22,100,75,385
727.24,COMP,567699,18.30,17.28,1,47.84,5.75,275.08,100,73,383
728.26,COMP,568502,18.40,17.28,1,47.72,6.27,299.20,100,74,385
729.28,COMP,569305,18.40,17.29,1,48.07,4.62,222.08,100,72,385
730.30,COMP,570108,18.30,17.29,1,47.99,4.80,230.35,100,72,383
731.32,COMP,570911,18.30,17.29,1,47.90,5.33,255.31,100,73,383
732.33,COMP,571714,18.30,17.29,1,47.62,6.34,301.91,100,74,383
733.35,COMP,572718,18.30,17.29,1,47.47,7.80,370.27,100,76,383
734.37,COMP,573521,18.40,17.29,1,47.92,4.89,234.33,100,72,385
735.39,COMP,574324,18.30,17.29,1,47.95,4.53,217.21,100,72,383
736.40,COMP,575127,18.40,17.29,1,48.00,4.87,233.76,100,73,385
737.43,COMP,575930,18.40,17.29,1,47.18,8.45,398.67,100,77,385
738.44,COMP,576733,18.40,17.29,1,47.56,5.76,273.95,100,74,385
739.46,COMP,577536,18.30,17.29,1,47.56,7.54,358.60,100,75,383
740.48,COMP,578339,18.20,17.29,1,47.84,5.48,262.16,100,73,381
741.50,COMP,579142,18.40,17.29,1,47.74,5.59,266.87,100,73,385
742.52,COMP,579945,18.30,17.29,1,47.46,5.66,268.62,100,74,383
743.55,COMP,580749,18.30,17.29,1,47.88,5.03,240.84,100,72,383
744.55,COMP,581552,18.30,17.29,1,47.56,6.09,289.64,100,76,383
745.57,COMP,582355,18.40,17.29,1,47.56,6.40,304.38,100,75,385
746.60,COMP,583159,18.40,17.30,1,48.00,6.71,322.08,100,74,385
747.62,COMP,583962,18.40,17.30,1,47.93,5.26,252.11,100,73,385
748.64,COMP,584765,18.30,17.30,1,48.16,3.19,153.63,100,70,383
749.66,COMP,585568,18.30,17.30,1,47.90,4.85,232.32,100,72,383
750.68,COMP,586371,18.30,17.30,1,47.63,6.56,312.45,100,75,383
751.71,COMP,587175,18.20,17.30,1,47.44,7.85,372.40,100,76,381
752.73,COMP,587978,18.40,17.30,1,48.07,3.99,191.80,100,71,385
753.75,COMP,588781,18.40,17.30,1,47.32,9.37,443.39,100,77,385
754.76,COMP,589785,18.30,17.30,1,47.92,4.75,227.62,100,72,383
755.78,COMP,590588,18.40,17.30,1,48.13,3.16,152.09,100,70,385
756.82,COMP,591391,18.30,17.30,1,47.54,6.75,320.90,100,75,383
757.83,COMP,592195,18.40,17.30,1,47.03,7.52,353.67,100,74,385
758.85,COMP,592998,18.40,17.30,1,47.33,8.85,418.87,100,77,385
759.87,COMP,593801,18.30,17.30,1,47.44,6.18,293.18,100,76,383
760.89,COMP,594605,18.30,17.30,1,48.13,3.26,156.90,100,70,383
761.92,COMP,595408,18.30,17.30,1,47.97,4.00,191.88,100,71,383
762.93,COMP,596211,18.30,17.31,1,47.79,5.81,277.66,100,74,383
763.96,COMP,597014,18.30,17.31,1,47.60,5.44,258.94,100,73,383
764.98,COMP,597818,18.20,17.31,1,47.83,5.26,251.59,100,72,381
766.00,COMP,598621,18.30,17.31,1,47.92,5.25,251.58,100,72,383
767.03,COMP,599424,18.40,17.31,1,47.44,4.80,227.71,100,73,385
768.05,COMP,600228,18.30,17.31,1,48.00,6.06,290.88,100,74,383
769.07,COMP,601031,18.40,17.31,1,47.49,7.57,359.50,100,76,385
770.09,COMP,601834,18.40,17.31,1,47.21,7.67,362.10,100,77,385
771.11,COMP,602637,18.30,17.31,1,47.58,5.32,253.13,100,74,383
772.14,COMP,603641,18.40,17.31,1,47.53,6.59,313.22,100,75,385
773.16,COMP,604444,18.30,17.31,1,47.70,5.72,272.84,100,73,383
774.18,COMP,605247,18.20,17.31,1,47.46,6.47,307.07,100,74,381
775.21,COMP,606051,18.30,17.31,1,47.72,6.57,313.52,100,74,383
776.24,COMP,606854,18.20,17.31,1,47.99,3.92,188.12,100,71,381
777.24,COMP,607657,18.40,17.31,1,47.54,5.50,261.47,100,73,385
778.27,COMP,608461,18.30,17.32,1,47.53,6.35,301.82,100,75,383
779.28,COMP,609264,18.40,17.32,1,47.21,8.82,416.39,100,77,385
780.31,COMP,610067,18.40,17.32,1,47.46,6.99,331.75,100,76,385
781.33,COMP,610872,18.30,17.32,1,48.00,4.20,201.60,100,72,383
782.35,COMP,611676,18.30,17.32,1,47.58,5.60,266.45,100,72,383
783.38,COMP,612479,18.30,17.32,1,47.62,6.98,332.39,100,74,383
784.40,COMP,613282,18.20,17.32,1,47.56,6.00,285.36,100,73,381
785.43,COMP,614085,18.30,17.32,1,47.51,5.75,273.18,100,75,383
786.45,COMP,614889,18.40,17.32,1,48.27,4.13,199.36,100,70,385
787.48,COMP,615692,18.40,17.32,1,47.65,6.99,333.07,100,74,385
788.50,COMP,616495,18.40,17.32,1,47.33,8.09,382.90,100,76,385
789.51,COMP,617298,18.30,17.33,1,47.56,6.96,331.02,100,75,383
790.53,COMP,618302,18.30,17.32,1,47.81,4.16,198.89,100,73,383
791.55,COMP,619105,18.30,17.32,1,47.62,6.74,320.96,100,74,383
792.56,COMP,619908,18.30,17.32,1,47.60,6.21,295.60,100,74,383
793.59,COMP,620711,18.40,17.33,1,47.51,5.61,266.53,100,75,385
794.61,COMP,621514,18.30,17.33,1,47.67,5.25,250.27,100,72,383
795.64,COMP,622318,18.30,17.33,1,48.35,1.94,93.80,100,69,383
796.66,COMP,623121,18.40,17.33,1,47.93,4.49,215.21,100,72,385
797.66,COMP,623924,18.30,17.33,1,48.06,4.02,193.20,100,71,383
798.68,COMP,624727,18.30,17.33,1,47.92,4.34,207.97,100,72,383
799.70,COMP,625531,18.20,17.33,1,48.30,1.50,72.45,100,68,381
800.72,COMP,626334,18.30,17.33,1,47.90,4.44,212.68,100,72,383
801.74,COMP,627137,18.30,17.33,1,48.49,1.71,82.92,100,67,383
802.75,COMP,627940,18.30,17.33,1,48.00,2.98,143.04,100,71,383
803.77,COMP,628743,18.30,17.33,1,47.77,2.94,140.44,100,71,383
804.79,COMP,629547,18.30,17.33,1,48.25,1.54,74.30,100,68,383
805.81,COMP,630350,18.20,17.34,1,48.55,0.66,32.04,100,65,381
806.83,COMP,631152,18.40,17.34,1,48.30,2.36,113.99,100,69,385
807.84,COMP,631956,18.50,17.34,1,47.99,4.67,224.11,100,71,388
808.86,COMP,632759,18.30,17.34,1,48.06,3.91,187.91,100,71,383
809.88,COMP,633563,18.20,17.34,1,48.00,4.84,232.32,100,71,381
810.90,COMP,634366,18.30,17.34,1,47.99,2.83,135.81,100,71,383
811.92,COMP,635170,18.40,17.34,1,47.60,6.24,297.02,100,75,385
812.95,COMP,636174,18.30,17.34,1,47.30,5.52,261.10,100,74,383
813.97,COMP,636977,18.40,17.34,1,47.76,5.36,255.99,100,73,385
814.98,COMP,637780,18.40,17.34,1,47.81,4.75,227.10,100,72,385
816.01,COMP,638583,18.40,17.34,1,47.76,3.99,190.56,100,71,385
817.03,COMP,639387,18.30,17.34,1,48.20,5.10,245.82,100,71,383
818.05,COMP,640190,18.30,17.34,1,47.56,5.64,268.24,100,73,383
819.06,COMP,640993,18.30,17.34,1,48.48,2.01,97.44,100,70,383
820.08,COMP,641796,18.40,17.34,1,48.41,1.33,64.39,100,68,385
821.09,COMP,642599,18.40,17.35,1,48.23,3.14,151.44,100,70,385
822.11,COMP,643402,18.40,17.35,1,48.16,2.54,122.33,100,69,385
823.13,COMP,644205,18.30,17.35,1,48.46,1.82,88.20,100,67,383
824.14,COMP,645008,18.40,17.35,1,47.99,3.76,180.44,100,71,385
825.16,COMP,645811,18.30,17.35,1,48.41,0.86,41.63,100,68,383
826.18,COMP,646614,18.30,17.35,1,48.02,3.59,172.39,100,71,383
827.20,COMP,647418,18.40,17.35,1,48.20,4.99,240.52,100,72,385
828.23,COMP,648223,18.40,17.35,1,47.92,4.99,239.12,100,73,385
829.25,COMP,649031,18.40,17.35,1,47.65,6.22,296.38,100,75,385
830.26,COMP,649839,18.50,17.35,1,47.95,4.35,208.58,100,72,388
831.28,COMP,650646,18.40,17.35,1,47.88,3.36,160.88,100,72,385
832.30,COMP,651455,18.50,17.35,1,47.93,4.08,195.55,100,72,388
833.31,COMP,652262,18.50,17.36,1,47.86,5.10,244.09,100,73,388
834.33,COMP,653070,18.50,17.36,1,47.79,5.84,279.09,100,74,388
835.34,COMP,653877,18.40,17.36,1,47.56,5.93,282.03,100,73,385
836.36,COMP,654686,18.40,17.36,1,47.99,3.76,180.44,100,71,385
837.38,COMP,655695,18.50,17.36,1,47.56,8.06,383.33,100,75,388
838.40,COMP,656503,18.30,17.36,1,47.86,3.32,158.90,100,70,383
839.43,COMP,657310,18.40,17.36,1,47.67,5.47,260.75,100,74,385
840.45,COMP,658118,18.50,17.36,1,47.54,6.21,295.22,100,76,388
841.48,COMP,658926,18.40,17.36,1,47.70,5.63,268.55,100,73,385
842.50,COMP,659734,18.40,17.36,1,47.63,5.71,271.97,100,75,385
843.52,COMP,660542,18.60,17.36,1,47.81,5.41,258.65,100,73,390
844.53,COMP,661349,18.40,17.36,1,47.74,5.57,265.91,100,74,385
845.56,COMP,662157,18.40,17.36,1,47.32,6.38,301.90,100,74,385
846.58,COMP,662964,18.40,17.36,1,47.56,6.68,317.70,100,75,385
847.60,COMP,663772,18.40,17.36,1,47.67,5.08,242.16,100,74,385
848.63,COMP,664580,18.40,17.36,1,47.79,5.08,242.77,100,72,385
849.64,COMP,665388,18.40,17.37,1,47.79,5.30,253.29,100,73,385
850.66,COMP,666195,18.40,17.37,1,47.92,4.88,233.85,100,72,385
851.68,COMP,667002,18.40,17.37,1,47.28,5.20,245.86,100,74,385
852.70,COMP,667810,18.50,17.37,1,47.19,6.78,319.95,100,75,388
853.71,COMP,668618,18.40,17.37,1,47.83,5.06,242.02,100,73,385
854.73,COMP,669425,18.20,17.37,1,47.84,4.85,232.02,100,72,381
855.75,COMP,670233,18.40,17.37,1,48.07,2.86,137.48,100,70,385
856.77,COMP,671241,18.40,17.37,1,47.86,5.07,242.65,100,73,385
857.80,COMP,672049,18.30,17.37,1,47.67,3.62,172.57,100,71,383
858.84,COMP,672856,18.50,17.37,1,47.88,3.26,156.09,100,71,388
859.85,COMP,673664,18.40,17.37,1,48.02,3.74,179.59,100,71,385
860.87,COMP,674472,18.30,17.37,1,48.60,0.22,10.69,100,65,383
861.89,COMP,675279,18.40,17.37,1,48.21,2.86,137.88,100,70,385
862.91,COMP,676087,18.40,17.37,1,47.95,3.42,163.99,100,71,385
863.92,COMP,676894,18.40,17.37,1,47.88,3.75,179.55,100,72,385
864.94,COMP,677702,18.40,17.38,1,48.32,2.20,106.30,100,69,385
865.96,COMP,678510,18.40,17.38,1,48.41,1.41,68.26,100,67,385
866.98,COMP,679317,18.50,17.38,1,48.62,0.49,23.82,100,67,388
868.00,COMP,680125,18.40,17.38,1,48.14,2.60,125.16,100,70,385
869.01,COMP,680933,18.50,17.38,1,47.53,4.58,217.69,100,73,388
870.03,COMP,681740,18.40,17.38,1,48.06,4.05,194.64,100,71,385
871.05,COMP,682549,18.40,17.38,1,47.37,5.24,248.22,100,73,385
872.07,COMP,683356,18.30,17.38,1,47.70,4.55,217.04,100,74,383
873.09,COMP,684164,18.40,17.38,1,47.51,6.24,296.46,100,73,385
874.11,COMP,684971,18.50,17.38,1,47.30,8.16,385.97,100,77,388
875.13,COMP,685779,18.60,17.38,1,47.30,9.89,467.80,100,78,390
876.15,COMP,686586,18.40,17.39,1,47.03,6.75,317.45,100,75,385
877.17,COMP,687596,18.40,17.38,1,47.32,9.20,435.34,100,78,385
878.20,COMP,688403,18.40,17.38,1,46.70,9.87,460.93,100,79,385
879.23,COMP,689211,18.40,17.38,1,47.05,8.53,401.34,100,78,385
880.26,COMP,690019,18.50,17.39,1,46.89,9.80,459.52,100,78,388
881.27,COMP,690827,18.50,17.39,1,46.89,11.09,520.01,100,79,388
882.29,COMP,691635,18.30,17.39,1,47.19,8.50,401.12,100,78,383
883.31,COMP,692443,18.50,17.39,1,47.16,8.98,423.50,100,77,388
884.33,COMP,693251,18.60,17.39,1,47.14,9.35,440.76,100,78,390
885.35,COMP,694059,18.50,17.39,1,46.81,8.81,412.40,100,77,388
886.37,COMP,694866,18.40,17.39,1,46.97,10.27,482.38,100,79,385
887.38,COMP,695674,18.50,17.39,1,47.05,8.44,397.10,100,78,388
888.40,COMP,696482,18.30,17.39,1,47.21,7.95,375.32,100,76,383
889.44,COMP,697290,18.30,17.39,1,47.90,3.85,184.42,100,71,383
890.46,COMP,698098,18.40,17.39,1,47.56,6.04,287.26,100,74,385
891.48,COMP,698906,18.40,17.40,1,48.00,4.24,203.52,100,72,385
892.49,COMP,699713,18.50,17.40,1,47.46,6.21,294.73,100,75,388
893.52,COMP,700520,18.50,17.40,1,46.77,9.74,455.54,100,79,388
894.53,COMP,701328,18.50,17.40,1,47.32,4.98,235.65,100,73,388
895.55,COMP,702136,18.40,17.40,1,47.60,4.14,197.06,100,73,385
896.57,COMP,703146,18.50,17.40,1,47.23,8.12,383.51,100,77,388
897.59,COMP,703954,18.40,17.40,1,47.16,8.50,400.86,100,77,385
898.63,COMP,704762,18.40,17.40,1,47.39,6.74,319.41,100,74,385
899.63,COMP,705570,18.40,17.40,1,47.44,6.44,305.51,100,75,385
900.65,COMP,706378,18.50,17.40,1,47.72,4.27,203.76,100,73,388
901.67,COMP,707187,18.50,17.40,1,47.16,8.41,396.62,100,77,388
902.69,COMP,707994,18.50,17.40,1,46.95,8.12,381.23,100,77,388
903.72,COMP,708802,18.50,17.40,1,46.97,7.90,371.06,100,77,388
904.73,COMP,709610,18.30,17.40,1,47.28,6.49,306.85,100,75,383
905.76,COMP,710417,18.40,17.40,1,47.07,8.82,415.16,100,78,385
906.78,COMP,711225,18.40,17.41,1,47.44,7.04,333.98,100,75,385
907.79,COMP,712032,18.40,17.41,1,47.30,5.67,268.19,100,73,385
908.82,COMP,712840,18.40,17.41,1,47.72,5.13,244.80,100,72,385
909.82,COMP,713648,18.50,17.41,1,47.67,4.66,222.14,100,73,388
910.84,COMP,714455,18.50,17.41,1,47.74,4.36,208.15,100,72,388
911.87,COMP,715263,18.40,17.41,1,47.44,6.99,331.61,100,75,385
912.89,COMP,716071,18.50,17.41,1,47.32,4.59,217.20,100,72,388
913.92,COMP,716878,18.40,17.41,1,47.53,5.95,282.80,100,73,385
914.94,COMP,717686,18.50,17.41,1,47.37,6.98,330.64,100,75,388
915.96,COMP,718493,18.40,17.41,1,46.97,10.16,477.22,100,78,385
916.98,COMP,719503,18.50,17.41,1,47.58,5.15,245.04,100,73,388
918.00,COMP,720311,18.40,17.41,1,47.62,5.29,251.91,100,73,385
919.03,COMP,721119,18.40,17.41,1,47.72,5.46,260.55,100,72,385
920.03,COMP,721927,18.60,17.41,1,48.46,0.17,8.24,100,66,390
921.05,COMP,722737,18.50,17.42,1,48.55,-0.04,-1.94,100,65,388
922.07,COMP,723547,18.60,17.42,1,48.58,-0.16,-7.77,100,66,390
923.09,COMP,724356,18.60,17.42,1,47.44,5.48,259.97,100,75,390
924.11,COMP,725164,18.30,17.42,1,48.11,2.45,117.87,100,69,383
925.13,COMP,725972,18.50,17.42,1,47.47,6.03,286.24,100,75,388
926.15,COMP,726779,18.40,17.42,1,47.70,4.51,215.13,100,72,385
927.17,COMP,727587,18.50,17.42,1,47.92,3.85,184.49,100,71,388
928.19,COMP,728394,18.40,17.42,1,47.21,6.56,309.70,100,75,385
929.21,COMP,729202,18.50,17.42,1,47.03,8.44,396.93,100,78,388
930.21,COMP,730010,18.50,17.42,1,47.46,4.97,235.88,100,74,388
931.24,COMP,730818,18.40,17.42,1,47.32,6.67,315.62,100,75,385
932.26,COMP,731626,18.50,17.43,1,48.09,3.01,144.75,100,69,388
933.28,COMP,732434,18.40,17.43,1,48.32,1.05,50.74,100,67,385
934.30,COMP,733241,18.50,17.43,1,47.86,4.15,198.62,100,72,388
935.32,COMP,734049,18.40,17.43,1,48.06,3.49,167.73,100,70,385
936.34,COMP,734857,18.50,17.43,1,48.18,2.54,122.38,100,70,388
937.36,COMP,735664,18.50,17.43,1,47.35,5.53,261.85,100,74,388
938.38,COMP,736674,18.40,17.43,1,47.70,4.73,225.62,100,73,385
939.40,COMP,737481,18.40,17.43,1,46.75,7.69,359.51,100,77,385
940.41,COMP,738289,18.30,17.43,1,46.91,7.86,368.71,100,77,383
941.44,COMP,739097,18.50,17.43,1,46.60,11.63,541.96,100,80,388
942.46,COMP,739905,18.50,17.43,1,46.89,10.17,476.87,100,79,388
943.48,COMP,740712,18.40,17.43,1,46.65,11.52,537.41,100,80,385
944.51,COMP,741520,18.50,17.43,1,47.02,8.29,389.80,100,77,388
945.52,COMP,742328,18.40,17.43,1,46.75,10.73,501.63,100,80,385
946.54,COMP,743135,18.30,17.44,1,47.10,6.71,316.04,100,76,383
947.57,COMP,743943,18.40,17.44,1,47.37,6.44,305.06,100,75,385
948.58,COMP,744751,18.40,17.44,1,47.79,3.46,165.35,100,71,385
949.61,COMP,745559,18.50,17.44,1,47.83,3.39,162.14,100,71,388
950.64,COMP,746366,18.50,17.44,1,47.44,6.07,287.96,100,74,388
951.66,COMP,747174,18.50,17.44,1,47.84,5.43,259.77,100,74,388
952.68,COMP,747981,18.50,17.44,1,47.25,7.46,352.49,100,76,388
953.70,COMP,748788,18.40,17.44,1,47.56,4.05,192.62,100,72,385
954.72,COMP,749597,18.40,17.44,1,47.93,2.59,124.14,100,70,385
955.74,COMP,750404,18.40,17.45,1,47.42,6.13,290.68,100,75,385
956.75,COMP,751211,18.40,17.45,1,47.60,5.76,274.18,100,73,385
957.77,COMP,752019,18.50,17.45,1,46.95,7.26,340.86,100,75,388
958.79,COMP,753029,18.50,17.44,1,47.60,4.63,220.39,100,73,388
959.81,COMP,753837,18.50,17.45,1,47.77,3.02,144.27,100,71,388
960.85,COMP,754645,18.50,17.45,1,47.72,4.86,231.92,100,72,388
961.87,COMP,755453,18.40,17.45,1,47.51,5.85,277.93,100,74,385
962.88,COMP,756260,18.50,17.45,1,46.97,6.98,327.85,100,76,388
963.91,COMP,757068,18.30,17.45,1,47.92,2.59,124.11,100,70,383
964.93,COMP,757876,18.40,17.45,1,47.56,4.44,211.17,100,73,385
965.94,COMP,758686,18.50,17.45,1,47.79,3.18,151.97,100,71,388
966.96,COMP,759497,18.50,17.45,1,47.90,3.50,167.65,100,72,388
967.98,COMP,760309,18.50,17.45,1,48.34,1.39,67.19,100,67,388
968.99,COMP,761121,18.60,17.45,1,47.84,3.10,148.30,100,72,390
970.01,COMP,761932,18.50,17.46,1,47.70,4.48,213.70,100,72,388
971.04,COMP,762743,18.50,17.46,1,47.81,3.11,148.69,100,70,388
972.06,COMP,763555,18.40,17.46,1,47.70,4.48,213.70,100,73,385
973.07,COMP,764366,18.50,17.46,1,47.21,5.86,276.65,100,76,388
974.09,COMP,765179,18.50,17.46,1,47.10,6.01,283.07,100,75,388
975.11,COMP,765990,18.60,17.46,1,47.86,3.29,157.46,100,72,390
976.13,COMP,766802,18.50,17.46,1,47.56,5.67,269.67,100,74,388
977.15,COMP,767613,18.60,17.46,1,47.28,6.68,315.83,100,75,390
978.16,COMP,768424,18.50,17.46,1,47.21,6.42,303.09,100,75,388
979.18,COMP,769439,18.50,17.46,1,47.74,4.32,206.24,100,73,388
980.21,COMP,770251,18.70,17.46,1,47.53,6.38,303.24,100,74,392
981.21,COMP,771063,18.60,17.46,1,47.79,3.44,164.40,100,72,390
982.23,COMP,771874,18.40,17.46,1,47.33,5.42,256.53,100,74,385
983.25,COMP,772686,18.50,17.46,1,47.58,5.64,268.35,100,74,388
984.27,COMP,773498,18.50,17.47,1,47.10,7.15,336.76,100,78,388
985.29,COMP,774309,18.60,17.47,1,47.16,6.68,315.03,100,75,390
986.31,COMP,775121,18.40,17.47,1,47.79,4.09,195.46,100,72,385
987.33,COMP,775933,18.50,17.47,1,47.53,5.38,255.71,100,74,388
988.34,COMP,776745,18.60,17.47,1,47.72,4.21,200.90,100,73,390
989.36,COMP,777557,18.60,17.47,1,47.47,8.47,402.07,100,78,390
990.38,COMP,778369,18.50,17.47,1,47.74,4.03,192.39,100,72,388
991.39,COMP,779181,18.50,17.47,1,46.97,7.42,348.52,100,77,388
992.40,COMP,779993,18.60,17.47,1,46.89,8.57,401.85,100,78,390
993.42,COMP,780805,18.50,17.47,1,47.28,6.03,285.10,100,74,388
994.44,COMP,781617,18.50,17.47,1,47.21,6.48,305.92,100,77,388
995.46,COMP,782428,18.60,17.48,1,47.07,6.03,283.83,100,75,390
996.48,COMP,783240,18.60,17.48,1,46.93,9.00,422.37,100,79,390
997.50,COMP,784051,18.60,17.48,1,47.28,6.47,305.90,100,75,390
998.51,COMP,784863,18.50,17.48,1,47.51,5.50,261.30,100,74,388
999.54,COMP,785675,18.60,17.48,1,47.74,5.06,241.56,100,71,390
1000.56,COMP,786486,18.50,17.48,1,47.39,5.83,276.28,100,75,388
1001.56,COMP,787298,18.50,17.48,1,47.03,8.04,378.12,100,78,388
1002.59,COMP,788117,18.80,17.48,1,48.37,0.01,0.48,100,67,394
1003.60,COMP,788932,18.60,17.48,1,47.46,4.76,225.91,100,74,390
1004.63,COMP,789946,18.40,17.48,1,47.72,3.88,185.15,100,71,385
1005.65,COMP,790758,18.50,17.48,1,47.00,6.37,299.39,100,77,388
1006.68,COMP,791571,18.50,17.48,1,47.63,6.77,322.46,100,76,388
1007.70,COMP,792383,18.60,17.48,1,47.76,3.94,188.17,100,73,390
1008.72,COMP,793195,18.50,17.48,1,47.42,5.64,267.45,100,74,388
1009.74,COMP,794007,18.50,17.49,1,47.44,5.27,250.01,100,74,388
1010.76,COMP,794820,18.60,17.49,1,47.21,7.18,338.97,100,77,390
1011.77,COMP,795632,18.60,17.49,1,46.74,10.59,494.98,100,81,390
1012.79,COMP,796444,18.60,17.49,1,46.79,8.82,412.69,100,79,390
1013.79,COMP,797256,18.50,17.49,1,47.26,6.67,315.22,100,75,388
1014.81,COMP,798069,18.50,17.49,1,47.51,5.18,246.10,100,74,388
1015.83,COMP,798881,18.40,17.49,1,47.19,6.34,299.18,100,76,385
1016.86,COMP,799694,18.50,17.49,1,47.47,4.52,214.56,100,74,388
1017.88,COMP,800506,18.60,17.49,1,47.46,4.82,228.76,100,73,390
1018.90,COMP,801318,18.60,17.49,1,47.49,5.45,258.82,100,74,390
1019.92,COMP,802130,18.60,17.50,1,47.46,5.66,268.62,100,74,390
1020.93,COMP,802942,18.60,17.50,1,46.95,7.09,332.88,100,76,390
1021.93,COMP,803754,18.50,17.50,1,47.14,6.48,305.47,100,75,388
1022.96,COMP,804566,18.60,17.50,1,47.23,6.68,315.50,100,75,390
1023.98,COMP,805378,18.50,17.50,1,47.86,2.25,107.68,100,70,388
1025.00,COMP,806190,18.40,17.50,1,47.30,5.68,268.66,100,74,385
1026.03,COMP,807002,18.40,17.50,1,47.84,3.07,146.87,100,71,385
1027.05,COMP,808017,18.50,17.50,1,47.46,6.34,300.90,100,74,388
1028.07,COMP,808829,18.50,17.50,1,47.23,7.14,337.22,100,76,388
1029.09,COMP,809641,18.50,17.50,1,47.21,6.60,311.59,100,76,388
1030.13,COMP,810453,18.40,17.50,1,47.70,4.46,212.74,100,73,385
1031.15,COMP,811265,18.60,17.50,1,47.19,7.08,334.11,100,76,390
1032.18,COMP,812078,18.50,17.50,1,47.93,2.48,118.87,100,70,388
1033.20,COMP,812889,18.60,17.51,1,47.74,3.31,158.02,100,71,390
1034.22,COMP,813702,18.50,17.51,1,47.44,6.16,292.23,100,75,388
1035.25,COMP,814514,18.50,17.51,1,47.46,5.11,242.52,100,74,388
1036.26,COMP,815326,18.50,17.51,1,47.03,7.42,348.96,100,77,388
1037.28,COMP,816138,18.40,17.51,1,47.44,5.36,254.28,100,75,385
1038.31,COMP,816950,18.60,17.51,1,46.89,6.38,299.16,100,77,390
1039.33,COMP,817763,18.40,17.51,1,47.60,5.10,242.76,100,73,385
1040.36,COMP,818575,18.40,17.51,1,47.92,2.88,138.01,100,71,385
1041.38,COMP,819387,18.60,17.51,1,47.39,5.60,265.38,100,74,390
1042.41,COMP,820200,18.50,17.52,1,47.77,3.61,172.45,100,71,388
1043.43,COMP,821214,18.40,17.51,1,47.10,6.18,291.08,100,75,385
1044.46,COMP,822027,18.60,17.51,1,47.60,4.57,217.53,100,73,390
1045.47,COMP,822839,18.60,17.51,1,47.74,3.72,177.59,100,72,390
1046.50,COMP,823651,18.50,17.52,1,47.53,5.59,265.69,100,74,388
1047.52,COMP,824463,18.50,17.52,1,47.58,4.96,236.00,100,73,388
1048.54,COMP,825275,18.60,17.52,1,47.23,6.93,327.30,100,75,390
1049.56,COMP,826088,18.50,17.52,1,47.32,6.23,294.80,100,75,388
1050.58,COMP,826900,18.50,17.52,1,47.02,5.38,252.97,100,74,388
1051.58,COMP,827713,18.60,17.52,1,47.56,4.64,220.68,100,74,390
1052.59,COMP,828525,18.50,17.52,1,47.58,4.58,217.92,100,73,388
1053.61,COMP,829337,18.50,17.52,1,47.90,3.31,158.55,100,71,388
1054.63,COMP,830149,18.50,17.52,1,47.65,4.53,215.85,100,72,388
1055.65,COMP,830961,18.50,17.53,1,47.16,7.64,360.30,100,77,388
1056.66,COMP,831773,18.60,17.53,1,47.49,5.18,246.00,100,74,390
1057.68,COMP,832586,18.50,17.53,1,47.14,6.66,313.95,100,77,388
1058.70,COMP,833398,18.50,17.53,1,47.63,6.11,291.02,100,75,388
1059.73,COMP,834209,18.50,17.53,1,46.89,7.70,361.05,100,77,388
1060.75,COMP,835021,18.60,17.53,1,47.21,5.69,268.62,100,75,390
1061.77,COMP,835834,18.50,17.53,1,47.67,3.09,147.30,100,71,388
1062.80,COMP,836646,18.60,17.53,1,47.25,6.91,326.50,100,76,390
1063.82,COMP,837458,18.40,17.53,1,47.37,5.22,247.27,100,75,385
1064.84,COMP,838271,18.60,17.54,1,47.33,6.56,310.48,100,74,390
1065.86,COMP,839286,18.50,17.53,1,47.63,3.70,176.23,100,72,388
1066.88,COMP,840098,18.60,17.53,1,47.60,4.42,210.39,100,73,390
1067.89,COMP,840910,18.50,17.53,1,47.70,3.53,168.38,100,72,388
1068.91,COMP,841722,18.60,17.54,1,47.40,4.72,223.73,100,73,390
1069.93,COMP,842535,18.60,17.54,1,47.23,5.23,247.01,100,74,390
1070.95,COMP,843347,18.50,17.54,1,47.30,6.18,292.31,100,75,388
1071.97,COMP,844159,18.50,17.54,1,47.44,4.98,236.25,100,74,388
1072.97,COMP,844971,18.80,17.54,1,46.68,8.43,393.51,100,82,394
1073.99,COMP,845783,18.50,17.54,1,47.53,5.37,255.24,100,74,388
1075.01,COMP,846595,18.50,17.54,1,47.86,3.06,146.45,100,71,388
1076.02,COMP,847407,18.60,17.54,1,47.00,6.29,295.63,100,76,390
1077.04,COMP,848220,18.50,17.54,1,47.30,6.26,296.10,100,75,388
1078.05,COMP,849032,18.60,17.55,1,47.23,6.18,291.88,100,75,390
1079.07,COMP,849845,18.50,17.55,1,47.58,3.94,187.47,100,72,388
1080.10,COMP,850656,18.50,17.55,1,46.86,6.79,318.18,100,76,388
1081.13,COMP,851469,18.50,17.55,1,47.09,7.74,364.48,100,78,388
1082.15,COMP,852284,18.70,17.55,1,47.65,4.61,219.67,100,74,392
1083.18,COMP,853100,18.60,17.55,1,47.49,4.21,199.93,100,74,390
1084.19,COMP,853916,18.60,17.55,1,47.00,6.39,300.33,100,77,390
1085.21,COMP,854733,18.60,17.55,1,47.88,3.42,163.75,100,71,390
1086.24,COMP,855549,18.30,17.56,1,47.74,4.61,220.08,100,71,383
1087.26,COMP,856366,18.60,17.56,1,47.42,3.05,144.63,100,72,390
1088.28,COMP,857182,18.60,17.56,1,47.53,4.48,212.93,100,73,390
1089.30,COMP,858202,18.60,17.55,1,47.77,2.54,121.34,100,71,390
1090.32,COMP,859018,18.70,17.56,1,47.23,4.75,224.34,100,74,392
1091.34,COMP,859835,18.70,17.56,1,47.56,4.11,195.47,100,73,392
1092.37,COMP,860651,18.70,17.56,1,47.79,3.15,150.54,100,72,392
1093.39,COMP,861468,18.50,17.56,1,47.30,4.58,216.63,100,73,388
1094.40,COMP,862284,18.70,17.56,1,47.30,5.82,275.29,100,76,392
1095.42,COMP,863101,18.70,17.56,1,47.44,4.93,233.88,100,75,392
1096.44,COMP,863917,18.60,17.56,1,48.02,2.49,119.57,100,69,390
1097.46,COMP,864734,18.60,17.56,1,47.12,7.96,375.08,100,77,390
1098.47,COMP,865550,18.60,17.56,1,47.72,3.81,181.81,100,72,390
1099.49,COMP,866367,18.60,17.56,1,47.32,6.18,292.44,100,76,390
1100.50,COMP,867183,18.60,17.57,1,47.86,1.86,89.02,100,72,390
1101.52,COMP,868000,18.50,17.57,1,47.21,3.78,178.45,100,73,388
1102.54,COMP,868816,18.70,17.57,1,47.26,5.41,255.68,100,74,392
1103.57,COMP,869633,18.60,17.57,1,47.74,3.52,168.04,100,72,390
1104.59,COMP,870450,18.60,17.57,1,47.97,1.54,73.87,100,70,390
1105.61,COMP,871266,18.60,17.57,1,47.90,3.20,153.28,100,71,390
1106.63,COMP,872083,18.70,17.57,1,47.70,3.71,176.97,100,71,392
1107.65,COMP,872899,18.60,17.57,1,47.58,4.26,202.69,100,73,390
1108.66,COMP,873716,18.60,17.57,1,47.74,4.30,205.28,100,73,390
1109.68,COMP,874532,18.70,17.58,1,47.14,6.28,296.04,100,76,392
1110.70,COMP,875348,18.70,17.58,1,46.88,8.09,379.26,100,78,392
1111.73,COMP,876369,18.60,17.57,1,47.81,3.52,168.29,100,71,390
1112.75,COMP,877186,18.60,17.58,1,47.79,4.33,206.93,100,73,390
1113.76,COMP,878002,18.70,17.58,1,47.62,3.23,153.81,100,72,392
1114.79,COMP,878819,18.60,17.58,1,47.63,4.34,206.71,100,73,390
1115.80,COMP,879636,18.50,17.58,1,47.14,5.05,238.06,100,75,388
1116.82,COMP,880452,18.70,17.58,1,47.60,3.82,181.83,100,73,392
1117.84,COMP,881269,18.60,17.58,1,47.37,5.68,269.06,100,75,390
1118.86,COMP,882085,18.60,17.58,1,47.05,7.45,350.52,100,77,390
1119.89,COMP,882902,18.50,17.58,1,47.72,3.26,155.57,100,72,388
1120.89,COMP,883718,18.60,17.58,1,47.42,5.58,264.60,100,74,390
1121.91,COMP,884534,18.60,17.59,1,47.62,3.70,176.19,100,72,390
1122.91,COMP,885351,18.50,17.59,1,46.68,7.49,349.63,100,78,388
1123.92,COMP,886167,18.70,17.59,1,47.00,8.05,378.35,100,77,392
1124.95,COMP,886984,18.60,17.59,1,46.97,7.16,336.31,100,78,390
1125.95,COMP,887801,18.60,17.59,1,46.86,7.05,330.36,100,76,390
1126.98,COMP,888616,18.60,17.59,1,47.21,5.00,236.05,100,74,390
1128.00,COMP,889433,18.50,17.59,1,47.72,3.65,174.18,100,72,388
1129.02,COMP,890250,18.60,17.59,1,47.00,6.02,282.94,100,76,390
1130.05,COMP,891066,18.60,17.59,1,47.63,3.80,180.99,100,72,390
1131.07,COMP,891882,18.70,17.60,1,46.89,4.93,231.17,100,76,392
1132.09,COMP,892699,18.50,17.60,1,47.90,4.07,194.95,100,72,388
1133.12,COMP,893516,18.60,17.60,1,47.86,2.02,96.68,100,70,390
1134.13,COMP,894332,18.70,17.60,1,47.30,6.20,293.26,100,76,392
1135.14,COMP,895149,18.60,17.60,1,47.79,2.83,135.25,100,70,390
1136.16,COMP,895965,18.60,17.60,1,47.77,3.49,166.72,100,72,390
1137.18,COMP,896985,18.50,17.60,1,47.58,3.75,178.43,100,73,388
1138.21,COMP,897801,18.50,17.60,1,47.65,4.11,195.84,100,72,388
1139.24,COMP,898617,18.50,17.60,1,47.65,1.90,90.54,100,71,388
1140.26,COMP,899434,18.60,17.60,1,48.06,1.88,90.35,100,68,390
1141.28,COMP,900252,18.70,17.60,1,47.79,3.19,152.45,100,71,392
1142.30,COMP,901068,18.60,17.60,1,47.35,5.60,265.16,100,75,390
1143.32,COMP,901884,18.70,17.61,1,47.16,7.37,347.57,100,76,392
1144.34,COMP,902700,18.60,17.61,1,47.51,4.16,197.64,100,73,390
1145.36,COMP,903517,18.60,17.61,1,48.02,2.59,124.37,100,70,390
1146.38,COMP,904333,18.60,17.61,1,47.58,3.84,182.71,100,73,390
1147.40,COMP,905150,18.50,17.61,1,47.97,2.02,96.90,100,71,388
1148.42,COMP,905965,18.60,17.61,1,47.37,3.85,182.37,100,73,390
1149.44,COMP,906782,18.60,17.61,1,47.47,5.01,237.82,100,74,390
1150.46,COMP,907598,18.60,17.61,1,48.07,1.00,48.07,100,69,390
1151.47,COMP,908415,18.70,17.62,1,47.79,3.07,146.72,100,71,392
1152.49,COMP,909231,18.60,17.62,1,47.99,2.11,101.26,100,70,390
1153.51,COMP,910047,18.60,17.62,1,48.14,1.39,66.91,100,69,390
1154.54,COMP,910864,18.60,17.62,1,47.67,3.33,158.74,100,72,390
1155.56,COMP,911681,18.60,17.62,1,47.83,2.31,110.49,100,70,390
1156.59,COMP,912701,18.50,17.62,1,47.42,5.93,281.20,100,74,388
1157.61,COMP,913518,18.60,17.62,1,47.86,2.15,102.90,100,71,390
1158.64,COMP,914334,18.60,17.62,1,47.39,5.15,244.06,100,75,390
1159.66,COMP,915151,18.70,17.62,1,47.60,4.09,194.68,100,73,392
1160.68,COMP,915967,18.60,17.62,1,47.39,5.52,261.59,100,74,390
1161.70,COMP,916784,18.70,17.62,1,47.10,7.02,330.64,100,77,392
1162.72,COMP,917600,18.60,17.62,1,47.23,5.50,259.76,100,75,390
1163.73,COMP,918417,18.70,17.63,1,47.37,6.24,295.59,100,75,392
1164.76,COMP,919233,18.70,17.63,1,47.32,5.36,253.64,100,75,392
1165.78,COMP,920050,18.60,17.63,1,47.37,5.04,238.74,100,74,390
1166.79,COMP,920866,18.60,17.63,1,47.46,3.58,169.91,100,73,390
1167.81,COMP,921682,18.60,17.63,1,47.33,4.49,212.51,100,74,390
1168.84,COMP,922499,18.60,17.63,1,47.67,3.05,145.39,100,72,390
1169.86,COMP,923315,18.60,17.63,1,46.86,7.93,371.60,100,78,390
1170.87,COMP,924132,18.70,17.63,1,47.42,5.43,257.49,100,74,392
1171.89,COMP,924949,18.60,17.64,1,47.00,7.11,334.17,100,77,390
1172.91,COMP,925766,18.60,17.64,1,47.21,6.48,305.92,100,76,390
1173.94,COMP,926582,18.70,17.64,1,47.14,6.52,307.35,100,76,392
1174.96,COMP,927399,18.60,17.64,1,47.33,9.00,425.97,100,79,390
1175.98,COMP,928419,18.50,17.64,1,47.32,5.43,256.95,100,76,388
1177.00,COMP,929235,18.70,17.64,1,47.49,3.39,160.99,100,72,392
1178.02,COMP,930052,18.70,17.64,1,46.72,6.50,303.68,100,76,392
1179.05,COMP,930868,18.70,17.64,1,47.02,6.22,292.46,100,76,392
1180.08,COMP,931685,18.80,17.64,1,46.89,8.60,403.25,100,78,394
1181.10,COMP,932501,18.60,17.64,1,47.02,7.58,356.41,100,77,390
1182.12,COMP,933317,18.60,17.64,1,46.68,8.69,405.65,100,79,390
1183.14,COMP,934133,18.60,17.65,1,46.31,11.62,538.12,100,83,390
1184.17,COMP,934950,18.60,17.65,1,47.03,7.31,343.79,100,77,390
1185.17,COMP,935766,18.60,17.65,1,46.67,9.20,429.36,100,80,390
1186.20,COMP,936582,18.50,17.65,1,47.74,2.74,130.81,100,70,388
1187.22,COMP,937401,18.80,17.65,1,47.42,4.49,212.92,100,73,394
1188.24,COMP,938223,18.80,17.65,1,47.07,6.71,315.84,100,77,394
1189.25,COMP,939043,18.70,17.65,1,46.79,6.85,320.51,100,77,392
1190.27,COMP,939865,18.80,17.65,1,47.37,4.21,199.43,100,74,394
1191.29,COMP,940686,18.80,17.66,1,47.86,2.39,114.39,100,71,394
1192.31,COMP,941507,18.60,17.66,1,48.04,1.12,53.80,100,69,390
1193.32,COMP,942328,18.70,17.66,1,47.30,4.12,194.88,100,75,392
1194.34,COMP,943149,18.70,17.66,1,46.91,8.10,379.97,100,78,392
1195.37,COMP,943970,18.70,17.66,1,47.39,4.56,216.10,100,75,392
1196.39,COMP,944996,18.70,17.66,1,47.14,5.88,277.18,100,76,392
1197.41,COMP,945818,18.70,17.66,1,47.09,6.61,311.26,100,77,392
1198.43,COMP,946638,18.70,17.66,1,47.46,4.08,193.64,100,74,392
1199.44,COMP,947459,18.70,17.66,1,47.25,5.30,250.43,100,74,392
1200.47,COMP,948281,18.80,17.66,1,47.51,4.03,191.47,100,73,394
1201.49,COMP,949102,18.80,17.66,1,47.47,4.42,209.82,100,74,394
1202.50,COMP,949923,18.70,17.66,1,46.81,6.55,306.61,100,76,392
1203.52,COMP,950745,18.70,17.67,1,47.42,5.50,260.81,100,74,392
1204.53,COMP,951566,18.80,17.67,1,47.23,6.42,303.22,100,76,394
1205.54,COMP,952387,18.80,17.67,1,46.81,5.76,269.63,100,76,394
1206.55,COMP,953208,18.70,17.67,1,47.51,3.62,171.99,100,73,392
1207.57,COMP,954028,18.70,17.67,1,47.00,7.21,338.87,100,77,392
1208.59,COMP,954849,18.70,17.67,1,47.49,4.12,195.66,100,73,392
1209.61,COMP,955670,18.70,17.67,1,47.67,2.93,139.67,100,72,392
1210.62,COMP,956491,18.60,17.67,1,47.81,1.31,62.63,100,71,390
1211.65,COMP,957313,18.60,17.68,1,47.49,5.12,243.15,100,73,390
1212.68,COMP,958134,18.60,17.68,1,47.65,3.03,144.38,100,72,390
1213.70,COMP,958955,18.70,17.68,1,47.23,5.69,268.74,100,75,392
1214.73,COMP,959776,18.60,17.68,1,47.49,2.26,107.33,100,73,390
1215.73,COMP,960597,18.60,17.68,1,47.39,2.90,137.43,100,72,390
1216.75,COMP,961418,18.80,17.68,1,46.81,7.40,346.39,100,77,394
1217.77,COMP,962240,18.70,17.68,1,47.14,4.87,229.57,100,74,392
1218.79,COMP,963061,18.80,17.68,1,47.53,3.88,184.42,100,72,394
1219.80,COMP,963882,18.70,17.69,1,47.35,4.82,228.23,100,74,392
1220.82,COMP,964703,18.70,17.69,1,46.98,7.66,359.87,100,78,392
1221.85,COMP,965729,18.70,17.68,1,47.05,6.44,303.00,100,77,392
1222.86,COMP,966549,18.70,17.68,1,46.91,5.82,273.02,100,76,392
1223.88,COMP,967371,18.70,17.69,1,47.23,5.43,256.46,100,75,392
1224.91,COMP,968191,18.70,17.69,1,46.72,8.51,397.59,100,79,392
1225.94,COMP,969013,18.60,17.69,1,47.47,3.40,161.40,100,73,390
1226.96,COMP,969834,18.70,17.69,1,46.98,6.84,321.34,100,77,392
1227.98,COMP,970655,18.70,17.69,1,47.33,4.70,222.45,100,75,392
1229.00,COMP,971476,18.70,17.69,1,47.44,4.26,202.09,100,73,392
1230.02,COMP,972297,18.70,17.69,1,46.89,4.38,205.38,100,75,392
1231.04,COMP,973120,18.70,17.70,1,47.14,6.73,317.25,100,76,392
1232.06,COMP,973941,18.70,17.70,1,47.18,5.69,268.45,100,76,392
1233.07,COMP,974761,18.70,17.70,1,46.58,8.70,405.25,100,80,392
1234.09,COMP,975582,18.70,17.70,1,47.26,4.95,233.94,100,74,392
1235.12,COMP,976403,18.80,17.70,1,47.39,4.59,217.52,100,74,394
1236.13,COMP,977224,18.70,17.70,1,46.33,11.08,513.34,100,82,392
1237.15,COMP,978045,18.70,17.70,1,47.09,6.18,291.02,100,76,392
1238.17,COMP,978866,18.80,17.70,1,46.51,9.89,459.98,100,80,394
1239.20,COMP,979687,18.70,17.71,1,46.65,8.57,399.79,100,80,392
1240.22,COMP,980508,18.80,17.71,1,46.75,8.96,418.88,100,79,394
1241.24,COMP,981329,18.70,17.71,1,47.28,5.05,238.76,100,75,392
1242.26,COMP,982355,18.70,17.71,1,47.14,5.97,281.43,100,76,392
1243.28,COMP,983176,18.70,17.71,1,47.05,6.27,295.00,100,75,392
1244.29,COMP,983997,18.70,17.71,1,47.12,6.21,292.62,100,76,392
1245.32,COMP,984818,18.80,17.71,1,46.93,6.90,323.82,100,77,394
1246.33,COMP,985639,18.70,17.71,1,47.77,2.98,142.35,100,72,392
1247.35,COMP,986460,18.80,17.71,1,47.14,6.63,312.54,100,76,394
1248.37,COMP,987281,18.80,17.71,1,46.79,8.41,393.50,100,79,394
1249.40,COMP,988102,18.70,17.71,1,47.09,4.61,217.08,100,74,392
1250.42,COMP,988923,18.70,17.72,1,47.03,6.64,312.28,100,77,392
1251.44,COMP,989744,18.70,17.72,1,47.32,3.55,167.99,100,74,392
1252.45,COMP,990565,18.70,17.72,1,46.88,5.89,276.12,100,78,392
1253.48,COMP,991386,18.70,17.72,1,46.72,6.95,324.70,100,80,392
1254.50,COMP,992207,18.70,17.72,1,47.25,4.93,232.94,100,75,392
1255.50,COMP,993028,18.60,17.72,1,47.25,4.71,222.55,100,74,390
1256.50,COMP,993849,18.70,17.72,1,47.63,3.08,146.70,100,71,392
1257.52,COMP,994670,18.70,17.73,1,47.42,4.21,199.64,100,73,392
1258.54,COMP,995491,18.70,17.73,1,47.51,3.61,171.51,100,72,392
1259.56,COMP,996312,18.70,17.73,1,47.39,3.14,148.80,100,72,392
1260.58,COMP,997133,18.80,17.73,1,47.10,5.89,277.42,100,76,394
1261.60,COMP,997956,18.80,17.73,1,47.33,5.28,249.90,100,74,394
1262.62,COMP,998777,18.70,17.73,1,47.39,6.30,298.56,100,77,392
1263.65,COMP,999598,18.70,17.73,1,47.28,3.92,185.34,100,74,392
1264.67,COMP,1000419,18.80,17.74,1,47.19,5.91,278.89,100,75,394
1265.70,COMP,1001445,18.60,17.73,1,47.42,4.44,210.54,100,74,390
1266.71,COMP,1002266,18.60,17.73,1,47.00,5.33,250.51,100,76,390
1267.75,COMP,1003088,18.80,17.73,1,47.09,5.93,279.24,100,76,394
1268.76,COMP,1003909,18.70,17.74,1,47.63,4.65,221.48,100,73,392
1269.78,COMP,1004730,18.70,17.74,1,47.05,5.74,270.07,100,76,392
1270.80,COMP,1005551,18.80,17.74,1,47.46,3.77,178.92,100,73,394
1271.82,COMP,1006372,18.80,17.74,1,47.56,2.71,128.89,100,72,394
1272.85,COMP,1007193,18.70,17.74,1,46.65,8.56,399.32,100,79,392
1273.87,COMP,1008015,18.70,17.74,1,47.39,4.99,236.48,100,74,392
1274.89,COMP,1008837,18.80,17.75,1,47.03,6.37,299.58,100,77,394
1275.92,COMP,1009658,18.80,17.75,1,47.33,7.09,335.57,100,77,394
1276.93,COMP,1010479,18.60,17.75,1,47.05,6.09,286.53,100,77,390
1277.96,COMP,1011301,18.80,17.75,1,46.33,10.96,507.78,100,82,394
1278.98,COMP,1012126,18.70,17.75,1,47.39,3.33,157.81,100,72,392
1280.00,COMP,1012947,18.80,17.75,1,47.00,6.61,310.67,100,77,394
1281.02,COMP,1013769,18.70,17.75,1,47.33,3.76,177.96,100,73,392
1282.04,COMP,1014591,18.80,17.76,1,46.86,7.54,353.32,100,78,394
1283.05,COMP,1015417,18.80,17.76,1,47.39,4.45,210.89,100,73,394
1284.07,COMP,1016242,18.90,17.76,1,46.82,5.89,275.77,100,77,396
1285.09,COMP,1017068,18.80,17.76,1,46.79,7.55,353.26,100,79,394
1286.11,COMP,1018100,18.90,17.76,1,47.46,3.60,170.86,100,73,396
1287.13,COMP,1018925,18.70,17.76,1,47.60,3.68,175.17,100,72,392
1288.15,COMP,1019751,18.80,17.76,1,47.37,4.85,229.74,100,74,394
1289.17,COMP,1020576,18.80,17.76,1,47.60,2.81,133.76,100,72,394
1290.19,COMP,1021402,18.80,17.76,1,47.33,3.78,178.91,100,74,394
1291.21,COMP,1022228,18.80,17.76,1,47.35,4.27,202.18,100,74,394
1292.23,COMP,1023054,18.80,17.76,1,47.49,3.35,159.09,100,72,394
1293.25,COMP,1023879,18.80,17.77,1,47.53,3.36,159.70,100,73,394
1294.27,COMP,1024704,18.90,17.77,1,47.65,1.40,66.71,100,71,396
1295.29,COMP,1025530,18.80,17.77,1,47.46,3.38,160.41,100,73,394
1296.31,COMP,1026355,18.90,17.77,1,47.56,3.44,163.61,100,73,396
1297.31,COMP,1027180,18.90,17.77,1,47.46,2.73,129.57,100,72,396
1298.33,COMP,1028006,18.80,17.77,1,47.35,4.60,217.81,100,73,394
1299.35,COMP,1028831,18.80,17.77,1,47.25,4.80,226.80,100,75,394
1300.37,COMP,1029657,18.80,17.77,1,47.32,5.09,240.86,100,75,394
1301.38,COMP,1030482,18.70,17.78,1,47.76,2.66,127.04,100,71,392
1302.41,COMP,1031307,18.80,17.78,1,46.86,6.30,295.22,100,77,394
1303.43,COMP,1032133,18.80,17.78,1,47.03,5.71,268.54,100,77,394
1304.44,COMP,1032958,18.90,17.78,1,46.70,7.50,350.25,100,78,396
1305.47,COMP,1033784,18.80,17.78,1,46.91,6.43,301.63,100,78,394
1306.49,COMP,1034610,18.80,17.78,1,47.47,4.85,230.23,100,75,394
1307.51,COMP,1035435,18.80,17.79,1,47.63,3.64,173.37,100,73,394
1308.52,COMP,1036261,18.80,17.79,1,47.23,5.19,245.12,100,75,394
1309.54,COMP,1037086,18.80,17.79,1,47.03,5.90,277.48,100,76,394
1310.56,COMP,1038118,18.90,17.78,1,47.67,1.40,66.74,100,70,396
1311.58,COMP,1038943,18.90,17.79,1,47.47,3.72,176.59,100,74,396
1312.60,COMP,1039769,18.90,17.79,1,47.79,2.14,102.27,100,70,396
1313.63,COMP,1040594,18.80,17.79,1,47.65,2.78,132.47,100,72,394
1314.65,COMP,1041420,18.80,17.79,1,47.81,1.79,85.58,100,70,394
1315.67,COMP,1042245,18.70,17.79,1,47.54,3.87,183.98,100,73,392
1316.69,COMP,1043071,18.80,17.79,1,47.86,1.26,60.30,100,69,394
1317.72,COMP,1043897,18.80,17.79,1,47.72,2.29,109.28,100,70,394
1318.74,COMP,1044722,18.70,17.80,1,47.70,2.73,130.22,100,72,392
1319.76,COMP,1045548,18.80,17.80,1,47.30,4.45,210.48,100,74,394
1320.79,COMP,1046373,18.80,17.80,1,47.54,3.18,151.18,100,74,394
1321.81,COMP,1047199,18.80,17.80,1,47.67,2.95,140.63,100,72,394
1322.81,COMP,1048025,18.90,17.80,1,47.53,5.33,253.33,100,75,396
1323.83,COMP,1048850,18.80,17.80,1,47.74,2.85,136.06,100,71,394
1324.85,COMP,1049676,18.90,17.81,1,47.42,4.08,193.47,100,74,396
1325.88,COMP,1050501,18.90,17.81,1,47.56,3.67,174.55,100,74,396
1326.91,COMP,1051327,18.90,17.81,1,47.35,5.05,239.12,100,75,396
1327.92,COMP,1052153,18.80,17.81,1,47.77,2.76,131.85,100,72,394
1328.94,COMP,1052978,18.90,17.81,1,47.09,6.99,329.16,100,77,396
1329.96,COMP,1053803,18.90,17.81,1,46.49,9.05,420.73,100,80,396
1330.98,COMP,1054835,18.70,17.81,1,46.91,6.91,324.15,100,78,392
1332.00,COMP,1055661,18.80,17.81,1,47.62,2.36,112.38,100,73,394
1333.02,COMP,1056486,18.80,17.81,1,46.89,7.00,328.23,100,78,394
1334.04,COMP,1057311,18.80,17.81,1,47.16,4.72,222.60,100,75,394
1335.06,COMP,1058137,18.80,17.82,1,47.02,6.09,286.35,100,77,394
1336.08,COMP,1058963,18.80,17.82,1,47.00,6.51,305.97,100,77,394
1337.10,COMP,1059788,18.90,17.82,1,47.07,5.68,267.36,100,76,396
1338.10,COMP,1060614,18.80,17.82,1,47.42,4.46,211.49,100,74,394
1339.12,COMP,1061440,18.90,17.82,1,47.02,4.59,215.82,100,74,396
1340.14,COMP,1062265,18.80,17.82,1,47.16,5.07,239.10,100,76,394
1341.17,COMP,1063091,18.80,17.82,1,47.14,4.49,211.66,100,74,394
1342.19,COMP,1063917,18.70,17.83,1,47.56,2.57,122.23,100,72,392
1343.22,COMP,1064742,18.90,17.83,1,47.21,5.26,248.32,100,76,396
1344.25,COMP,1065567,18.80,17.83,1,47.16,5.04,237.69,100,75,394
1345.28,COMP,1066393,18.80,17.83,1,47.07,5.77,271.59,100,76,394
1346.30,COMP,1067219,18.80,17.83,1,47.79,2.16,103.23,100,71,394
1347.32,COMP,1068044,18.80,17.84,1,47.51,4.01,190.52,100,72,394
1348.35,COMP,1068869,18.90,17.84,1,47.33,4.40,208.25,100,74,396
1349.36,COMP,1069695,18.80,17.84,1,47.44,6.00,284.64,100,76,394
1350.38,COMP,1070727,18.80,17.83,1,47.35,3.61,170.93,100,74,394
1351.40,COMP,1071553,18.80,17.84,1,47.72,1.68,80.17,100,72,394
1352.42,COMP,1072379,18.80,17.84,1,47.49,2.60,123.47,100,72,394
1353.45,COMP,1073203,18.70,17.84,1,47.42,3.08,146.05,100,72,392
1354.48,COMP,1074029,18.80,17.84,1,47.44,3.70,175.53,100,74,394
1355.51,COMP,1074854,18.70,17.84,1,47.28,3.92,185.34,100,74,392
1356.54,COMP,1075680,18.70,17.84,1,47.60,2.55,121.38,100,72,392
1357.56,COMP,1076506,18.80,17.85,1,47.76,2.30,109.85,100,71,394
1358.59,COMP,1077331,18.80,17.85,1,47.90,1.16,55.56,100,69,394
1359.62,COMP,1078156,18.90,17.85,1,47.10,5.11,240.68,100,76,396
1360.64,COMP,1078982,18.90,17.85,1,47.18,5.39,254.30,100,76,396
1361.66,COMP,1079808,18.90,17.85,1,46.31,9.93,459.86,100,81,396
1362.67,COMP,1080639,18.90,17.86,1,46.84,8.00,374.72,100,79,396
1363.69,COMP,1081469,18.90,17.86,1,46.79,7.99,373.85,100,79,396
1364.71,COMP,1082299,18.90,17.86,1,47.18,5.29,249.58,100,76,396
1365.73,COMP,1083129,18.90,17.86,1,46.56,9.36,435.80,100,81,396
1366.74,COMP,1083959,18.90,17.86,1,46.54,8.84,411.41,100,80,396
1367.76,COMP,1084789,18.90,17.86,1,46.31,10.83,501.54,100,83,396
1368.79,COMP,1085826,18.90,17.86,1,46.16,11.95,551.61,100,84,396
1369.81,COMP,1086656,18.90,17.86,1,46.24,11.23,519.28,100,83,396
1370.84,COMP,1087485,19.00,17.86,1,45.89,11.27,517.18,100,84,398
1371.86,COMP,1088316,19.00,17.86,1,46.89,9.57,448.74,100,81,398
1372.89,COMP,1089145,19.00,17.87,1,46.68,7.69,358.97,100,79,398
1373.90,COMP,1089975,18.90,17.87,1,46.44,9.48,440.25,100,81,396
1374.92,COMP,1090805,19.00,17.87,1,46.44,9.85,457.43,100,81,398
1375.95,COMP,1091635,18.90,17.87,1,46.60,8.28,385.85,100,80,396
1376.97,COMP,1092465,19.00,17.87,1,46.07,11.93,549.62,100,84,398
1377.99,COMP,1093295,18.90,17.87,1,46.47,8.59,399.18,100,80,396
1379.00,COMP,1094125,18.90,17.87,1,46.67,7.79,363.56,100,78,396
1380.03,COMP,1094955,18.90,17.88,1,46.75,6.95,324.91,100,78,396
1381.05,COMP,1095785,18.90,17.88,1,46.91,5.50,258.00,100,77,396
1382.07,COMP,1096615,18.90,17.88,1,46.58,7.89,367.52,100,80,396
1383.09,COMP,1097445,18.80,17.88,1,46.88,6.44,301.91,100,77,394
1384.12,COMP,1098275,18.90,17.88,1,47.09,5.77,271.71,100,75,396
1385.13,COMP,1099105,18.90,17.89,1,46.82,6.98,326.80,100,78,396
1386.16,COMP,1099935,18.90,17.89,1,46.51,9.26,430.68,100,80,396
1387.18,COMP,1100765,18.90,17.89,1,46.35,9.49,439.86,100,81,396
1388.21,COMP,1101803,18.90,17.88,1,45.59,11.03,502.86,100,83,396
1389.21,COMP,1102633,18.90,17.89,1,46.88,9.75,457.08,100,81,396
1390.23,COMP,1103462,18.90,17.89,1,46.38,6.40,296.83,100,79,396
1391.26,COMP,1104292,18.90,17.89,1,45.89,10.21,468.54,100,83,396
1392.29,COMP,1105122,19.00,17.89,1,45.94,11.59,532.44,100,84,398
1393.31,COMP,1105952,18.90,17.89,1,46.68,5.43,253.47,100,77,396
1394.32,COMP,1106782,18.90,17.89,1,46.37,8.36,387.65,100,80,396
1395.34,COMP,1107612,18.90,17.90,1,46.44,8.98,417.03,100,80,396
1396.37,COMP,1108442,18.90,17.90,1,46.89,6.41,300.56,100,77,396
1397.39,COMP,1109272,18.90,17.90,1,46.91,5.57,261.29,100,76,396
1398.42,COMP,1110102,18.90,17.90,1,47.19,3.51,165.64,100,74,396
1399.42,COMP,1110932,18.80,17.90,1,47.10,5.01,235.97,100,75,394
1400.44,COMP,1111762,18.90,17.90,1,47.03,4.61,216.81,100,75,396
1401.46,COMP,1112592,18.90,17.91,1,46.86,5.98,280.22,100,77,396
1402.49,COMP,1113422,18.90,17.91,1,46.65,7.94,370.40,100,79,396
1403.51,COMP,1114252,19.00,17.91,1,47.05,7.18,337.82,100,78,398
1404.53,COMP,1115082,18.90,17.91,1,46.75,6.95,324.91,100,78,396
1405.55,COMP,1115912,18.90,17.91,1,46.65,7.76,362.00,100,79,396
1406.57,COMP,1116741,18.90,17.92,1,45.63,11.72,534.78,100,83,396
1407.57,COMP,1117572,19.00,17.92,1,46.65,7.02,327.48,100,79,398
1408.60,COMP,1118402,18.90,17.92,1,46.98,5.02,235.84,100,76,396
1409.62,COMP,1119438,18.80,17.91,1,47.21,1.96,92.53,100,72,394
1410.63,COMP,1120269,18.80,17.92,1,47.83,-0.02,-0.96,100,69,394
1411.66,COMP,1121102,18.90,17.92,1,47.77,-0.03,-1.43,100,68,396
1412.69,COMP,1121934,18.90,17.92,1,47.83,0.14,6.70,100,69,396
1413.71,COMP,1122766,18.90,17.92,1,47.37,2.41,114.16,100,72,396
1414.71,COMP,1123596,18.90,17.92,1,47.30,3.21,151.83,100,74,396
1415.74,COMP,1124426,18.90,17.92,1,46.35,9.65,447.28,100,83,396
1416.75,COMP,1125256,18.90,17.93,1,46.49,9.70,450.95,100,81,396
1417.78,COMP,1126086,18.80,17.93,1,47.03,4.60,216.34,100,76,394
1418.80,COMP,1126916,18.90,17.93,1,46.74,6.76,315.96,100,78,396
1419.82,COMP,1127746,18.80,17.93,1,47.23,4.78,225.76,100,76,394
1420.85,COMP,1128576,19.00,17.93,1,46.81,6.32,295.84,100,78,398
1421.87,COMP,1129406,18.90,17.94,1,46.75,6.87,321.17,100,78,396
1422.88,COMP,1130236,18.80,17.94,1,47.32,2.34,110.73,100,73,394
1423.91,COMP,1131066,18.90,17.94,1,47.49,2.61,123.95,100,73,396
1424.93,COMP,1131895,18.90,17.94,1,46.75,6.00,280.50,100,78,396
1425.95,COMP,1132725,18.90,17.94,1,47.25,4.15,196.09,100,74,396
1426.98,COMP,1133555,18.90,17.95,1,47.23,4.02,189.86,100,74,396
1427.99,COMP,1134385,18.90,17.95,1,46.89,5.58,261.65,100,77,396
1429.02,COMP,1135215,18.90,17.95,1,47.02,5.40,253.91,100,76,396
1430.04,COMP,1136252,18.90,17.94,1,46.86,7.16,335.52,100,77,396
1431.06,COMP,1137082,18.90,17.95,1,46.70,6.55,305.89,100,78,396
1432.08,COMP,1137913,19.10,17.95,1,45.80,11.72,536.78,100,84,400
1433.10,COMP,1138748,19.00,17.95,1,46.16,9.81,452.83,100,83,398
1434.12,COMP,1139581,18.80,17.95,1,45.47,12.37,562.46,100,85,394
1435.14,COMP,1140416,19.00,17.95,1,46.16,10.73,495.30,100,83,398
1436.16,COMP,1141250,19.00,17.95,1,46.19,9.33,430.95,100,82,398
1437.18,COMP,1142085,19.00,17.96,1,46.51,7.87,366.03,100,80,398
1438.20,COMP,1142920,19.10,17.96,1,46.53,4.93,229.39,100,77,400
1439.22,COMP,1143754,18.90,17.96,1,46.67,6.87,320.62,100,78,396
1440.23,COMP,1144588,19.00,17.96,1,46.51,6.11,284.18,100,79,398
1441.25,COMP,1145423,19.00,17.96,1,46.74,6.09,284.65,100,78,398
1442.27,COMP,1146258,19.00,17.97,1,46.75,6.52,304.81,100,79,398
1443.29,COMP,1147093,19.00,17.97,1,47.12,7.37,347.27,100,78,398
1444.31,COMP,1147927,18.90,17.97,1,46.93,5.76,270.32,100,77,396
1445.33,COMP,1148761,19.00,17.97,1,46.82,6.07,284.20,100,78,398
1446.36,COMP,1149595,19.10,17.97,1,46.51,7.05,327.90,100,79,400
1447.38,COMP,1150430,19.00,17.97,1,47.12,5.08,239.37,100,76,398
1448.40,COMP,1151264,18.90,17.98,1,46.91,6.01,281.93,100,77,396
1449.43,COMP,1152098,18.90,17.98,1,46.70,6.43,300.28,100,77,396
1450.44,COMP,1152933,19.10,17.98,1,47.09,4.47,210.49,100,75,400
1451.46,COMP,1153976,19.00,17.98,1,46.82,4.72,220.99,100,76,398
1452.49,COMP,1154810,19.00,17.98,1,46.63,7.09,330.61,100,79,398
1453.52,COMP,1155644,19.00,17.98,1,47.21,3.22,152.02,100,74,398
1454.54,COMP,1156479,19.00,17.98,1,47.33,4.67,221.03,100,75,398
1455.56,COMP,1157313,19.00,17.98,1,46.89,5.70,267.27,100,77,398
1456.58,COMP,1158147,19.00,17.99,1,47.19,3.50,165.16,100,75,398
1457.60,COMP,1158981,19.00,17.99,1,46.54,5.95,276.91,100,77,398
1458.62,COMP,1159816,19.00,17.99,1,46.79,6.41,299.92,100,77,398
1459.65,COMP,1160650,18.90,17.99,1,47.07,4.68,220.29,100,75,396
1460.66,COMP,1161485,19.10,17.99,1,47.30,4.99,236.03,100,75,400
1461.68,COMP,1162319,19.00,17.99,1,47.33,2.53,119.74,100,73,398
1462.70,COMP,1163153,19.00,18.00,1,47.51,3.14,149.18,100,72,398
1463.72,COMP,1163988,19.00,18.00,1,47.02,3.50,164.57,100,75,398
1464.73,COMP,1164822,19.00,18.00,1,47.14,3.96,186.67,100,75,398
1465.76,COMP,1165656,19.00,18.00,1,47.18,2.60,122.67,100,73,398
1466.79,COMP,1166491,18.90,18.00,1,46.86,5.96,279.29,100,77,396
1467.82,COMP,1167325,19.00,18.01,1,46.82,6.04,282.79,100,77,398
1468.84,COMP,1168159,18.90,18.01,1,45.94,8.74,401.52,100,82,396
1469.87,COMP,1169202,19.00,18.00,1,46.88,4.62,216.59,100,75,398
1470.88,COMP,1170037,19.00,18.01,1,46.33,6.41,296.98,100,78,398
1471.92,COMP,1170872,19.10,18.01,1,46.82,6.02,281.86,100,77,400
1472.94,COMP,1171706,19.00,18.01,1,46.68,7.31,341.23,100,79,398
1473.97,COMP,1172541,19.00,18.01,1,47.23,5.08,239.93,100,77,398
1474.99,COMP,1173374,19.00,18.01,1,46.49,7.20,334.73,100,79,398
1476.01,COMP,1174209,19.10,18.02,1,47.10,4.92,231.73,100,75,400
1477.04,COMP,1175043,19.00,18.02,1,47.16,3.74,176.38,100,75,398
1478.06,COMP,1175877,18.90,18.02,1,46.47,5.90,274.17,100,78,396
1479.08,COMP,1176712,19.00,18.02,1,46.68,5.02,234.33,100,76,398
1480.11,COMP,1177547,19.00,18.03,1,46.56,7.01,326.39,100,79,398
1481.12,COMP,1178381,18.90,18.03,1,46.60,7.40,344.84,100,79,396
1482.12,COMP,1179216,18.80,18.03,1,47.00,6.37,299.39,100,79,394
1483.15,COMP,1180050,19.10,18.03,1,46.16,10.25,473.14,100,84,400
1484.17,COMP,1180884,19.00,18.03,1,46.19,7.99,369.06,100,81,398
1485.20,COMP,1181719,18.90,18.04,1,46.58,7.44,346.56,100,80,396
1486.22,COMP,1182553,19.00,18.04,1,46.26,8.18,378.41,100,80,398
1487.24,COMP,1183388,19.00,18.04,1,46.51,8.03,373.48,100,80,398
1488.26,COMP,1184430,18.90,18.03,1,47.21,2.62,123.69,100,73,396
1489.29,COMP,1185264,19.00,18.04,1,46.74,5.55,259.41,100,78,398
1490.32,COMP,1186099,19.00,18.04,1,46.51,6.77,314.87,100,80,398
1491.35,COMP,1186933,19.00,18.04,1,46.79,5.65,264.36,100,77,398
1492.37,COMP,1187767,18.90,18.04,1,46.40,6.20,287.68,100,79,396
1493.40,COMP,1188602,19.00,18.05,1,46.63,7.00,326.41,100,79,398
1494.42,COMP,1189436,18.80,18.05,1,46.16,9.14,421.90,100,83,394
1495.45,COMP,1190271,19.10,18.05,1,45.56,11.80,537.61,100,85,400
1496.46,COMP,1191111,19.10,18.05,1,46.40,8.44,391.62,100,81,400
1497.49,COMP,1191950,19.10,18.05,1,46.60,6.22,289.85,100,78,400
1498.51,COMP,1192790,19.10,18.06,1,46.79,5.94,277.93,100,78,400
1499.53,COMP,1193629,19.10,18.06,1,46.70,6.67,311.49,100,79,400
1500.55,COMP,1194468,19.10,18.06,1,47.02,4.55,213.94,100,76,400
1501.56,COMP,1195308,19.10,18.06,1,47.05,3.75,176.44,100,75,400
1502.58,COMP,1196147,19.10,18.06,1,46.98,4.01,188.39,100,76,400
1503.60,COMP,1196987,19.10,18.07,1,46.88,5.23,245.18,100,76,400
1504.62,COMP,1197826,19.00,18.07,1,46.86,4.73,221.65,100,77,398
1505.64,COMP,1198665,19.10,18.07,1,46.47,7.48,347.60,100,80,400
1506.67,COMP,1199714,19.10,18.06,1,46.61,6.94,323.47,100,79,400
1507.69,COMP,1200553,19.10,18.07,1,46.74,5.86,273.90,100,78,400
1508.72,COMP,1201392,19.20,18.07,1,46.40,6.57,304.85,100,79,402
1509.74,COMP,1202231,19.00,18.07,1,46.24,7.45,344.49,100,79,398
1510.75,COMP,1203071,19.10,18.07,1,47.23,3.19,150.66,100,74,400
1511.78,COMP,1203911,19.10,18.07,1,46.26,7.01,324.28,100,79,400
1512.80,COMP,1204750,19.10,18.08,1,46.63,6.37,297.03,100,79,400
1513.82,COMP,1205589,19.10,18.08,1,46.17,9.50,438.62,100,82,400
1514.85,COMP,1206429,19.20,18.08,1,46.74,6.48,302.88,100,78,402
1515.88,COMP,1207268,19.10,18.08,1,46.91,5.24,245.81,100,77,400
1516.91,COMP,1208107,19.10,18.09,1,46.81,5.14,240.60,100,76,400
1517.93,COMP,1208947,19.00,18.09,1,47.02,3.98,187.14,100,76,398
1518.94,COMP,1209786,19.20,18.09,1,45.56,8.82,401.84,100,88,402
1519.96,COMP,1210626,19.10,18.09,1,46.75,6.70,313.23,100,78,400
1520.97,COMP,1211465,19.10,18.09,1,46.58,7.32,340.97,100,80,400
1521.98,COMP,1212304,19.00,18.10,1,46.81,4.75,222.35,100,77,398
1523.01,COMP,1213143,19.10,18.10,1,47.07,4.04,190.16,100,75,400
1524.02,COMP,1213982,19.10,18.10,1,46.86,4.27,200.09,100,77,400
1525.04,COMP,1214821,19.10,18.10,1,46.75,5.84,273.02,100,78,400
1526.07,COMP,1215660,19.10,18.11,1,46.17,7.52,347.20,100,80,400
1527.09,COMP,1216709,19.20,18.10,1,46.74,6.38,298.20,100,77,402
1528.11,COMP,1217548,19.10,18.10,1,46.86,3.81,178.54,100,75,400
1529.14,COMP,1218387,19.10,18.10,1,46.23,7.61,351.81,100,80,400
1530.17,COMP,1219227,19.00,18.11,1,47.18,3.68,173.62,100,75,398
1531.18,COMP,1220067,19.00,18.11,1,46.68,5.39,251.61,100,79,398
1532.19,COMP,1220907,19.10,18.11,1,46.95,4.11,192.96,100,77,400
1533.21,COMP,1221746,19.10,18.11,1,46.88,5.66,265.34,100,77,400
1534.24,COMP,1222585,19.10,18.11,1,46.44,7.01,325.54,100,79,400
1535.27,COMP,1223425,19.10,18.12,1,46.42,5.60,259.95,100,78,400
1536.29,COMP,1224264,19.30,18.12,1,46.26,9.02,417.27,100,83,404
1537.31,COMP,1225103,19.20,18.12,1,46.75,5.44,254.32,100,78,402
1538.33,COMP,1225942,19.20,18.12,1,46.51,6.67,310.22,100,79,402
1539.35,COMP,1226781,19.00,18.13,1,47.16,4.34,204.67,100,75,398
1540.36,COMP,1227620,19.00,18.13,1,46.93,4.49,210.72,100,74,398
1541.38,COMP,1228460,19.20,18.13,1,46.81,5.50,257.46,100,78,402
1542.40,COMP,1229299,19.10,18.13,1,46.60,6.49,302.43,100,79,400
1543.42,COMP,1230138,19.10,18.14,1,46.03,8.38,385.73,100,81,400
1544.45,COMP,1230978,19.10,18.14,1,46.67,5.90,275.35,100,79,400
1545.47,COMP,1231817,19.10,18.14,1,46.74,6.08,284.18,100,78,400
1546.49,COMP,1232866,18.90,18.13,1,47.18,2.30,108.51,100,74,396
1547.52,COMP,1233705,19.00,18.14,1,47.18,3.09,145.79,100,74,398
1548.56,COMP,1234544,19.10,18.14,1,46.60,6.76,315.02,100,79,400
1549.59,COMP,1235383,19.10,18.14,1,46.17,8.23,379.98,100,82,400
1550.61,COMP,1236223,19.10,18.15,1,46.72,9.01,420.95,100,82,400
1551.64,COMP,1237062,19.10,18.15,1,46.65,6.91,322.35,100,78,400
1552.67,COMP,1237903,19.20,18.15,1,46.33,8.19,379.44,100,81,402
1553.69,COMP,1238747,19.20,18.15,1,47.03,4.29,201.76,100,76,402
1554.70,COMP,1239590,19.20,18.15,1,46.51,6.60,306.97,100,79,402
1555.73,COMP,1240434,19.20,18.16,1,46.88,4.90,229.71,100,77,402
1556.75,COMP,1241277,19.10,18.16,1,46.74,3.62,169.20,100,76,400
1557.77,COMP,1242120,19.20,18.16,1,46.65,5.75,268.24,100,79,402
1558.79,COMP,1242963,19.10,18.16,1,46.97,4.40,206.67,100,76,400
1559.80,COMP,1243807,19.20,18.17,1,46.46,7.28,338.23,100,81,402
1560.83,COMP,1244651,19.20,18.17,1,46.58,7.27,338.64,100,80,402
1561.85,COMP,1245495,19.10,18.17,1,46.75,6.21,290.32,100,78,400
1562.88,COMP,1246549,19.20,18.16,1,46.53,6.65,309.42,100,80,402
1563.90,COMP,1247393,19.20,18.17,1,46.79,5.49,256.88,100,78,402
1564.93,COMP,1248236,19.20,18.17,1,46.97,5.29,248.47,100,76,402
1565.95,COMP,1249079,19.20,18.17,1,46.51,7.49,348.36,100,80,402
1566.95,COMP,1249922,19.20,18.17,1,46.40,7.18,333.15,100,80,402
1567.98,COMP,1250766,19.10,18.18,1,47.00,4.22,198.34,100,76,400
1569.01,COMP,1251609,19.20,18.18,1,47.37,2.00,94.74,100,73,402
1570.04,COMP,1252452,19.20,18.18,1,46.51,6.44,299.52,100,79,402
1571.07,COMP,1253296,19.10,18.18,1,46.77,4.83,225.90,100,77,400
1572.07,COMP,1254140,19.10,18.19,1,47.00,3.74,175.78,100,76,400
1573.09,COMP,1254983,19.20,18.19,1,46.75,5.66,264.60,100,79,402
1574.10,COMP,1255826,19.20,18.19,1,46.74,5.61,262.21,100,78,402
1575.12,COMP,1256670,19.20,18.19,1,46.75,6.55,306.21,100,78,402
1576.15,COMP,1257513,19.10,18.20,1,46.91,5.01,235.02,100,77,400
1577.18,COMP,1258356,19.20,18.20,1,47.23,2.98,140.75,100,74,402
1578.20,COMP,1259199,19.30,18.20,1,46.65,6.18,288.30,100,78,404
1579.23,COMP,1260043,19.20,18.20,1,46.95,4.26,200.01,100,76,402
1580.25,COMP,1260886,19.10,18.21,1,47.09,2.86,134.68,100,74,400
1581.28,COMP,1261940,19.10,18.20,1,47.14,3.48,164.05,100,74,400
1582.29,COMP,1262783,19.20,18.20,1,46.74,6.33,295.86,100,79,402
1583.29,COMP,1263626,19.10,18.20,1,47.05,4.17,196.20,100,76,400
1584.33,COMP,1264469,19.10,18.21,1,47.14,3.67,173.00,100,76,400
1585.36,COMP,1265313,19.20,18.21,1,47.05,3.04,143.03,100,76,402
1586.37,COMP,1266155,19.20,18.21,1,46.53,5.57,259.17,100,78,402
1587.39,COMP,1266999,19.10,18.22,1,47.19,3.24,152.90,100,75,400
1588.39,COMP,1267842,19.10,18.22,1,46.65,6.12,285.50,100,79,400
1589.39,COMP,1268686,19.20,18.22,1,46.98,3.81,178.99,100,75,402
1590.42,COMP,1269529,19.20,18.22,1,47.12,4.20,197.90,100,75,402
1591.45,COMP,1270373,19.20,18.22,1,46.46,6.81,316.39,100,81,402
1592.47,COMP,1271216,19.20,18.23,1,47.02,3.98,187.14,100,76,402
1593.49,COMP,1272060,19.10,18.23,1,47.28,2.32,109.69,100,74,400
1594.51,COMP,1272903,19.20,18.23,1,46.63,5.92,276.05,100,80,402
1595.54,COMP,1273746,19.10,18.24,1,46.60,4.81,224.15,100,77,400
1596.54,COMP,1274590,19.20,18.24,1,46.77,4.73,221.22,100,77,402
1597.57,COMP,1275433,19.20,18.24,1,46.79,5.58,261.09,100,78,402
1598.57,COMP,1276277,19.30,18.24,1,47.46,1.64,77.83,100,71,404
1599.60,COMP,1277120,19.10,18.25,1,46.95,4.45,208.93,100,76,400
1600.62,COMP,1277963,19.20,18.25,1,46.82,4.85,227.08,100,78,402
1601.64,COMP,1278807,19.40,18.25,1,46.24,10.00,462.40,100,83,406
1602.67,COMP,1279654,19.10,18.25,1,47.51,0.25,11.88,100,71,400
1603.68,COMP,1280497,19.20,18.26,1,46.67,5.72,266.95,100,79,402
1604.70,COMP,1281340,19.30,18.26,1,46.44,7.02,326.01,100,80,404
1605.72,COMP,1282397,19.30,18.25,1,46.67,4.70,219.35,100,77,404
1606.74,COMP,1283244,19.20,18.25,1,46.75,5.38,251.52,100,79,402
1607.76,COMP,1284092,19.30,18.26,1,46.54,6.75,314.15,100,81,404
1608.79,COMP,1284939,19.30,18.26,1,46.31,9.61,445.04,100,83,404
1609.81,COMP,1285786,19.20,18.26,1,46.58,6.66,310.22,100,80,402
1610.83,COMP,1286634,19.30,18.26,1,46.23,9.16,423.47,100,83,404
1611.85,COMP,1287482,19.30,18.27,1,46.68,5.95,277.75,100,79,404
1612.87,COMP,1288330,19.30,18.27,1,46.53,4.53,210.78,100,77,404
1613.90,COMP,1289177,19.20,18.27,1,46.70,5.59,261.05,100,78,402
1614.93,COMP,1290025,19.40,18.28,1,46.37,5.90,273.58,100,79,406
1615.96,COMP,1290873,19.30,18.28,1,46.54,6.51,302.98,100,81,404
1616.99,COMP,1291721,19.30,18.28,1,47.07,4.31,202.87,100,76,404
1618.02,COMP,1292569,19.20,18.29,1,47.37,1.42,67.27,100,73,402
1619.05,COMP,1293417,19.40,18.29,1,47.09,5.87,276.42,100,78,406
1620.08,COMP,1294264,19.20,18.29,1,47.03,3.51,165.08,100,75,402
1621.08,COMP,1295112,19.20,18.29,1,47.16,2.12,99.98,100,74,402
1622.09,COMP,1295960,19.20,18.30,1,46.82,4.86,227.55,100,77,402
1623.12,COMP,1297020,19.40,18.29,1,46.61,5.53,257.75,100,79,406
1624.13,COMP,1297868,19.20,18.29,1,47.02,3.58,168.33,100,77,402
1625.16,COMP,1298715,19.30,18.29,1,46.16,7.39,341.12,100,81,404
1626.20,COMP,1299563,19.20,18.30,1,46.65,5.75,268.24,100,79,402
1627.23,COMP,1300411,19.30,18.30,1,46.72,9.00,420.48,100,83,404
1628.26,COMP,1301259,19.30,18.30,1,46.81,3.57,167.11,100,77,404
1629.28,COMP,1302106,19.20,18.31,1,47.14,3.42,161.22,100,75,402
1630.31,COMP,1302954,19.30,18.31,1,47.19,2.93,138.27,100,75,404
1631.34,COMP,1303802,19.20,18.31,1,46.93,4.57,214.47,100,77,402
1632.36,COMP,1304649,19.30,18.32,1,46.38,6.52,302.40,100,81,404
1633.39,COMP,1305497,19.30,18.32,1,46.82,4.94,231.29,100,78,404
1634.40,COMP,1306345,19.30,18.32,1,46.72,5.30,247.62,100,79,404
1635.40,COMP,1307193,19.30,18.32,1,47.00,4.16,195.52,100,77,404
1636.43,COMP,1308040,19.30,18.33,1,46.98,3.67,172.42,100,77,404
1637.45,COMP,1308888,19.30,18.33,1,47.28,2.20,104.02,100,74,404
1638.48,COMP,1309735,19.10,18.33,1,46.88,4.09,191.74,100,78,400
1639.51,COMP,1310795,19.30,18.33,1,47.16,3.26,153.74,100,75,404
1640.55,COMP,1311643,19.20,18.33,1,47.05,3.58,168.44,100,76,402
1641.58,COMP,1312490,19.20,18.33,1,46.60,5.54,258.16,100,77,402
1642.61,COMP,1313339,19.30,18.34,1,47.42,1.12,53.11,100,73,404
1643.63,COMP,1314186,19.30,18.34,1,46.77,5.28,246.95,100,78,404
1644.64,COMP,1315034,19.30,18.34,1,46.49,7.33,340.77,100,81,404
1645.66,COMP,1315881,19.30,18.35,1,46.24,6.98,322.76,100,80,404
1646.67,COMP,1316731,19.60,18.35,1,46.24,8.55,395.35,100,82,411
1647.69,COMP,1317583,19.40,18.35,1,46.30,6.88,318.54,100,81,406
1648.71,COMP,1318434,19.20,18.35,1,46.35,6.35,294.32,100,79,402
1649.74,COMP,1319281,19.20,18.36,1,46.61,5.73,267.08,100,79,402
1650.77,COMP,1320131,19.40,18.36,1,46.89,4.44,208.19,100,77,406
1651.79,COMP,1320984,19.40,18.36,1,46.49,6.53,303.58,100,80,406
1652.81,COMP,1321836,19.30,18.37,1,46.81,4.42,206.90,100,76,404
1653.84,COMP,1322689,19.30,18.37,1,47.02,6.55,307.98,100,79,404
1654.85,COMP,1323541,19.30,18.37,1,46.53,6.17,287.09,100,80,404
1655.87,COMP,1324393,19.30,18.38,1,46.30,7.59,351.42,100,82,404
1656.89,COMP,1325246,19.40,18.38,1,46.33,6.55,303.46,100,79,406
1657.92,COMP,1326311,19.30,18.37,1,46.16,6.06,279.73,100,81,404
1658.93,COMP,1327163,19.30,18.37,1,46.47,6.80,316.00,100,81,404
1659.93,COMP,1328015,19.40,18.38,1,46.10,10.13,466.99,100,84,406
1660.93,COMP,1328867,19.40,18.38,1,46.33,8.40,389.17,100,81,406
1661.96,COMP,1329719,19.40,18.38,1,46.86,4.97,232.89,100,78,406
1662.99,COMP,1330571,19.30,18.38,1,46.44,7.44,345.51,100,80,404
1664.00,COMP,1331423,19.30,18.39,1,46.16,8.72,402.52,100,83,404
1665.00,COMP,1332276,19.40,18.39,1,45.96,9.91,455.46,100,85,406
1666.03,COMP,1333128,19.30,18.39,1,45.98,6.68,307.15,100,83,404
1667.05,COMP,1333980,19.30,18.40,1,46.12,9.25,426.61,100,82,404
1668.07,COMP,1334832,19.40,18.40,1,45.42,10.74,487.81,100,85,406
1669.10,COMP,1335684,19.30,18.40,1,45.87,7.11,326.14,100,82,404
1670.10,COMP,1336536,19.30,18.41,1,46.28,6.29,291.10,100,80,404
1671.13,COMP,1337388,19.30,18.41,1,45.59,10.28,468.67,100,85,404
1672.15,COMP,1338241,19.40,18.41,1,46.08,9.00,414.72,100,84,406
1673.17,COMP,1339093,19.40,18.41,1,45.89,10.62,487.35,100,85,406
1674.17,COMP,1339946,19.40,18.42,1,47.21,1.70,80.26,100,73,406
1675.19,COMP,1340798,19.40,18.42,1,46.60,5.64,262.82,100,79,406
1676.22,COMP,1341650,19.40,18.42,1,46.40,6.97,323.41,100,81,406
1677.24,COMP,1342502,19.40,18.43,1,45.82,9.80,449.04,100,85,406
1678.26,COMP,1343355,19.60,18.43,1,46.05,7.56,348.14,100,81,411
1679.29,COMP,1344207,19.40,18.43,1,47.02,4.40,206.89,100,78,406
1680.31,COMP,1345059,19.40,18.44,1,46.51,5.96,277.20,100,80,406
1681.34,COMP,1345912,19.40,18.44,1,46.40,6.64,308.10,100,80,406
1682.37,COMP,1346977,19.30,18.43,1,46.75,5.01,234.22,100,78,404
1683.40,COMP,1347830,19.40,18.44,1,46.79,3.53,165.17,100,78,406
1684.40,COMP,1348682,19.30,18.44,1,46.49,6.35,295.21,100,81,404
1685.40,COMP,1349536,19.60,18.44,1,46.42,6.67,309.62,100,80,411
1686.44,COMP,1350392,19.40,18.45,1,46.58,5.71,265.97,100,79,406
1687.46,COMP,1351248,19.60,18.45,1,46.08,7.66,352.97,100,83,411
1688.48,COMP,1352103,19.30,18.45,1,46.65,5.51,257.04,100,79,404
1689.50,COMP,1352958,19.60,18.46,1,47.07,3.46,162.86,100,76,411
1690.53,COMP,1353814,19.60,18.46,1,46.54,6.28,292.27,100,79,411
1691.55,COMP,1354671,19.60,18.46,1,46.46,7.38,342.87,100,81,411
1692.56,COMP,1355527,19.40,18.47,1,47.32,1.53,72.40,100,73,406
1693.58,COMP,1356383,19.40,18.47,1,46.95,4.05,190.15,100,76,406
1694.61,COMP,1357240,19.60,18.47,1,46.38,6.93,321.41,100,81,411
1695.62,COMP,1358097,19.40,18.48,1,46.75,7.07,330.52,100,82,406
1696.62,COMP,1358953,19.40,18.48,1,46.51,6.64,308.83,100,80,406
1697.63,COMP,1359810,19.40,18.48,1,46.86,3.84,179.94,100,77,406
1698.64,COMP,1360666,19.30,18.48,1,46.44,5.05,234.52,100,81,404
1699.64,COMP,1361523,19.40,18.49,1,46.10,8.54,393.69,100,84,406